2026-06-10 08:01:01,385 - INFO - 88 models loaded
2026-06-10 08:01:01,386 - INFO - LOADED: AdaBoostClassifier
2026-06-10 08:01:01,386 - INFO - LOADED: BaggingClassifier
2026-06-10 08:01:01,386 - INFO - LOADED: BernoulliNB
2026-06-10 08:01:01,386 - INFO - LOADED: CalibratedClassifierCV
2026-06-10 08:01:01,386 - INFO - LOADED: CategoricalNB
2026-06-10 08:01:01,386 - INFO - LOADED: ClassifierChain
2026-06-10 08:01:01,386 - INFO - LOADED: ComplementNB
2026-06-10 08:01:01,386 - INFO - LOADED: DecisionTreeClassifier
2026-06-10 08:01:01,386 - INFO - LOADED: DummyClassifier
2026-06-10 08:01:01,386 - INFO - LOADED: ExtraTreeClassifier
2026-06-10 08:01:01,386 - INFO - LOADED: ExtraTreesClassifier
2026-06-10 08:01:01,387 - INFO - LOADED: GaussianNB
2026-06-10 08:01:01,387 - INFO - LOADED: GaussianProcessClassifier
2026-06-10 08:01:01,387 - INFO - LOADED: GradientBoostingClassifier
2026-06-10 08:01:01,387 - INFO - LOADED: HistGradientBoostingClassifier
2026-06-10 08:01:01,387 - INFO - LOADED: KNeighborsClassifier
2026-06-10 08:01:01,387 - INFO - LOADED: LabelPropagation
2026-06-10 08:01:01,387 - INFO - LOADED: LabelSpreading
2026-06-10 08:01:01,387 - INFO - LOADED: LinearDiscriminantAnalysis
2026-06-10 08:01:01,387 - INFO - LOADED: LinearSVC
2026-06-10 08:01:01,387 - INFO - LOADED: LogisticRegression
2026-06-10 08:01:01,387 - INFO - LOADED: LogisticRegressionCV
2026-06-10 08:01:01,387 - INFO - LOADED: MLPClassifier
2026-06-10 08:01:01,387 - INFO - LOADED: MultinomialNB
2026-06-10 08:01:01,387 - INFO - LOADED: NearestCentroid
2026-06-10 08:01:01,387 - INFO - LOADED: NuSVC
2026-06-10 08:01:01,387 - INFO - LOADED: PassiveAggressiveClassifier
2026-06-10 08:01:01,387 - INFO - LOADED: Perceptron
2026-06-10 08:01:01,387 - INFO - LOADED: QuadraticDiscriminantAnalysis
2026-06-10 08:01:01,387 - INFO - LOADED: RadiusNeighborsClassifier
2026-06-10 08:01:01,387 - INFO - LOADED: RandomForestClassifier
2026-06-10 08:01:01,387 - INFO - LOADED: RidgeClassifier
2026-06-10 08:01:01,387 - INFO - LOADED: RidgeClassifierCV
2026-06-10 08:01:01,387 - INFO - LOADED: SGDClassifier
2026-06-10 08:01:01,387 - INFO - LOADED: SVC
2026-06-10 08:01:01,387 - INFO - LOADED: SelfTrainingClassifier
2026-06-10 08:01:01,387 - INFO - LOADED: ARDRegression
2026-06-10 08:01:01,387 - INFO - LOADED: AdaBoostRegressor
2026-06-10 08:01:01,387 - INFO - LOADED: BaggingRegressor
2026-06-10 08:01:01,387 - INFO - LOADED: BayesianRidge
2026-06-10 08:01:01,388 - INFO - LOADED: CCA
2026-06-10 08:01:01,388 - INFO - LOADED: DecisionTreeRegressor
2026-06-10 08:01:01,388 - INFO - LOADED: DummyRegressor
2026-06-10 08:01:01,388 - INFO - LOADED: ElasticNet
2026-06-10 08:01:01,388 - INFO - LOADED: ElasticNetCV
2026-06-10 08:01:01,388 - INFO - LOADED: ExtraTreeRegressor
2026-06-10 08:01:01,388 - INFO - LOADED: ExtraTreesRegressor
2026-06-10 08:01:01,388 - INFO - LOADED: GammaRegressor
2026-06-10 08:01:01,388 - INFO - LOADED: GaussianProcessRegressor
2026-06-10 08:01:01,388 - INFO - LOADED: GradientBoostingRegressor
2026-06-10 08:01:01,388 - INFO - LOADED: HistGradientBoostingRegressor
2026-06-10 08:01:01,388 - INFO - LOADED: HuberRegressor
2026-06-10 08:01:01,388 - INFO - LOADED: IsotonicRegression
2026-06-10 08:01:01,388 - INFO - LOADED: KNeighborsRegressor
2026-06-10 08:01:01,388 - INFO - LOADED: KernelRidge
2026-06-10 08:01:01,388 - INFO - LOADED: Lars
2026-06-10 08:01:01,388 - INFO - LOADED: LarsCV
2026-06-10 08:01:01,388 - INFO - LOADED: Lasso
2026-06-10 08:01:01,388 - INFO - LOADED: LassoCV
2026-06-10 08:01:01,388 - INFO - LOADED: LassoLars
2026-06-10 08:01:01,388 - INFO - LOADED: LassoLarsCV
2026-06-10 08:01:01,388 - INFO - LOADED: LassoLarsIC
2026-06-10 08:01:01,388 - INFO - LOADED: LinearRegression
2026-06-10 08:01:01,388 - INFO - LOADED: LinearSVR
2026-06-10 08:01:01,388 - INFO - LOADED: MLPRegressor
2026-06-10 08:01:01,388 - INFO - LOADED: MultiTaskElasticNet
2026-06-10 08:01:01,388 - INFO - LOADED: MultiTaskElasticNetCV
2026-06-10 08:01:01,388 - INFO - LOADED: MultiTaskLasso
2026-06-10 08:01:01,388 - INFO - LOADED: MultiTaskLassoCV
2026-06-10 08:01:01,389 - INFO - LOADED: NuSVR
2026-06-10 08:01:01,389 - INFO - LOADED: OrthogonalMatchingPursuit
2026-06-10 08:01:01,389 - INFO - LOADED: OrthogonalMatchingPursuitCV
2026-06-10 08:01:01,389 - INFO - LOADED: PLSCanonical
2026-06-10 08:01:01,389 - INFO - LOADED: PLSRegression
2026-06-10 08:01:01,389 - INFO - LOADED: PassiveAggressiveRegressor
2026-06-10 08:01:01,389 - INFO - LOADED: PoissonRegressor
2026-06-10 08:01:01,389 - INFO - LOADED: QuantileRegressor
2026-06-10 08:01:01,389 - INFO - LOADED: RANSACRegressor
2026-06-10 08:01:01,389 - INFO - LOADED: RadiusNeighborsRegressor
2026-06-10 08:01:01,389 - INFO - LOADED: RandomForestRegressor
2026-06-10 08:01:01,389 - INFO - LOADED: RegressorChain
2026-06-10 08:01:01,389 - INFO - LOADED: Ridge
2026-06-10 08:01:01,389 - INFO - LOADED: RidgeCV
2026-06-10 08:01:01,389 - INFO - LOADED: SGDRegressor
2026-06-10 08:01:01,389 - INFO - LOADED: SVR
2026-06-10 08:01:01,389 - INFO - LOADED: TheilSenRegressor
2026-06-10 08:01:01,389 - INFO - LOADED: TransformedTargetRegressor
2026-06-10 08:01:01,389 - INFO - LOADED: TweedieRegressor
2026-06-10 08:01:01,389 - INFO - ---
2026-06-10 08:01:01,389 - INFO - ---11 models failed to load
2026-06-10 08:01:01,389 - INFO - FAILED: FixedThresholdClassifier
2026-06-10 08:01:01,389 - INFO - FAILED: MultiOutputClassifier
2026-06-10 08:01:01,390 - INFO - FAILED: OneVsOneClassifier
2026-06-10 08:01:01,390 - INFO - FAILED: OneVsRestClassifier
2026-06-10 08:01:01,390 - INFO - FAILED: OutputCodeClassifier
2026-06-10 08:01:01,390 - INFO - FAILED: StackingClassifier
2026-06-10 08:01:01,390 - INFO - FAILED: TunedThresholdClassifierCV
2026-06-10 08:01:01,390 - INFO - FAILED: VotingClassifier
2026-06-10 08:01:01,390 - INFO - FAILED: MultiOutputRegressor
2026-06-10 08:01:01,390 - INFO - FAILED: StackingRegressor
2026-06-10 08:01:01,390 - INFO - FAILED: VotingRegressor
2026-06-10 08:01:37,693 - INFO - Found 25 RQ columns
2026-06-10 08:01:37,694 - INFO - Evaluating AdaBoostClassifier...
2026-06-10 08:02:32,154 - INFO - Evaluating BaggingClassifier...
2026-06-10 08:02:49,495 - INFO - Evaluating BernoulliNB...
2026-06-10 08:02:55,491 - INFO - Evaluating CalibratedClassifierCV...
2026-06-10 08:03:26,167 - INFO - Evaluating CategoricalNB...
2026-06-10 08:03:31,773 - INFO - Evaluating ClassifierChain...
2026-06-10 08:03:31,781 - ERROR - Error evaluating ClassifierChain with 1 RQs (X shape=(491, 1), y shape=(491,))
Traceback (most recent call last):
  File "/Users/daniperry/anaconda3/envs/csed/lib/python3.12/site-packages/sklearn/utils/_tags.py", line 275, in get_tags
    tags = estimator.__sklearn_tags__()
           ^^^^^^^^^^^^^^^^^^^^^^^^^^
AttributeError: 'NoneType' object has no attribute '__sklearn_tags__'

During handling of the above exception, another exception occurred:

Traceback (most recent call last):
  File "/Users/daniperry/anaconda3/envs/csed/lib/python3.12/site-packages/sklearn/utils/_tags.py", line 275, in get_tags
    tags = estimator.__sklearn_tags__()
           ^^^^^^^^^^^^^^^^^^^^^^^^^^^^
  File "/Users/daniperry/anaconda3/envs/csed/lib/python3.12/site-packages/sklearn/multioutput.py", line 1159, in __sklearn_tags__
    tags = super().__sklearn_tags__()
           ^^^^^^^^^^^^^^^^^^^^^^^^^^
  File "/Users/daniperry/anaconda3/envs/csed/lib/python3.12/site-packages/sklearn/base.py", line 534, in __sklearn_tags__
    tags = super().__sklearn_tags__()
           ^^^^^^^^^^^^^^^^^^^^^^^^^^
  File "/Users/daniperry/anaconda3/envs/csed/lib/python3.12/site-packages/sklearn/multioutput.py", line 873, in __sklearn_tags__
    tags.input_tags.sparse = get_tags(self._get_estimator()).input_tags.sparse
                             ^^^^^^^^^^^^^^^^^^^^^^^^^^^^^^^
  File "/Users/daniperry/anaconda3/envs/csed/lib/python3.12/site-packages/sklearn/utils/_tags.py", line 283, in get_tags
    raise AttributeError(
AttributeError: The following error was raised: 'NoneType' object has no attribute '__sklearn_tags__'. It seems that there are no classes that implement `__sklearn_tags__` in the MRO and/or all classes in the MRO call `super().__sklearn_tags__()`. Make sure to inherit from `BaseEstimator` which implements `__sklearn_tags__` (or alternatively define `__sklearn_tags__` but we don't recommend this approach). Note that `BaseEstimator` needs to be on the right side of other Mixins in the inheritance order.

During handling of the above exception, another exception occurred:

Traceback (most recent call last):
  File "/var/folders/pv/hg29j3j512d8wd_qw_8g3msw0000gn/T/ipykernel_6814/1497247354.py", line 23, in get_results_dict
    per_k_results = error_fn(
                    ^^^^^^^^^
  File "/var/folders/pv/hg29j3j512d8wd_qw_8g3msw0000gn/T/ipykernel_6814/336487549.py", line 25, in report_error_bin
    scores = cross_validate(
             ^^^^^^^^^^^^^^^
  File "/Users/daniperry/anaconda3/envs/csed/lib/python3.12/site-packages/sklearn/utils/_param_validation.py", line 218, in wrapper
    return func(*args, **kwargs)
           ^^^^^^^^^^^^^^^^^^^^^
  File "/Users/daniperry/anaconda3/envs/csed/lib/python3.12/site-packages/sklearn/model_selection/_validation.py", line 320, in cross_validate
    cv = check_cv(cv, y, classifier=is_classifier(estimator))
                                    ^^^^^^^^^^^^^^^^^^^^^^^^
  File "/Users/daniperry/anaconda3/envs/csed/lib/python3.12/site-packages/sklearn/base.py", line 1211, in is_classifier
    return get_tags(estimator).estimator_type == "classifier"
           ^^^^^^^^^^^^^^^^^^^
  File "/Users/daniperry/anaconda3/envs/csed/lib/python3.12/site-packages/sklearn/utils/_tags.py", line 283, in get_tags
    raise AttributeError(
AttributeError: The following error was raised: The following error was raised: 'NoneType' object has no attribute '__sklearn_tags__'. It seems that there are no classes that implement `__sklearn_tags__` in the MRO and/or all classes in the MRO call `super().__sklearn_tags__()`. Make sure to inherit from `BaseEstimator` which implements `__sklearn_tags__` (or alternatively define `__sklearn_tags__` but we don't recommend this approach). Note that `BaseEstimator` needs to be on the right side of other Mixins in the inheritance order.. It seems that there are no classes that implement `__sklearn_tags__` in the MRO and/or all classes in the MRO call `super().__sklearn_tags__()`. Make sure to inherit from `BaseEstimator` which implements `__sklearn_tags__` (or alternatively define `__sklearn_tags__` but we don't recommend this approach). Note that `BaseEstimator` needs to be on the right side of other Mixins in the inheritance order.
2026-06-10 08:03:31,818 - ERROR - Error evaluating ClassifierChain with 2 RQs (X shape=(491, 2), y shape=(491,))
Traceback (most recent call last):
  File "/Users/daniperry/anaconda3/envs/csed/lib/python3.12/site-packages/sklearn/utils/_tags.py", line 275, in get_tags
    tags = estimator.__sklearn_tags__()
           ^^^^^^^^^^^^^^^^^^^^^^^^^^
AttributeError: 'NoneType' object has no attribute '__sklearn_tags__'

During handling of the above exception, another exception occurred:

Traceback (most recent call last):
  File "/Users/daniperry/anaconda3/envs/csed/lib/python3.12/site-packages/sklearn/utils/_tags.py", line 275, in get_tags
    tags = estimator.__sklearn_tags__()
           ^^^^^^^^^^^^^^^^^^^^^^^^^^^^
  File "/Users/daniperry/anaconda3/envs/csed/lib/python3.12/site-packages/sklearn/multioutput.py", line 1159, in __sklearn_tags__
    tags = super().__sklearn_tags__()
           ^^^^^^^^^^^^^^^^^^^^^^^^^^
  File "/Users/daniperry/anaconda3/envs/csed/lib/python3.12/site-packages/sklearn/base.py", line 534, in __sklearn_tags__
    tags = super().__sklearn_tags__()
           ^^^^^^^^^^^^^^^^^^^^^^^^^^
  File "/Users/daniperry/anaconda3/envs/csed/lib/python3.12/site-packages/sklearn/multioutput.py", line 873, in __sklearn_tags__
    tags.input_tags.sparse = get_tags(self._get_estimator()).input_tags.sparse
                             ^^^^^^^^^^^^^^^^^^^^^^^^^^^^^^^
  File "/Users/daniperry/anaconda3/envs/csed/lib/python3.12/site-packages/sklearn/utils/_tags.py", line 283, in get_tags
    raise AttributeError(
AttributeError: The following error was raised: 'NoneType' object has no attribute '__sklearn_tags__'. It seems that there are no classes that implement `__sklearn_tags__` in the MRO and/or all classes in the MRO call `super().__sklearn_tags__()`. Make sure to inherit from `BaseEstimator` which implements `__sklearn_tags__` (or alternatively define `__sklearn_tags__` but we don't recommend this approach). Note that `BaseEstimator` needs to be on the right side of other Mixins in the inheritance order.

During handling of the above exception, another exception occurred:

Traceback (most recent call last):
  File "/var/folders/pv/hg29j3j512d8wd_qw_8g3msw0000gn/T/ipykernel_6814/1497247354.py", line 23, in get_results_dict
    per_k_results = error_fn(
                    ^^^^^^^^^
  File "/var/folders/pv/hg29j3j512d8wd_qw_8g3msw0000gn/T/ipykernel_6814/336487549.py", line 25, in report_error_bin
    scores = cross_validate(
             ^^^^^^^^^^^^^^^
  File "/Users/daniperry/anaconda3/envs/csed/lib/python3.12/site-packages/sklearn/utils/_param_validation.py", line 218, in wrapper
    return func(*args, **kwargs)
           ^^^^^^^^^^^^^^^^^^^^^
  File "/Users/daniperry/anaconda3/envs/csed/lib/python3.12/site-packages/sklearn/model_selection/_validation.py", line 320, in cross_validate
    cv = check_cv(cv, y, classifier=is_classifier(estimator))
                                    ^^^^^^^^^^^^^^^^^^^^^^^^
  File "/Users/daniperry/anaconda3/envs/csed/lib/python3.12/site-packages/sklearn/base.py", line 1211, in is_classifier
    return get_tags(estimator).estimator_type == "classifier"
           ^^^^^^^^^^^^^^^^^^^
  File "/Users/daniperry/anaconda3/envs/csed/lib/python3.12/site-packages/sklearn/utils/_tags.py", line 283, in get_tags
    raise AttributeError(
AttributeError: The following error was raised: The following error was raised: 'NoneType' object has no attribute '__sklearn_tags__'. It seems that there are no classes that implement `__sklearn_tags__` in the MRO and/or all classes in the MRO call `super().__sklearn_tags__()`. Make sure to inherit from `BaseEstimator` which implements `__sklearn_tags__` (or alternatively define `__sklearn_tags__` but we don't recommend this approach). Note that `BaseEstimator` needs to be on the right side of other Mixins in the inheritance order.. It seems that there are no classes that implement `__sklearn_tags__` in the MRO and/or all classes in the MRO call `super().__sklearn_tags__()`. Make sure to inherit from `BaseEstimator` which implements `__sklearn_tags__` (or alternatively define `__sklearn_tags__` but we don't recommend this approach). Note that `BaseEstimator` needs to be on the right side of other Mixins in the inheritance order.
2026-06-10 08:03:31,824 - ERROR - Error evaluating ClassifierChain with 3 RQs (X shape=(491, 3), y shape=(491,))
Traceback (most recent call last):
  File "/Users/daniperry/anaconda3/envs/csed/lib/python3.12/site-packages/sklearn/utils/_tags.py", line 275, in get_tags
    tags = estimator.__sklearn_tags__()
           ^^^^^^^^^^^^^^^^^^^^^^^^^^
AttributeError: 'NoneType' object has no attribute '__sklearn_tags__'

During handling of the above exception, another exception occurred:

Traceback (most recent call last):
  File "/Users/daniperry/anaconda3/envs/csed/lib/python3.12/site-packages/sklearn/utils/_tags.py", line 275, in get_tags
    tags = estimator.__sklearn_tags__()
           ^^^^^^^^^^^^^^^^^^^^^^^^^^^^
  File "/Users/daniperry/anaconda3/envs/csed/lib/python3.12/site-packages/sklearn/multioutput.py", line 1159, in __sklearn_tags__
    tags = super().__sklearn_tags__()
           ^^^^^^^^^^^^^^^^^^^^^^^^^^
  File "/Users/daniperry/anaconda3/envs/csed/lib/python3.12/site-packages/sklearn/base.py", line 534, in __sklearn_tags__
    tags = super().__sklearn_tags__()
           ^^^^^^^^^^^^^^^^^^^^^^^^^^
  File "/Users/daniperry/anaconda3/envs/csed/lib/python3.12/site-packages/sklearn/multioutput.py", line 873, in __sklearn_tags__
    tags.input_tags.sparse = get_tags(self._get_estimator()).input_tags.sparse
                             ^^^^^^^^^^^^^^^^^^^^^^^^^^^^^^^
  File "/Users/daniperry/anaconda3/envs/csed/lib/python3.12/site-packages/sklearn/utils/_tags.py", line 283, in get_tags
    raise AttributeError(
AttributeError: The following error was raised: 'NoneType' object has no attribute '__sklearn_tags__'. It seems that there are no classes that implement `__sklearn_tags__` in the MRO and/or all classes in the MRO call `super().__sklearn_tags__()`. Make sure to inherit from `BaseEstimator` which implements `__sklearn_tags__` (or alternatively define `__sklearn_tags__` but we don't recommend this approach). Note that `BaseEstimator` needs to be on the right side of other Mixins in the inheritance order.

During handling of the above exception, another exception occurred:

Traceback (most recent call last):
  File "/var/folders/pv/hg29j3j512d8wd_qw_8g3msw0000gn/T/ipykernel_6814/1497247354.py", line 23, in get_results_dict
    per_k_results = error_fn(
                    ^^^^^^^^^
  File "/var/folders/pv/hg29j3j512d8wd_qw_8g3msw0000gn/T/ipykernel_6814/336487549.py", line 25, in report_error_bin
    scores = cross_validate(
             ^^^^^^^^^^^^^^^
  File "/Users/daniperry/anaconda3/envs/csed/lib/python3.12/site-packages/sklearn/utils/_param_validation.py", line 218, in wrapper
    return func(*args, **kwargs)
           ^^^^^^^^^^^^^^^^^^^^^
  File "/Users/daniperry/anaconda3/envs/csed/lib/python3.12/site-packages/sklearn/model_selection/_validation.py", line 320, in cross_validate
    cv = check_cv(cv, y, classifier=is_classifier(estimator))
                                    ^^^^^^^^^^^^^^^^^^^^^^^^
  File "/Users/daniperry/anaconda3/envs/csed/lib/python3.12/site-packages/sklearn/base.py", line 1211, in is_classifier
    return get_tags(estimator).estimator_type == "classifier"
           ^^^^^^^^^^^^^^^^^^^
  File "/Users/daniperry/anaconda3/envs/csed/lib/python3.12/site-packages/sklearn/utils/_tags.py", line 283, in get_tags
    raise AttributeError(
AttributeError: The following error was raised: The following error was raised: 'NoneType' object has no attribute '__sklearn_tags__'. It seems that there are no classes that implement `__sklearn_tags__` in the MRO and/or all classes in the MRO call `super().__sklearn_tags__()`. Make sure to inherit from `BaseEstimator` which implements `__sklearn_tags__` (or alternatively define `__sklearn_tags__` but we don't recommend this approach). Note that `BaseEstimator` needs to be on the right side of other Mixins in the inheritance order.. It seems that there are no classes that implement `__sklearn_tags__` in the MRO and/or all classes in the MRO call `super().__sklearn_tags__()`. Make sure to inherit from `BaseEstimator` which implements `__sklearn_tags__` (or alternatively define `__sklearn_tags__` but we don't recommend this approach). Note that `BaseEstimator` needs to be on the right side of other Mixins in the inheritance order.
2026-06-10 08:03:31,829 - ERROR - Error evaluating ClassifierChain with 4 RQs (X shape=(491, 4), y shape=(491,))
Traceback (most recent call last):
  File "/Users/daniperry/anaconda3/envs/csed/lib/python3.12/site-packages/sklearn/utils/_tags.py", line 275, in get_tags
    tags = estimator.__sklearn_tags__()
           ^^^^^^^^^^^^^^^^^^^^^^^^^^
AttributeError: 'NoneType' object has no attribute '__sklearn_tags__'

During handling of the above exception, another exception occurred:

Traceback (most recent call last):
  File "/Users/daniperry/anaconda3/envs/csed/lib/python3.12/site-packages/sklearn/utils/_tags.py", line 275, in get_tags
    tags = estimator.__sklearn_tags__()
           ^^^^^^^^^^^^^^^^^^^^^^^^^^^^
  File "/Users/daniperry/anaconda3/envs/csed/lib/python3.12/site-packages/sklearn/multioutput.py", line 1159, in __sklearn_tags__
    tags = super().__sklearn_tags__()
           ^^^^^^^^^^^^^^^^^^^^^^^^^^
  File "/Users/daniperry/anaconda3/envs/csed/lib/python3.12/site-packages/sklearn/base.py", line 534, in __sklearn_tags__
    tags = super().__sklearn_tags__()
           ^^^^^^^^^^^^^^^^^^^^^^^^^^
  File "/Users/daniperry/anaconda3/envs/csed/lib/python3.12/site-packages/sklearn/multioutput.py", line 873, in __sklearn_tags__
    tags.input_tags.sparse = get_tags(self._get_estimator()).input_tags.sparse
                             ^^^^^^^^^^^^^^^^^^^^^^^^^^^^^^^
  File "/Users/daniperry/anaconda3/envs/csed/lib/python3.12/site-packages/sklearn/utils/_tags.py", line 283, in get_tags
    raise AttributeError(
AttributeError: The following error was raised: 'NoneType' object has no attribute '__sklearn_tags__'. It seems that there are no classes that implement `__sklearn_tags__` in the MRO and/or all classes in the MRO call `super().__sklearn_tags__()`. Make sure to inherit from `BaseEstimator` which implements `__sklearn_tags__` (or alternatively define `__sklearn_tags__` but we don't recommend this approach). Note that `BaseEstimator` needs to be on the right side of other Mixins in the inheritance order.

During handling of the above exception, another exception occurred:

Traceback (most recent call last):
  File "/var/folders/pv/hg29j3j512d8wd_qw_8g3msw0000gn/T/ipykernel_6814/1497247354.py", line 23, in get_results_dict
    per_k_results = error_fn(
                    ^^^^^^^^^
  File "/var/folders/pv/hg29j3j512d8wd_qw_8g3msw0000gn/T/ipykernel_6814/336487549.py", line 25, in report_error_bin
    scores = cross_validate(
             ^^^^^^^^^^^^^^^
  File "/Users/daniperry/anaconda3/envs/csed/lib/python3.12/site-packages/sklearn/utils/_param_validation.py", line 218, in wrapper
    return func(*args, **kwargs)
           ^^^^^^^^^^^^^^^^^^^^^
  File "/Users/daniperry/anaconda3/envs/csed/lib/python3.12/site-packages/sklearn/model_selection/_validation.py", line 320, in cross_validate
    cv = check_cv(cv, y, classifier=is_classifier(estimator))
                                    ^^^^^^^^^^^^^^^^^^^^^^^^
  File "/Users/daniperry/anaconda3/envs/csed/lib/python3.12/site-packages/sklearn/base.py", line 1211, in is_classifier
    return get_tags(estimator).estimator_type == "classifier"
           ^^^^^^^^^^^^^^^^^^^
  File "/Users/daniperry/anaconda3/envs/csed/lib/python3.12/site-packages/sklearn/utils/_tags.py", line 283, in get_tags
    raise AttributeError(
AttributeError: The following error was raised: The following error was raised: 'NoneType' object has no attribute '__sklearn_tags__'. It seems that there are no classes that implement `__sklearn_tags__` in the MRO and/or all classes in the MRO call `super().__sklearn_tags__()`. Make sure to inherit from `BaseEstimator` which implements `__sklearn_tags__` (or alternatively define `__sklearn_tags__` but we don't recommend this approach). Note that `BaseEstimator` needs to be on the right side of other Mixins in the inheritance order.. It seems that there are no classes that implement `__sklearn_tags__` in the MRO and/or all classes in the MRO call `super().__sklearn_tags__()`. Make sure to inherit from `BaseEstimator` which implements `__sklearn_tags__` (or alternatively define `__sklearn_tags__` but we don't recommend this approach). Note that `BaseEstimator` needs to be on the right side of other Mixins in the inheritance order.
2026-06-10 08:03:31,834 - ERROR - Error evaluating ClassifierChain with 5 RQs (X shape=(491, 5), y shape=(491,))
Traceback (most recent call last):
  File "/Users/daniperry/anaconda3/envs/csed/lib/python3.12/site-packages/sklearn/utils/_tags.py", line 275, in get_tags
    tags = estimator.__sklearn_tags__()
           ^^^^^^^^^^^^^^^^^^^^^^^^^^
AttributeError: 'NoneType' object has no attribute '__sklearn_tags__'

During handling of the above exception, another exception occurred:

Traceback (most recent call last):
  File "/Users/daniperry/anaconda3/envs/csed/lib/python3.12/site-packages/sklearn/utils/_tags.py", line 275, in get_tags
    tags = estimator.__sklearn_tags__()
           ^^^^^^^^^^^^^^^^^^^^^^^^^^^^
  File "/Users/daniperry/anaconda3/envs/csed/lib/python3.12/site-packages/sklearn/multioutput.py", line 1159, in __sklearn_tags__
    tags = super().__sklearn_tags__()
           ^^^^^^^^^^^^^^^^^^^^^^^^^^
  File "/Users/daniperry/anaconda3/envs/csed/lib/python3.12/site-packages/sklearn/base.py", line 534, in __sklearn_tags__
    tags = super().__sklearn_tags__()
           ^^^^^^^^^^^^^^^^^^^^^^^^^^
  File "/Users/daniperry/anaconda3/envs/csed/lib/python3.12/site-packages/sklearn/multioutput.py", line 873, in __sklearn_tags__
    tags.input_tags.sparse = get_tags(self._get_estimator()).input_tags.sparse
                             ^^^^^^^^^^^^^^^^^^^^^^^^^^^^^^^
  File "/Users/daniperry/anaconda3/envs/csed/lib/python3.12/site-packages/sklearn/utils/_tags.py", line 283, in get_tags
    raise AttributeError(
AttributeError: The following error was raised: 'NoneType' object has no attribute '__sklearn_tags__'. It seems that there are no classes that implement `__sklearn_tags__` in the MRO and/or all classes in the MRO call `super().__sklearn_tags__()`. Make sure to inherit from `BaseEstimator` which implements `__sklearn_tags__` (or alternatively define `__sklearn_tags__` but we don't recommend this approach). Note that `BaseEstimator` needs to be on the right side of other Mixins in the inheritance order.

During handling of the above exception, another exception occurred:

Traceback (most recent call last):
  File "/var/folders/pv/hg29j3j512d8wd_qw_8g3msw0000gn/T/ipykernel_6814/1497247354.py", line 23, in get_results_dict
    per_k_results = error_fn(
                    ^^^^^^^^^
  File "/var/folders/pv/hg29j3j512d8wd_qw_8g3msw0000gn/T/ipykernel_6814/336487549.py", line 25, in report_error_bin
    scores = cross_validate(
             ^^^^^^^^^^^^^^^
  File "/Users/daniperry/anaconda3/envs/csed/lib/python3.12/site-packages/sklearn/utils/_param_validation.py", line 218, in wrapper
    return func(*args, **kwargs)
           ^^^^^^^^^^^^^^^^^^^^^
  File "/Users/daniperry/anaconda3/envs/csed/lib/python3.12/site-packages/sklearn/model_selection/_validation.py", line 320, in cross_validate
    cv = check_cv(cv, y, classifier=is_classifier(estimator))
                                    ^^^^^^^^^^^^^^^^^^^^^^^^
  File "/Users/daniperry/anaconda3/envs/csed/lib/python3.12/site-packages/sklearn/base.py", line 1211, in is_classifier
    return get_tags(estimator).estimator_type == "classifier"
           ^^^^^^^^^^^^^^^^^^^
  File "/Users/daniperry/anaconda3/envs/csed/lib/python3.12/site-packages/sklearn/utils/_tags.py", line 283, in get_tags
    raise AttributeError(
AttributeError: The following error was raised: The following error was raised: 'NoneType' object has no attribute '__sklearn_tags__'. It seems that there are no classes that implement `__sklearn_tags__` in the MRO and/or all classes in the MRO call `super().__sklearn_tags__()`. Make sure to inherit from `BaseEstimator` which implements `__sklearn_tags__` (or alternatively define `__sklearn_tags__` but we don't recommend this approach). Note that `BaseEstimator` needs to be on the right side of other Mixins in the inheritance order.. It seems that there are no classes that implement `__sklearn_tags__` in the MRO and/or all classes in the MRO call `super().__sklearn_tags__()`. Make sure to inherit from `BaseEstimator` which implements `__sklearn_tags__` (or alternatively define `__sklearn_tags__` but we don't recommend this approach). Note that `BaseEstimator` needs to be on the right side of other Mixins in the inheritance order.
2026-06-10 08:03:31,839 - ERROR - Error evaluating ClassifierChain with 6 RQs (X shape=(491, 6), y shape=(491,))
Traceback (most recent call last):
  File "/Users/daniperry/anaconda3/envs/csed/lib/python3.12/site-packages/sklearn/utils/_tags.py", line 275, in get_tags
    tags = estimator.__sklearn_tags__()
           ^^^^^^^^^^^^^^^^^^^^^^^^^^
AttributeError: 'NoneType' object has no attribute '__sklearn_tags__'

During handling of the above exception, another exception occurred:

Traceback (most recent call last):
  File "/Users/daniperry/anaconda3/envs/csed/lib/python3.12/site-packages/sklearn/utils/_tags.py", line 275, in get_tags
    tags = estimator.__sklearn_tags__()
           ^^^^^^^^^^^^^^^^^^^^^^^^^^^^
  File "/Users/daniperry/anaconda3/envs/csed/lib/python3.12/site-packages/sklearn/multioutput.py", line 1159, in __sklearn_tags__
    tags = super().__sklearn_tags__()
           ^^^^^^^^^^^^^^^^^^^^^^^^^^
  File "/Users/daniperry/anaconda3/envs/csed/lib/python3.12/site-packages/sklearn/base.py", line 534, in __sklearn_tags__
    tags = super().__sklearn_tags__()
           ^^^^^^^^^^^^^^^^^^^^^^^^^^
  File "/Users/daniperry/anaconda3/envs/csed/lib/python3.12/site-packages/sklearn/multioutput.py", line 873, in __sklearn_tags__
    tags.input_tags.sparse = get_tags(self._get_estimator()).input_tags.sparse
                             ^^^^^^^^^^^^^^^^^^^^^^^^^^^^^^^
  File "/Users/daniperry/anaconda3/envs/csed/lib/python3.12/site-packages/sklearn/utils/_tags.py", line 283, in get_tags
    raise AttributeError(
AttributeError: The following error was raised: 'NoneType' object has no attribute '__sklearn_tags__'. It seems that there are no classes that implement `__sklearn_tags__` in the MRO and/or all classes in the MRO call `super().__sklearn_tags__()`. Make sure to inherit from `BaseEstimator` which implements `__sklearn_tags__` (or alternatively define `__sklearn_tags__` but we don't recommend this approach). Note that `BaseEstimator` needs to be on the right side of other Mixins in the inheritance order.

During handling of the above exception, another exception occurred:

Traceback (most recent call last):
  File "/var/folders/pv/hg29j3j512d8wd_qw_8g3msw0000gn/T/ipykernel_6814/1497247354.py", line 23, in get_results_dict
    per_k_results = error_fn(
                    ^^^^^^^^^
  File "/var/folders/pv/hg29j3j512d8wd_qw_8g3msw0000gn/T/ipykernel_6814/336487549.py", line 25, in report_error_bin
    scores = cross_validate(
             ^^^^^^^^^^^^^^^
  File "/Users/daniperry/anaconda3/envs/csed/lib/python3.12/site-packages/sklearn/utils/_param_validation.py", line 218, in wrapper
    return func(*args, **kwargs)
           ^^^^^^^^^^^^^^^^^^^^^
  File "/Users/daniperry/anaconda3/envs/csed/lib/python3.12/site-packages/sklearn/model_selection/_validation.py", line 320, in cross_validate
    cv = check_cv(cv, y, classifier=is_classifier(estimator))
                                    ^^^^^^^^^^^^^^^^^^^^^^^^
  File "/Users/daniperry/anaconda3/envs/csed/lib/python3.12/site-packages/sklearn/base.py", line 1211, in is_classifier
    return get_tags(estimator).estimator_type == "classifier"
           ^^^^^^^^^^^^^^^^^^^
  File "/Users/daniperry/anaconda3/envs/csed/lib/python3.12/site-packages/sklearn/utils/_tags.py", line 283, in get_tags
    raise AttributeError(
AttributeError: The following error was raised: The following error was raised: 'NoneType' object has no attribute '__sklearn_tags__'. It seems that there are no classes that implement `__sklearn_tags__` in the MRO and/or all classes in the MRO call `super().__sklearn_tags__()`. Make sure to inherit from `BaseEstimator` which implements `__sklearn_tags__` (or alternatively define `__sklearn_tags__` but we don't recommend this approach). Note that `BaseEstimator` needs to be on the right side of other Mixins in the inheritance order.. It seems that there are no classes that implement `__sklearn_tags__` in the MRO and/or all classes in the MRO call `super().__sklearn_tags__()`. Make sure to inherit from `BaseEstimator` which implements `__sklearn_tags__` (or alternatively define `__sklearn_tags__` but we don't recommend this approach). Note that `BaseEstimator` needs to be on the right side of other Mixins in the inheritance order.
2026-06-10 08:03:31,844 - ERROR - Error evaluating ClassifierChain with 7 RQs (X shape=(491, 7), y shape=(491,))
Traceback (most recent call last):
  File "/Users/daniperry/anaconda3/envs/csed/lib/python3.12/site-packages/sklearn/utils/_tags.py", line 275, in get_tags
    tags = estimator.__sklearn_tags__()
           ^^^^^^^^^^^^^^^^^^^^^^^^^^
AttributeError: 'NoneType' object has no attribute '__sklearn_tags__'

During handling of the above exception, another exception occurred:

Traceback (most recent call last):
  File "/Users/daniperry/anaconda3/envs/csed/lib/python3.12/site-packages/sklearn/utils/_tags.py", line 275, in get_tags
    tags = estimator.__sklearn_tags__()
           ^^^^^^^^^^^^^^^^^^^^^^^^^^^^
  File "/Users/daniperry/anaconda3/envs/csed/lib/python3.12/site-packages/sklearn/multioutput.py", line 1159, in __sklearn_tags__
    tags = super().__sklearn_tags__()
           ^^^^^^^^^^^^^^^^^^^^^^^^^^
  File "/Users/daniperry/anaconda3/envs/csed/lib/python3.12/site-packages/sklearn/base.py", line 534, in __sklearn_tags__
    tags = super().__sklearn_tags__()
           ^^^^^^^^^^^^^^^^^^^^^^^^^^
  File "/Users/daniperry/anaconda3/envs/csed/lib/python3.12/site-packages/sklearn/multioutput.py", line 873, in __sklearn_tags__
    tags.input_tags.sparse = get_tags(self._get_estimator()).input_tags.sparse
                             ^^^^^^^^^^^^^^^^^^^^^^^^^^^^^^^
  File "/Users/daniperry/anaconda3/envs/csed/lib/python3.12/site-packages/sklearn/utils/_tags.py", line 283, in get_tags
    raise AttributeError(
AttributeError: The following error was raised: 'NoneType' object has no attribute '__sklearn_tags__'. It seems that there are no classes that implement `__sklearn_tags__` in the MRO and/or all classes in the MRO call `super().__sklearn_tags__()`. Make sure to inherit from `BaseEstimator` which implements `__sklearn_tags__` (or alternatively define `__sklearn_tags__` but we don't recommend this approach). Note that `BaseEstimator` needs to be on the right side of other Mixins in the inheritance order.

During handling of the above exception, another exception occurred:

Traceback (most recent call last):
  File "/var/folders/pv/hg29j3j512d8wd_qw_8g3msw0000gn/T/ipykernel_6814/1497247354.py", line 23, in get_results_dict
    per_k_results = error_fn(
                    ^^^^^^^^^
  File "/var/folders/pv/hg29j3j512d8wd_qw_8g3msw0000gn/T/ipykernel_6814/336487549.py", line 25, in report_error_bin
    scores = cross_validate(
             ^^^^^^^^^^^^^^^
  File "/Users/daniperry/anaconda3/envs/csed/lib/python3.12/site-packages/sklearn/utils/_param_validation.py", line 218, in wrapper
    return func(*args, **kwargs)
           ^^^^^^^^^^^^^^^^^^^^^
  File "/Users/daniperry/anaconda3/envs/csed/lib/python3.12/site-packages/sklearn/model_selection/_validation.py", line 320, in cross_validate
    cv = check_cv(cv, y, classifier=is_classifier(estimator))
                                    ^^^^^^^^^^^^^^^^^^^^^^^^
  File "/Users/daniperry/anaconda3/envs/csed/lib/python3.12/site-packages/sklearn/base.py", line 1211, in is_classifier
    return get_tags(estimator).estimator_type == "classifier"
           ^^^^^^^^^^^^^^^^^^^
  File "/Users/daniperry/anaconda3/envs/csed/lib/python3.12/site-packages/sklearn/utils/_tags.py", line 283, in get_tags
    raise AttributeError(
AttributeError: The following error was raised: The following error was raised: 'NoneType' object has no attribute '__sklearn_tags__'. It seems that there are no classes that implement `__sklearn_tags__` in the MRO and/or all classes in the MRO call `super().__sklearn_tags__()`. Make sure to inherit from `BaseEstimator` which implements `__sklearn_tags__` (or alternatively define `__sklearn_tags__` but we don't recommend this approach). Note that `BaseEstimator` needs to be on the right side of other Mixins in the inheritance order.. It seems that there are no classes that implement `__sklearn_tags__` in the MRO and/or all classes in the MRO call `super().__sklearn_tags__()`. Make sure to inherit from `BaseEstimator` which implements `__sklearn_tags__` (or alternatively define `__sklearn_tags__` but we don't recommend this approach). Note that `BaseEstimator` needs to be on the right side of other Mixins in the inheritance order.
2026-06-10 08:03:31,850 - ERROR - Error evaluating ClassifierChain with 8 RQs (X shape=(491, 8), y shape=(491,))
Traceback (most recent call last):
  File "/Users/daniperry/anaconda3/envs/csed/lib/python3.12/site-packages/sklearn/utils/_tags.py", line 275, in get_tags
    tags = estimator.__sklearn_tags__()
           ^^^^^^^^^^^^^^^^^^^^^^^^^^
AttributeError: 'NoneType' object has no attribute '__sklearn_tags__'

During handling of the above exception, another exception occurred:

Traceback (most recent call last):
  File "/Users/daniperry/anaconda3/envs/csed/lib/python3.12/site-packages/sklearn/utils/_tags.py", line 275, in get_tags
    tags = estimator.__sklearn_tags__()
           ^^^^^^^^^^^^^^^^^^^^^^^^^^^^
  File "/Users/daniperry/anaconda3/envs/csed/lib/python3.12/site-packages/sklearn/multioutput.py", line 1159, in __sklearn_tags__
    tags = super().__sklearn_tags__()
           ^^^^^^^^^^^^^^^^^^^^^^^^^^
  File "/Users/daniperry/anaconda3/envs/csed/lib/python3.12/site-packages/sklearn/base.py", line 534, in __sklearn_tags__
    tags = super().__sklearn_tags__()
           ^^^^^^^^^^^^^^^^^^^^^^^^^^
  File "/Users/daniperry/anaconda3/envs/csed/lib/python3.12/site-packages/sklearn/multioutput.py", line 873, in __sklearn_tags__
    tags.input_tags.sparse = get_tags(self._get_estimator()).input_tags.sparse
                             ^^^^^^^^^^^^^^^^^^^^^^^^^^^^^^^
  File "/Users/daniperry/anaconda3/envs/csed/lib/python3.12/site-packages/sklearn/utils/_tags.py", line 283, in get_tags
    raise AttributeError(
AttributeError: The following error was raised: 'NoneType' object has no attribute '__sklearn_tags__'. It seems that there are no classes that implement `__sklearn_tags__` in the MRO and/or all classes in the MRO call `super().__sklearn_tags__()`. Make sure to inherit from `BaseEstimator` which implements `__sklearn_tags__` (or alternatively define `__sklearn_tags__` but we don't recommend this approach). Note that `BaseEstimator` needs to be on the right side of other Mixins in the inheritance order.

During handling of the above exception, another exception occurred:

Traceback (most recent call last):
  File "/var/folders/pv/hg29j3j512d8wd_qw_8g3msw0000gn/T/ipykernel_6814/1497247354.py", line 23, in get_results_dict
    per_k_results = error_fn(
                    ^^^^^^^^^
  File "/var/folders/pv/hg29j3j512d8wd_qw_8g3msw0000gn/T/ipykernel_6814/336487549.py", line 25, in report_error_bin
    scores = cross_validate(
             ^^^^^^^^^^^^^^^
  File "/Users/daniperry/anaconda3/envs/csed/lib/python3.12/site-packages/sklearn/utils/_param_validation.py", line 218, in wrapper
    return func(*args, **kwargs)
           ^^^^^^^^^^^^^^^^^^^^^
  File "/Users/daniperry/anaconda3/envs/csed/lib/python3.12/site-packages/sklearn/model_selection/_validation.py", line 320, in cross_validate
    cv = check_cv(cv, y, classifier=is_classifier(estimator))
                                    ^^^^^^^^^^^^^^^^^^^^^^^^
  File "/Users/daniperry/anaconda3/envs/csed/lib/python3.12/site-packages/sklearn/base.py", line 1211, in is_classifier
    return get_tags(estimator).estimator_type == "classifier"
           ^^^^^^^^^^^^^^^^^^^
  File "/Users/daniperry/anaconda3/envs/csed/lib/python3.12/site-packages/sklearn/utils/_tags.py", line 283, in get_tags
    raise AttributeError(
AttributeError: The following error was raised: The following error was raised: 'NoneType' object has no attribute '__sklearn_tags__'. It seems that there are no classes that implement `__sklearn_tags__` in the MRO and/or all classes in the MRO call `super().__sklearn_tags__()`. Make sure to inherit from `BaseEstimator` which implements `__sklearn_tags__` (or alternatively define `__sklearn_tags__` but we don't recommend this approach). Note that `BaseEstimator` needs to be on the right side of other Mixins in the inheritance order.. It seems that there are no classes that implement `__sklearn_tags__` in the MRO and/or all classes in the MRO call `super().__sklearn_tags__()`. Make sure to inherit from `BaseEstimator` which implements `__sklearn_tags__` (or alternatively define `__sklearn_tags__` but we don't recommend this approach). Note that `BaseEstimator` needs to be on the right side of other Mixins in the inheritance order.
2026-06-10 08:03:31,854 - ERROR - Error evaluating ClassifierChain with 9 RQs (X shape=(491, 9), y shape=(491,))
Traceback (most recent call last):
  File "/Users/daniperry/anaconda3/envs/csed/lib/python3.12/site-packages/sklearn/utils/_tags.py", line 275, in get_tags
    tags = estimator.__sklearn_tags__()
           ^^^^^^^^^^^^^^^^^^^^^^^^^^
AttributeError: 'NoneType' object has no attribute '__sklearn_tags__'

During handling of the above exception, another exception occurred:

Traceback (most recent call last):
  File "/Users/daniperry/anaconda3/envs/csed/lib/python3.12/site-packages/sklearn/utils/_tags.py", line 275, in get_tags
    tags = estimator.__sklearn_tags__()
           ^^^^^^^^^^^^^^^^^^^^^^^^^^^^
  File "/Users/daniperry/anaconda3/envs/csed/lib/python3.12/site-packages/sklearn/multioutput.py", line 1159, in __sklearn_tags__
    tags = super().__sklearn_tags__()
           ^^^^^^^^^^^^^^^^^^^^^^^^^^
  File "/Users/daniperry/anaconda3/envs/csed/lib/python3.12/site-packages/sklearn/base.py", line 534, in __sklearn_tags__
    tags = super().__sklearn_tags__()
           ^^^^^^^^^^^^^^^^^^^^^^^^^^
  File "/Users/daniperry/anaconda3/envs/csed/lib/python3.12/site-packages/sklearn/multioutput.py", line 873, in __sklearn_tags__
    tags.input_tags.sparse = get_tags(self._get_estimator()).input_tags.sparse
                             ^^^^^^^^^^^^^^^^^^^^^^^^^^^^^^^
  File "/Users/daniperry/anaconda3/envs/csed/lib/python3.12/site-packages/sklearn/utils/_tags.py", line 283, in get_tags
    raise AttributeError(
AttributeError: The following error was raised: 'NoneType' object has no attribute '__sklearn_tags__'. It seems that there are no classes that implement `__sklearn_tags__` in the MRO and/or all classes in the MRO call `super().__sklearn_tags__()`. Make sure to inherit from `BaseEstimator` which implements `__sklearn_tags__` (or alternatively define `__sklearn_tags__` but we don't recommend this approach). Note that `BaseEstimator` needs to be on the right side of other Mixins in the inheritance order.

During handling of the above exception, another exception occurred:

Traceback (most recent call last):
  File "/var/folders/pv/hg29j3j512d8wd_qw_8g3msw0000gn/T/ipykernel_6814/1497247354.py", line 23, in get_results_dict
    per_k_results = error_fn(
                    ^^^^^^^^^
  File "/var/folders/pv/hg29j3j512d8wd_qw_8g3msw0000gn/T/ipykernel_6814/336487549.py", line 25, in report_error_bin
    scores = cross_validate(
             ^^^^^^^^^^^^^^^
  File "/Users/daniperry/anaconda3/envs/csed/lib/python3.12/site-packages/sklearn/utils/_param_validation.py", line 218, in wrapper
    return func(*args, **kwargs)
           ^^^^^^^^^^^^^^^^^^^^^
  File "/Users/daniperry/anaconda3/envs/csed/lib/python3.12/site-packages/sklearn/model_selection/_validation.py", line 320, in cross_validate
    cv = check_cv(cv, y, classifier=is_classifier(estimator))
                                    ^^^^^^^^^^^^^^^^^^^^^^^^
  File "/Users/daniperry/anaconda3/envs/csed/lib/python3.12/site-packages/sklearn/base.py", line 1211, in is_classifier
    return get_tags(estimator).estimator_type == "classifier"
           ^^^^^^^^^^^^^^^^^^^
  File "/Users/daniperry/anaconda3/envs/csed/lib/python3.12/site-packages/sklearn/utils/_tags.py", line 283, in get_tags
    raise AttributeError(
AttributeError: The following error was raised: The following error was raised: 'NoneType' object has no attribute '__sklearn_tags__'. It seems that there are no classes that implement `__sklearn_tags__` in the MRO and/or all classes in the MRO call `super().__sklearn_tags__()`. Make sure to inherit from `BaseEstimator` which implements `__sklearn_tags__` (or alternatively define `__sklearn_tags__` but we don't recommend this approach). Note that `BaseEstimator` needs to be on the right side of other Mixins in the inheritance order.. It seems that there are no classes that implement `__sklearn_tags__` in the MRO and/or all classes in the MRO call `super().__sklearn_tags__()`. Make sure to inherit from `BaseEstimator` which implements `__sklearn_tags__` (or alternatively define `__sklearn_tags__` but we don't recommend this approach). Note that `BaseEstimator` needs to be on the right side of other Mixins in the inheritance order.
2026-06-10 08:03:31,857 - ERROR - Error evaluating ClassifierChain with 10 RQs (X shape=(491, 10), y shape=(491,))
Traceback (most recent call last):
  File "/Users/daniperry/anaconda3/envs/csed/lib/python3.12/site-packages/sklearn/utils/_tags.py", line 275, in get_tags
    tags = estimator.__sklearn_tags__()
           ^^^^^^^^^^^^^^^^^^^^^^^^^^
AttributeError: 'NoneType' object has no attribute '__sklearn_tags__'

During handling of the above exception, another exception occurred:

Traceback (most recent call last):
  File "/Users/daniperry/anaconda3/envs/csed/lib/python3.12/site-packages/sklearn/utils/_tags.py", line 275, in get_tags
    tags = estimator.__sklearn_tags__()
           ^^^^^^^^^^^^^^^^^^^^^^^^^^^^
  File "/Users/daniperry/anaconda3/envs/csed/lib/python3.12/site-packages/sklearn/multioutput.py", line 1159, in __sklearn_tags__
    tags = super().__sklearn_tags__()
           ^^^^^^^^^^^^^^^^^^^^^^^^^^
  File "/Users/daniperry/anaconda3/envs/csed/lib/python3.12/site-packages/sklearn/base.py", line 534, in __sklearn_tags__
    tags = super().__sklearn_tags__()
           ^^^^^^^^^^^^^^^^^^^^^^^^^^
  File "/Users/daniperry/anaconda3/envs/csed/lib/python3.12/site-packages/sklearn/multioutput.py", line 873, in __sklearn_tags__
    tags.input_tags.sparse = get_tags(self._get_estimator()).input_tags.sparse
                             ^^^^^^^^^^^^^^^^^^^^^^^^^^^^^^^
  File "/Users/daniperry/anaconda3/envs/csed/lib/python3.12/site-packages/sklearn/utils/_tags.py", line 283, in get_tags
    raise AttributeError(
AttributeError: The following error was raised: 'NoneType' object has no attribute '__sklearn_tags__'. It seems that there are no classes that implement `__sklearn_tags__` in the MRO and/or all classes in the MRO call `super().__sklearn_tags__()`. Make sure to inherit from `BaseEstimator` which implements `__sklearn_tags__` (or alternatively define `__sklearn_tags__` but we don't recommend this approach). Note that `BaseEstimator` needs to be on the right side of other Mixins in the inheritance order.

During handling of the above exception, another exception occurred:

Traceback (most recent call last):
  File "/var/folders/pv/hg29j3j512d8wd_qw_8g3msw0000gn/T/ipykernel_6814/1497247354.py", line 23, in get_results_dict
    per_k_results = error_fn(
                    ^^^^^^^^^
  File "/var/folders/pv/hg29j3j512d8wd_qw_8g3msw0000gn/T/ipykernel_6814/336487549.py", line 25, in report_error_bin
    scores = cross_validate(
             ^^^^^^^^^^^^^^^
  File "/Users/daniperry/anaconda3/envs/csed/lib/python3.12/site-packages/sklearn/utils/_param_validation.py", line 218, in wrapper
    return func(*args, **kwargs)
           ^^^^^^^^^^^^^^^^^^^^^
  File "/Users/daniperry/anaconda3/envs/csed/lib/python3.12/site-packages/sklearn/model_selection/_validation.py", line 320, in cross_validate
    cv = check_cv(cv, y, classifier=is_classifier(estimator))
                                    ^^^^^^^^^^^^^^^^^^^^^^^^
  File "/Users/daniperry/anaconda3/envs/csed/lib/python3.12/site-packages/sklearn/base.py", line 1211, in is_classifier
    return get_tags(estimator).estimator_type == "classifier"
           ^^^^^^^^^^^^^^^^^^^
  File "/Users/daniperry/anaconda3/envs/csed/lib/python3.12/site-packages/sklearn/utils/_tags.py", line 283, in get_tags
    raise AttributeError(
AttributeError: The following error was raised: The following error was raised: 'NoneType' object has no attribute '__sklearn_tags__'. It seems that there are no classes that implement `__sklearn_tags__` in the MRO and/or all classes in the MRO call `super().__sklearn_tags__()`. Make sure to inherit from `BaseEstimator` which implements `__sklearn_tags__` (or alternatively define `__sklearn_tags__` but we don't recommend this approach). Note that `BaseEstimator` needs to be on the right side of other Mixins in the inheritance order.. It seems that there are no classes that implement `__sklearn_tags__` in the MRO and/or all classes in the MRO call `super().__sklearn_tags__()`. Make sure to inherit from `BaseEstimator` which implements `__sklearn_tags__` (or alternatively define `__sklearn_tags__` but we don't recommend this approach). Note that `BaseEstimator` needs to be on the right side of other Mixins in the inheritance order.
2026-06-10 08:03:31,862 - ERROR - Error evaluating ClassifierChain with 11 RQs (X shape=(491, 11), y shape=(491,))
Traceback (most recent call last):
  File "/Users/daniperry/anaconda3/envs/csed/lib/python3.12/site-packages/sklearn/utils/_tags.py", line 275, in get_tags
    tags = estimator.__sklearn_tags__()
           ^^^^^^^^^^^^^^^^^^^^^^^^^^
AttributeError: 'NoneType' object has no attribute '__sklearn_tags__'

During handling of the above exception, another exception occurred:

Traceback (most recent call last):
  File "/Users/daniperry/anaconda3/envs/csed/lib/python3.12/site-packages/sklearn/utils/_tags.py", line 275, in get_tags
    tags = estimator.__sklearn_tags__()
           ^^^^^^^^^^^^^^^^^^^^^^^^^^^^
  File "/Users/daniperry/anaconda3/envs/csed/lib/python3.12/site-packages/sklearn/multioutput.py", line 1159, in __sklearn_tags__
    tags = super().__sklearn_tags__()
           ^^^^^^^^^^^^^^^^^^^^^^^^^^
  File "/Users/daniperry/anaconda3/envs/csed/lib/python3.12/site-packages/sklearn/base.py", line 534, in __sklearn_tags__
    tags = super().__sklearn_tags__()
           ^^^^^^^^^^^^^^^^^^^^^^^^^^
  File "/Users/daniperry/anaconda3/envs/csed/lib/python3.12/site-packages/sklearn/multioutput.py", line 873, in __sklearn_tags__
    tags.input_tags.sparse = get_tags(self._get_estimator()).input_tags.sparse
                             ^^^^^^^^^^^^^^^^^^^^^^^^^^^^^^^
  File "/Users/daniperry/anaconda3/envs/csed/lib/python3.12/site-packages/sklearn/utils/_tags.py", line 283, in get_tags
    raise AttributeError(
AttributeError: The following error was raised: 'NoneType' object has no attribute '__sklearn_tags__'. It seems that there are no classes that implement `__sklearn_tags__` in the MRO and/or all classes in the MRO call `super().__sklearn_tags__()`. Make sure to inherit from `BaseEstimator` which implements `__sklearn_tags__` (or alternatively define `__sklearn_tags__` but we don't recommend this approach). Note that `BaseEstimator` needs to be on the right side of other Mixins in the inheritance order.

During handling of the above exception, another exception occurred:

Traceback (most recent call last):
  File "/var/folders/pv/hg29j3j512d8wd_qw_8g3msw0000gn/T/ipykernel_6814/1497247354.py", line 23, in get_results_dict
    per_k_results = error_fn(
                    ^^^^^^^^^
  File "/var/folders/pv/hg29j3j512d8wd_qw_8g3msw0000gn/T/ipykernel_6814/336487549.py", line 25, in report_error_bin
    scores = cross_validate(
             ^^^^^^^^^^^^^^^
  File "/Users/daniperry/anaconda3/envs/csed/lib/python3.12/site-packages/sklearn/utils/_param_validation.py", line 218, in wrapper
    return func(*args, **kwargs)
           ^^^^^^^^^^^^^^^^^^^^^
  File "/Users/daniperry/anaconda3/envs/csed/lib/python3.12/site-packages/sklearn/model_selection/_validation.py", line 320, in cross_validate
    cv = check_cv(cv, y, classifier=is_classifier(estimator))
                                    ^^^^^^^^^^^^^^^^^^^^^^^^
  File "/Users/daniperry/anaconda3/envs/csed/lib/python3.12/site-packages/sklearn/base.py", line 1211, in is_classifier
    return get_tags(estimator).estimator_type == "classifier"
           ^^^^^^^^^^^^^^^^^^^
  File "/Users/daniperry/anaconda3/envs/csed/lib/python3.12/site-packages/sklearn/utils/_tags.py", line 283, in get_tags
    raise AttributeError(
AttributeError: The following error was raised: The following error was raised: 'NoneType' object has no attribute '__sklearn_tags__'. It seems that there are no classes that implement `__sklearn_tags__` in the MRO and/or all classes in the MRO call `super().__sklearn_tags__()`. Make sure to inherit from `BaseEstimator` which implements `__sklearn_tags__` (or alternatively define `__sklearn_tags__` but we don't recommend this approach). Note that `BaseEstimator` needs to be on the right side of other Mixins in the inheritance order.. It seems that there are no classes that implement `__sklearn_tags__` in the MRO and/or all classes in the MRO call `super().__sklearn_tags__()`. Make sure to inherit from `BaseEstimator` which implements `__sklearn_tags__` (or alternatively define `__sklearn_tags__` but we don't recommend this approach). Note that `BaseEstimator` needs to be on the right side of other Mixins in the inheritance order.
2026-06-10 08:03:31,866 - ERROR - Error evaluating ClassifierChain with 12 RQs (X shape=(491, 12), y shape=(491,))
Traceback (most recent call last):
  File "/Users/daniperry/anaconda3/envs/csed/lib/python3.12/site-packages/sklearn/utils/_tags.py", line 275, in get_tags
    tags = estimator.__sklearn_tags__()
           ^^^^^^^^^^^^^^^^^^^^^^^^^^
AttributeError: 'NoneType' object has no attribute '__sklearn_tags__'

During handling of the above exception, another exception occurred:

Traceback (most recent call last):
  File "/Users/daniperry/anaconda3/envs/csed/lib/python3.12/site-packages/sklearn/utils/_tags.py", line 275, in get_tags
    tags = estimator.__sklearn_tags__()
           ^^^^^^^^^^^^^^^^^^^^^^^^^^^^
  File "/Users/daniperry/anaconda3/envs/csed/lib/python3.12/site-packages/sklearn/multioutput.py", line 1159, in __sklearn_tags__
    tags = super().__sklearn_tags__()
           ^^^^^^^^^^^^^^^^^^^^^^^^^^
  File "/Users/daniperry/anaconda3/envs/csed/lib/python3.12/site-packages/sklearn/base.py", line 534, in __sklearn_tags__
    tags = super().__sklearn_tags__()
           ^^^^^^^^^^^^^^^^^^^^^^^^^^
  File "/Users/daniperry/anaconda3/envs/csed/lib/python3.12/site-packages/sklearn/multioutput.py", line 873, in __sklearn_tags__
    tags.input_tags.sparse = get_tags(self._get_estimator()).input_tags.sparse
                             ^^^^^^^^^^^^^^^^^^^^^^^^^^^^^^^
  File "/Users/daniperry/anaconda3/envs/csed/lib/python3.12/site-packages/sklearn/utils/_tags.py", line 283, in get_tags
    raise AttributeError(
AttributeError: The following error was raised: 'NoneType' object has no attribute '__sklearn_tags__'. It seems that there are no classes that implement `__sklearn_tags__` in the MRO and/or all classes in the MRO call `super().__sklearn_tags__()`. Make sure to inherit from `BaseEstimator` which implements `__sklearn_tags__` (or alternatively define `__sklearn_tags__` but we don't recommend this approach). Note that `BaseEstimator` needs to be on the right side of other Mixins in the inheritance order.

During handling of the above exception, another exception occurred:

Traceback (most recent call last):
  File "/var/folders/pv/hg29j3j512d8wd_qw_8g3msw0000gn/T/ipykernel_6814/1497247354.py", line 23, in get_results_dict
    per_k_results = error_fn(
                    ^^^^^^^^^
  File "/var/folders/pv/hg29j3j512d8wd_qw_8g3msw0000gn/T/ipykernel_6814/336487549.py", line 25, in report_error_bin
    scores = cross_validate(
             ^^^^^^^^^^^^^^^
  File "/Users/daniperry/anaconda3/envs/csed/lib/python3.12/site-packages/sklearn/utils/_param_validation.py", line 218, in wrapper
    return func(*args, **kwargs)
           ^^^^^^^^^^^^^^^^^^^^^
  File "/Users/daniperry/anaconda3/envs/csed/lib/python3.12/site-packages/sklearn/model_selection/_validation.py", line 320, in cross_validate
    cv = check_cv(cv, y, classifier=is_classifier(estimator))
                                    ^^^^^^^^^^^^^^^^^^^^^^^^
  File "/Users/daniperry/anaconda3/envs/csed/lib/python3.12/site-packages/sklearn/base.py", line 1211, in is_classifier
    return get_tags(estimator).estimator_type == "classifier"
           ^^^^^^^^^^^^^^^^^^^
  File "/Users/daniperry/anaconda3/envs/csed/lib/python3.12/site-packages/sklearn/utils/_tags.py", line 283, in get_tags
    raise AttributeError(
AttributeError: The following error was raised: The following error was raised: 'NoneType' object has no attribute '__sklearn_tags__'. It seems that there are no classes that implement `__sklearn_tags__` in the MRO and/or all classes in the MRO call `super().__sklearn_tags__()`. Make sure to inherit from `BaseEstimator` which implements `__sklearn_tags__` (or alternatively define `__sklearn_tags__` but we don't recommend this approach). Note that `BaseEstimator` needs to be on the right side of other Mixins in the inheritance order.. It seems that there are no classes that implement `__sklearn_tags__` in the MRO and/or all classes in the MRO call `super().__sklearn_tags__()`. Make sure to inherit from `BaseEstimator` which implements `__sklearn_tags__` (or alternatively define `__sklearn_tags__` but we don't recommend this approach). Note that `BaseEstimator` needs to be on the right side of other Mixins in the inheritance order.
2026-06-10 08:03:31,869 - ERROR - Error evaluating ClassifierChain with 13 RQs (X shape=(491, 13), y shape=(491,))
Traceback (most recent call last):
  File "/Users/daniperry/anaconda3/envs/csed/lib/python3.12/site-packages/sklearn/utils/_tags.py", line 275, in get_tags
    tags = estimator.__sklearn_tags__()
           ^^^^^^^^^^^^^^^^^^^^^^^^^^
AttributeError: 'NoneType' object has no attribute '__sklearn_tags__'

During handling of the above exception, another exception occurred:

Traceback (most recent call last):
  File "/Users/daniperry/anaconda3/envs/csed/lib/python3.12/site-packages/sklearn/utils/_tags.py", line 275, in get_tags
    tags = estimator.__sklearn_tags__()
           ^^^^^^^^^^^^^^^^^^^^^^^^^^^^
  File "/Users/daniperry/anaconda3/envs/csed/lib/python3.12/site-packages/sklearn/multioutput.py", line 1159, in __sklearn_tags__
    tags = super().__sklearn_tags__()
           ^^^^^^^^^^^^^^^^^^^^^^^^^^
  File "/Users/daniperry/anaconda3/envs/csed/lib/python3.12/site-packages/sklearn/base.py", line 534, in __sklearn_tags__
    tags = super().__sklearn_tags__()
           ^^^^^^^^^^^^^^^^^^^^^^^^^^
  File "/Users/daniperry/anaconda3/envs/csed/lib/python3.12/site-packages/sklearn/multioutput.py", line 873, in __sklearn_tags__
    tags.input_tags.sparse = get_tags(self._get_estimator()).input_tags.sparse
                             ^^^^^^^^^^^^^^^^^^^^^^^^^^^^^^^
  File "/Users/daniperry/anaconda3/envs/csed/lib/python3.12/site-packages/sklearn/utils/_tags.py", line 283, in get_tags
    raise AttributeError(
AttributeError: The following error was raised: 'NoneType' object has no attribute '__sklearn_tags__'. It seems that there are no classes that implement `__sklearn_tags__` in the MRO and/or all classes in the MRO call `super().__sklearn_tags__()`. Make sure to inherit from `BaseEstimator` which implements `__sklearn_tags__` (or alternatively define `__sklearn_tags__` but we don't recommend this approach). Note that `BaseEstimator` needs to be on the right side of other Mixins in the inheritance order.

During handling of the above exception, another exception occurred:

Traceback (most recent call last):
  File "/var/folders/pv/hg29j3j512d8wd_qw_8g3msw0000gn/T/ipykernel_6814/1497247354.py", line 23, in get_results_dict
    per_k_results = error_fn(
                    ^^^^^^^^^
  File "/var/folders/pv/hg29j3j512d8wd_qw_8g3msw0000gn/T/ipykernel_6814/336487549.py", line 25, in report_error_bin
    scores = cross_validate(
             ^^^^^^^^^^^^^^^
  File "/Users/daniperry/anaconda3/envs/csed/lib/python3.12/site-packages/sklearn/utils/_param_validation.py", line 218, in wrapper
    return func(*args, **kwargs)
           ^^^^^^^^^^^^^^^^^^^^^
  File "/Users/daniperry/anaconda3/envs/csed/lib/python3.12/site-packages/sklearn/model_selection/_validation.py", line 320, in cross_validate
    cv = check_cv(cv, y, classifier=is_classifier(estimator))
                                    ^^^^^^^^^^^^^^^^^^^^^^^^
  File "/Users/daniperry/anaconda3/envs/csed/lib/python3.12/site-packages/sklearn/base.py", line 1211, in is_classifier
    return get_tags(estimator).estimator_type == "classifier"
           ^^^^^^^^^^^^^^^^^^^
  File "/Users/daniperry/anaconda3/envs/csed/lib/python3.12/site-packages/sklearn/utils/_tags.py", line 283, in get_tags
    raise AttributeError(
AttributeError: The following error was raised: The following error was raised: 'NoneType' object has no attribute '__sklearn_tags__'. It seems that there are no classes that implement `__sklearn_tags__` in the MRO and/or all classes in the MRO call `super().__sklearn_tags__()`. Make sure to inherit from `BaseEstimator` which implements `__sklearn_tags__` (or alternatively define `__sklearn_tags__` but we don't recommend this approach). Note that `BaseEstimator` needs to be on the right side of other Mixins in the inheritance order.. It seems that there are no classes that implement `__sklearn_tags__` in the MRO and/or all classes in the MRO call `super().__sklearn_tags__()`. Make sure to inherit from `BaseEstimator` which implements `__sklearn_tags__` (or alternatively define `__sklearn_tags__` but we don't recommend this approach). Note that `BaseEstimator` needs to be on the right side of other Mixins in the inheritance order.
2026-06-10 08:03:31,873 - ERROR - Error evaluating ClassifierChain with 14 RQs (X shape=(491, 14), y shape=(491,))
Traceback (most recent call last):
  File "/Users/daniperry/anaconda3/envs/csed/lib/python3.12/site-packages/sklearn/utils/_tags.py", line 275, in get_tags
    tags = estimator.__sklearn_tags__()
           ^^^^^^^^^^^^^^^^^^^^^^^^^^
AttributeError: 'NoneType' object has no attribute '__sklearn_tags__'

During handling of the above exception, another exception occurred:

Traceback (most recent call last):
  File "/Users/daniperry/anaconda3/envs/csed/lib/python3.12/site-packages/sklearn/utils/_tags.py", line 275, in get_tags
    tags = estimator.__sklearn_tags__()
           ^^^^^^^^^^^^^^^^^^^^^^^^^^^^
  File "/Users/daniperry/anaconda3/envs/csed/lib/python3.12/site-packages/sklearn/multioutput.py", line 1159, in __sklearn_tags__
    tags = super().__sklearn_tags__()
           ^^^^^^^^^^^^^^^^^^^^^^^^^^
  File "/Users/daniperry/anaconda3/envs/csed/lib/python3.12/site-packages/sklearn/base.py", line 534, in __sklearn_tags__
    tags = super().__sklearn_tags__()
           ^^^^^^^^^^^^^^^^^^^^^^^^^^
  File "/Users/daniperry/anaconda3/envs/csed/lib/python3.12/site-packages/sklearn/multioutput.py", line 873, in __sklearn_tags__
    tags.input_tags.sparse = get_tags(self._get_estimator()).input_tags.sparse
                             ^^^^^^^^^^^^^^^^^^^^^^^^^^^^^^^
  File "/Users/daniperry/anaconda3/envs/csed/lib/python3.12/site-packages/sklearn/utils/_tags.py", line 283, in get_tags
    raise AttributeError(
AttributeError: The following error was raised: 'NoneType' object has no attribute '__sklearn_tags__'. It seems that there are no classes that implement `__sklearn_tags__` in the MRO and/or all classes in the MRO call `super().__sklearn_tags__()`. Make sure to inherit from `BaseEstimator` which implements `__sklearn_tags__` (or alternatively define `__sklearn_tags__` but we don't recommend this approach). Note that `BaseEstimator` needs to be on the right side of other Mixins in the inheritance order.

During handling of the above exception, another exception occurred:

Traceback (most recent call last):
  File "/var/folders/pv/hg29j3j512d8wd_qw_8g3msw0000gn/T/ipykernel_6814/1497247354.py", line 23, in get_results_dict
    per_k_results = error_fn(
                    ^^^^^^^^^
  File "/var/folders/pv/hg29j3j512d8wd_qw_8g3msw0000gn/T/ipykernel_6814/336487549.py", line 25, in report_error_bin
    scores = cross_validate(
             ^^^^^^^^^^^^^^^
  File "/Users/daniperry/anaconda3/envs/csed/lib/python3.12/site-packages/sklearn/utils/_param_validation.py", line 218, in wrapper
    return func(*args, **kwargs)
           ^^^^^^^^^^^^^^^^^^^^^
  File "/Users/daniperry/anaconda3/envs/csed/lib/python3.12/site-packages/sklearn/model_selection/_validation.py", line 320, in cross_validate
    cv = check_cv(cv, y, classifier=is_classifier(estimator))
                                    ^^^^^^^^^^^^^^^^^^^^^^^^
  File "/Users/daniperry/anaconda3/envs/csed/lib/python3.12/site-packages/sklearn/base.py", line 1211, in is_classifier
    return get_tags(estimator).estimator_type == "classifier"
           ^^^^^^^^^^^^^^^^^^^
  File "/Users/daniperry/anaconda3/envs/csed/lib/python3.12/site-packages/sklearn/utils/_tags.py", line 283, in get_tags
    raise AttributeError(
AttributeError: The following error was raised: The following error was raised: 'NoneType' object has no attribute '__sklearn_tags__'. It seems that there are no classes that implement `__sklearn_tags__` in the MRO and/or all classes in the MRO call `super().__sklearn_tags__()`. Make sure to inherit from `BaseEstimator` which implements `__sklearn_tags__` (or alternatively define `__sklearn_tags__` but we don't recommend this approach). Note that `BaseEstimator` needs to be on the right side of other Mixins in the inheritance order.. It seems that there are no classes that implement `__sklearn_tags__` in the MRO and/or all classes in the MRO call `super().__sklearn_tags__()`. Make sure to inherit from `BaseEstimator` which implements `__sklearn_tags__` (or alternatively define `__sklearn_tags__` but we don't recommend this approach). Note that `BaseEstimator` needs to be on the right side of other Mixins in the inheritance order.
2026-06-10 08:03:31,876 - ERROR - Error evaluating ClassifierChain with 15 RQs (X shape=(491, 15), y shape=(491,))
Traceback (most recent call last):
  File "/Users/daniperry/anaconda3/envs/csed/lib/python3.12/site-packages/sklearn/utils/_tags.py", line 275, in get_tags
    tags = estimator.__sklearn_tags__()
           ^^^^^^^^^^^^^^^^^^^^^^^^^^
AttributeError: 'NoneType' object has no attribute '__sklearn_tags__'

During handling of the above exception, another exception occurred:

Traceback (most recent call last):
  File "/Users/daniperry/anaconda3/envs/csed/lib/python3.12/site-packages/sklearn/utils/_tags.py", line 275, in get_tags
    tags = estimator.__sklearn_tags__()
           ^^^^^^^^^^^^^^^^^^^^^^^^^^^^
  File "/Users/daniperry/anaconda3/envs/csed/lib/python3.12/site-packages/sklearn/multioutput.py", line 1159, in __sklearn_tags__
    tags = super().__sklearn_tags__()
           ^^^^^^^^^^^^^^^^^^^^^^^^^^
  File "/Users/daniperry/anaconda3/envs/csed/lib/python3.12/site-packages/sklearn/base.py", line 534, in __sklearn_tags__
    tags = super().__sklearn_tags__()
           ^^^^^^^^^^^^^^^^^^^^^^^^^^
  File "/Users/daniperry/anaconda3/envs/csed/lib/python3.12/site-packages/sklearn/multioutput.py", line 873, in __sklearn_tags__
    tags.input_tags.sparse = get_tags(self._get_estimator()).input_tags.sparse
                             ^^^^^^^^^^^^^^^^^^^^^^^^^^^^^^^
  File "/Users/daniperry/anaconda3/envs/csed/lib/python3.12/site-packages/sklearn/utils/_tags.py", line 283, in get_tags
    raise AttributeError(
AttributeError: The following error was raised: 'NoneType' object has no attribute '__sklearn_tags__'. It seems that there are no classes that implement `__sklearn_tags__` in the MRO and/or all classes in the MRO call `super().__sklearn_tags__()`. Make sure to inherit from `BaseEstimator` which implements `__sklearn_tags__` (or alternatively define `__sklearn_tags__` but we don't recommend this approach). Note that `BaseEstimator` needs to be on the right side of other Mixins in the inheritance order.

During handling of the above exception, another exception occurred:

Traceback (most recent call last):
  File "/var/folders/pv/hg29j3j512d8wd_qw_8g3msw0000gn/T/ipykernel_6814/1497247354.py", line 23, in get_results_dict
    per_k_results = error_fn(
                    ^^^^^^^^^
  File "/var/folders/pv/hg29j3j512d8wd_qw_8g3msw0000gn/T/ipykernel_6814/336487549.py", line 25, in report_error_bin
    scores = cross_validate(
             ^^^^^^^^^^^^^^^
  File "/Users/daniperry/anaconda3/envs/csed/lib/python3.12/site-packages/sklearn/utils/_param_validation.py", line 218, in wrapper
    return func(*args, **kwargs)
           ^^^^^^^^^^^^^^^^^^^^^
  File "/Users/daniperry/anaconda3/envs/csed/lib/python3.12/site-packages/sklearn/model_selection/_validation.py", line 320, in cross_validate
    cv = check_cv(cv, y, classifier=is_classifier(estimator))
                                    ^^^^^^^^^^^^^^^^^^^^^^^^
  File "/Users/daniperry/anaconda3/envs/csed/lib/python3.12/site-packages/sklearn/base.py", line 1211, in is_classifier
    return get_tags(estimator).estimator_type == "classifier"
           ^^^^^^^^^^^^^^^^^^^
  File "/Users/daniperry/anaconda3/envs/csed/lib/python3.12/site-packages/sklearn/utils/_tags.py", line 283, in get_tags
    raise AttributeError(
AttributeError: The following error was raised: The following error was raised: 'NoneType' object has no attribute '__sklearn_tags__'. It seems that there are no classes that implement `__sklearn_tags__` in the MRO and/or all classes in the MRO call `super().__sklearn_tags__()`. Make sure to inherit from `BaseEstimator` which implements `__sklearn_tags__` (or alternatively define `__sklearn_tags__` but we don't recommend this approach). Note that `BaseEstimator` needs to be on the right side of other Mixins in the inheritance order.. It seems that there are no classes that implement `__sklearn_tags__` in the MRO and/or all classes in the MRO call `super().__sklearn_tags__()`. Make sure to inherit from `BaseEstimator` which implements `__sklearn_tags__` (or alternatively define `__sklearn_tags__` but we don't recommend this approach). Note that `BaseEstimator` needs to be on the right side of other Mixins in the inheritance order.
2026-06-10 08:03:31,880 - ERROR - Error evaluating ClassifierChain with 16 RQs (X shape=(491, 16), y shape=(491,))
Traceback (most recent call last):
  File "/Users/daniperry/anaconda3/envs/csed/lib/python3.12/site-packages/sklearn/utils/_tags.py", line 275, in get_tags
    tags = estimator.__sklearn_tags__()
           ^^^^^^^^^^^^^^^^^^^^^^^^^^
AttributeError: 'NoneType' object has no attribute '__sklearn_tags__'

During handling of the above exception, another exception occurred:

Traceback (most recent call last):
  File "/Users/daniperry/anaconda3/envs/csed/lib/python3.12/site-packages/sklearn/utils/_tags.py", line 275, in get_tags
    tags = estimator.__sklearn_tags__()
           ^^^^^^^^^^^^^^^^^^^^^^^^^^^^
  File "/Users/daniperry/anaconda3/envs/csed/lib/python3.12/site-packages/sklearn/multioutput.py", line 1159, in __sklearn_tags__
    tags = super().__sklearn_tags__()
           ^^^^^^^^^^^^^^^^^^^^^^^^^^
  File "/Users/daniperry/anaconda3/envs/csed/lib/python3.12/site-packages/sklearn/base.py", line 534, in __sklearn_tags__
    tags = super().__sklearn_tags__()
           ^^^^^^^^^^^^^^^^^^^^^^^^^^
  File "/Users/daniperry/anaconda3/envs/csed/lib/python3.12/site-packages/sklearn/multioutput.py", line 873, in __sklearn_tags__
    tags.input_tags.sparse = get_tags(self._get_estimator()).input_tags.sparse
                             ^^^^^^^^^^^^^^^^^^^^^^^^^^^^^^^
  File "/Users/daniperry/anaconda3/envs/csed/lib/python3.12/site-packages/sklearn/utils/_tags.py", line 283, in get_tags
    raise AttributeError(
AttributeError: The following error was raised: 'NoneType' object has no attribute '__sklearn_tags__'. It seems that there are no classes that implement `__sklearn_tags__` in the MRO and/or all classes in the MRO call `super().__sklearn_tags__()`. Make sure to inherit from `BaseEstimator` which implements `__sklearn_tags__` (or alternatively define `__sklearn_tags__` but we don't recommend this approach). Note that `BaseEstimator` needs to be on the right side of other Mixins in the inheritance order.

During handling of the above exception, another exception occurred:

Traceback (most recent call last):
  File "/var/folders/pv/hg29j3j512d8wd_qw_8g3msw0000gn/T/ipykernel_6814/1497247354.py", line 23, in get_results_dict
    per_k_results = error_fn(
                    ^^^^^^^^^
  File "/var/folders/pv/hg29j3j512d8wd_qw_8g3msw0000gn/T/ipykernel_6814/336487549.py", line 25, in report_error_bin
    scores = cross_validate(
             ^^^^^^^^^^^^^^^
  File "/Users/daniperry/anaconda3/envs/csed/lib/python3.12/site-packages/sklearn/utils/_param_validation.py", line 218, in wrapper
    return func(*args, **kwargs)
           ^^^^^^^^^^^^^^^^^^^^^
  File "/Users/daniperry/anaconda3/envs/csed/lib/python3.12/site-packages/sklearn/model_selection/_validation.py", line 320, in cross_validate
    cv = check_cv(cv, y, classifier=is_classifier(estimator))
                                    ^^^^^^^^^^^^^^^^^^^^^^^^
  File "/Users/daniperry/anaconda3/envs/csed/lib/python3.12/site-packages/sklearn/base.py", line 1211, in is_classifier
    return get_tags(estimator).estimator_type == "classifier"
           ^^^^^^^^^^^^^^^^^^^
  File "/Users/daniperry/anaconda3/envs/csed/lib/python3.12/site-packages/sklearn/utils/_tags.py", line 283, in get_tags
    raise AttributeError(
AttributeError: The following error was raised: The following error was raised: 'NoneType' object has no attribute '__sklearn_tags__'. It seems that there are no classes that implement `__sklearn_tags__` in the MRO and/or all classes in the MRO call `super().__sklearn_tags__()`. Make sure to inherit from `BaseEstimator` which implements `__sklearn_tags__` (or alternatively define `__sklearn_tags__` but we don't recommend this approach). Note that `BaseEstimator` needs to be on the right side of other Mixins in the inheritance order.. It seems that there are no classes that implement `__sklearn_tags__` in the MRO and/or all classes in the MRO call `super().__sklearn_tags__()`. Make sure to inherit from `BaseEstimator` which implements `__sklearn_tags__` (or alternatively define `__sklearn_tags__` but we don't recommend this approach). Note that `BaseEstimator` needs to be on the right side of other Mixins in the inheritance order.
2026-06-10 08:03:31,883 - ERROR - Error evaluating ClassifierChain with 17 RQs (X shape=(491, 17), y shape=(491,))
Traceback (most recent call last):
  File "/Users/daniperry/anaconda3/envs/csed/lib/python3.12/site-packages/sklearn/utils/_tags.py", line 275, in get_tags
    tags = estimator.__sklearn_tags__()
           ^^^^^^^^^^^^^^^^^^^^^^^^^^
AttributeError: 'NoneType' object has no attribute '__sklearn_tags__'

During handling of the above exception, another exception occurred:

Traceback (most recent call last):
  File "/Users/daniperry/anaconda3/envs/csed/lib/python3.12/site-packages/sklearn/utils/_tags.py", line 275, in get_tags
    tags = estimator.__sklearn_tags__()
           ^^^^^^^^^^^^^^^^^^^^^^^^^^^^
  File "/Users/daniperry/anaconda3/envs/csed/lib/python3.12/site-packages/sklearn/multioutput.py", line 1159, in __sklearn_tags__
    tags = super().__sklearn_tags__()
           ^^^^^^^^^^^^^^^^^^^^^^^^^^
  File "/Users/daniperry/anaconda3/envs/csed/lib/python3.12/site-packages/sklearn/base.py", line 534, in __sklearn_tags__
    tags = super().__sklearn_tags__()
           ^^^^^^^^^^^^^^^^^^^^^^^^^^
  File "/Users/daniperry/anaconda3/envs/csed/lib/python3.12/site-packages/sklearn/multioutput.py", line 873, in __sklearn_tags__
    tags.input_tags.sparse = get_tags(self._get_estimator()).input_tags.sparse
                             ^^^^^^^^^^^^^^^^^^^^^^^^^^^^^^^
  File "/Users/daniperry/anaconda3/envs/csed/lib/python3.12/site-packages/sklearn/utils/_tags.py", line 283, in get_tags
    raise AttributeError(
AttributeError: The following error was raised: 'NoneType' object has no attribute '__sklearn_tags__'. It seems that there are no classes that implement `__sklearn_tags__` in the MRO and/or all classes in the MRO call `super().__sklearn_tags__()`. Make sure to inherit from `BaseEstimator` which implements `__sklearn_tags__` (or alternatively define `__sklearn_tags__` but we don't recommend this approach). Note that `BaseEstimator` needs to be on the right side of other Mixins in the inheritance order.

During handling of the above exception, another exception occurred:

Traceback (most recent call last):
  File "/var/folders/pv/hg29j3j512d8wd_qw_8g3msw0000gn/T/ipykernel_6814/1497247354.py", line 23, in get_results_dict
    per_k_results = error_fn(
                    ^^^^^^^^^
  File "/var/folders/pv/hg29j3j512d8wd_qw_8g3msw0000gn/T/ipykernel_6814/336487549.py", line 25, in report_error_bin
    scores = cross_validate(
             ^^^^^^^^^^^^^^^
  File "/Users/daniperry/anaconda3/envs/csed/lib/python3.12/site-packages/sklearn/utils/_param_validation.py", line 218, in wrapper
    return func(*args, **kwargs)
           ^^^^^^^^^^^^^^^^^^^^^
  File "/Users/daniperry/anaconda3/envs/csed/lib/python3.12/site-packages/sklearn/model_selection/_validation.py", line 320, in cross_validate
    cv = check_cv(cv, y, classifier=is_classifier(estimator))
                                    ^^^^^^^^^^^^^^^^^^^^^^^^
  File "/Users/daniperry/anaconda3/envs/csed/lib/python3.12/site-packages/sklearn/base.py", line 1211, in is_classifier
    return get_tags(estimator).estimator_type == "classifier"
           ^^^^^^^^^^^^^^^^^^^
  File "/Users/daniperry/anaconda3/envs/csed/lib/python3.12/site-packages/sklearn/utils/_tags.py", line 283, in get_tags
    raise AttributeError(
AttributeError: The following error was raised: The following error was raised: 'NoneType' object has no attribute '__sklearn_tags__'. It seems that there are no classes that implement `__sklearn_tags__` in the MRO and/or all classes in the MRO call `super().__sklearn_tags__()`. Make sure to inherit from `BaseEstimator` which implements `__sklearn_tags__` (or alternatively define `__sklearn_tags__` but we don't recommend this approach). Note that `BaseEstimator` needs to be on the right side of other Mixins in the inheritance order.. It seems that there are no classes that implement `__sklearn_tags__` in the MRO and/or all classes in the MRO call `super().__sklearn_tags__()`. Make sure to inherit from `BaseEstimator` which implements `__sklearn_tags__` (or alternatively define `__sklearn_tags__` but we don't recommend this approach). Note that `BaseEstimator` needs to be on the right side of other Mixins in the inheritance order.
2026-06-10 08:03:31,887 - ERROR - Error evaluating ClassifierChain with 18 RQs (X shape=(491, 18), y shape=(491,))
Traceback (most recent call last):
  File "/Users/daniperry/anaconda3/envs/csed/lib/python3.12/site-packages/sklearn/utils/_tags.py", line 275, in get_tags
    tags = estimator.__sklearn_tags__()
           ^^^^^^^^^^^^^^^^^^^^^^^^^^
AttributeError: 'NoneType' object has no attribute '__sklearn_tags__'

During handling of the above exception, another exception occurred:

Traceback (most recent call last):
  File "/Users/daniperry/anaconda3/envs/csed/lib/python3.12/site-packages/sklearn/utils/_tags.py", line 275, in get_tags
    tags = estimator.__sklearn_tags__()
           ^^^^^^^^^^^^^^^^^^^^^^^^^^^^
  File "/Users/daniperry/anaconda3/envs/csed/lib/python3.12/site-packages/sklearn/multioutput.py", line 1159, in __sklearn_tags__
    tags = super().__sklearn_tags__()
           ^^^^^^^^^^^^^^^^^^^^^^^^^^
  File "/Users/daniperry/anaconda3/envs/csed/lib/python3.12/site-packages/sklearn/base.py", line 534, in __sklearn_tags__
    tags = super().__sklearn_tags__()
           ^^^^^^^^^^^^^^^^^^^^^^^^^^
  File "/Users/daniperry/anaconda3/envs/csed/lib/python3.12/site-packages/sklearn/multioutput.py", line 873, in __sklearn_tags__
    tags.input_tags.sparse = get_tags(self._get_estimator()).input_tags.sparse
                             ^^^^^^^^^^^^^^^^^^^^^^^^^^^^^^^
  File "/Users/daniperry/anaconda3/envs/csed/lib/python3.12/site-packages/sklearn/utils/_tags.py", line 283, in get_tags
    raise AttributeError(
AttributeError: The following error was raised: 'NoneType' object has no attribute '__sklearn_tags__'. It seems that there are no classes that implement `__sklearn_tags__` in the MRO and/or all classes in the MRO call `super().__sklearn_tags__()`. Make sure to inherit from `BaseEstimator` which implements `__sklearn_tags__` (or alternatively define `__sklearn_tags__` but we don't recommend this approach). Note that `BaseEstimator` needs to be on the right side of other Mixins in the inheritance order.

During handling of the above exception, another exception occurred:

Traceback (most recent call last):
  File "/var/folders/pv/hg29j3j512d8wd_qw_8g3msw0000gn/T/ipykernel_6814/1497247354.py", line 23, in get_results_dict
    per_k_results = error_fn(
                    ^^^^^^^^^
  File "/var/folders/pv/hg29j3j512d8wd_qw_8g3msw0000gn/T/ipykernel_6814/336487549.py", line 25, in report_error_bin
    scores = cross_validate(
             ^^^^^^^^^^^^^^^
  File "/Users/daniperry/anaconda3/envs/csed/lib/python3.12/site-packages/sklearn/utils/_param_validation.py", line 218, in wrapper
    return func(*args, **kwargs)
           ^^^^^^^^^^^^^^^^^^^^^
  File "/Users/daniperry/anaconda3/envs/csed/lib/python3.12/site-packages/sklearn/model_selection/_validation.py", line 320, in cross_validate
    cv = check_cv(cv, y, classifier=is_classifier(estimator))
                                    ^^^^^^^^^^^^^^^^^^^^^^^^
  File "/Users/daniperry/anaconda3/envs/csed/lib/python3.12/site-packages/sklearn/base.py", line 1211, in is_classifier
    return get_tags(estimator).estimator_type == "classifier"
           ^^^^^^^^^^^^^^^^^^^
  File "/Users/daniperry/anaconda3/envs/csed/lib/python3.12/site-packages/sklearn/utils/_tags.py", line 283, in get_tags
    raise AttributeError(
AttributeError: The following error was raised: The following error was raised: 'NoneType' object has no attribute '__sklearn_tags__'. It seems that there are no classes that implement `__sklearn_tags__` in the MRO and/or all classes in the MRO call `super().__sklearn_tags__()`. Make sure to inherit from `BaseEstimator` which implements `__sklearn_tags__` (or alternatively define `__sklearn_tags__` but we don't recommend this approach). Note that `BaseEstimator` needs to be on the right side of other Mixins in the inheritance order.. It seems that there are no classes that implement `__sklearn_tags__` in the MRO and/or all classes in the MRO call `super().__sklearn_tags__()`. Make sure to inherit from `BaseEstimator` which implements `__sklearn_tags__` (or alternatively define `__sklearn_tags__` but we don't recommend this approach). Note that `BaseEstimator` needs to be on the right side of other Mixins in the inheritance order.
2026-06-10 08:03:31,891 - ERROR - Error evaluating ClassifierChain with 19 RQs (X shape=(491, 19), y shape=(491,))
Traceback (most recent call last):
  File "/Users/daniperry/anaconda3/envs/csed/lib/python3.12/site-packages/sklearn/utils/_tags.py", line 275, in get_tags
    tags = estimator.__sklearn_tags__()
           ^^^^^^^^^^^^^^^^^^^^^^^^^^
AttributeError: 'NoneType' object has no attribute '__sklearn_tags__'

During handling of the above exception, another exception occurred:

Traceback (most recent call last):
  File "/Users/daniperry/anaconda3/envs/csed/lib/python3.12/site-packages/sklearn/utils/_tags.py", line 275, in get_tags
    tags = estimator.__sklearn_tags__()
           ^^^^^^^^^^^^^^^^^^^^^^^^^^^^
  File "/Users/daniperry/anaconda3/envs/csed/lib/python3.12/site-packages/sklearn/multioutput.py", line 1159, in __sklearn_tags__
    tags = super().__sklearn_tags__()
           ^^^^^^^^^^^^^^^^^^^^^^^^^^
  File "/Users/daniperry/anaconda3/envs/csed/lib/python3.12/site-packages/sklearn/base.py", line 534, in __sklearn_tags__
    tags = super().__sklearn_tags__()
           ^^^^^^^^^^^^^^^^^^^^^^^^^^
  File "/Users/daniperry/anaconda3/envs/csed/lib/python3.12/site-packages/sklearn/multioutput.py", line 873, in __sklearn_tags__
    tags.input_tags.sparse = get_tags(self._get_estimator()).input_tags.sparse
                             ^^^^^^^^^^^^^^^^^^^^^^^^^^^^^^^
  File "/Users/daniperry/anaconda3/envs/csed/lib/python3.12/site-packages/sklearn/utils/_tags.py", line 283, in get_tags
    raise AttributeError(
AttributeError: The following error was raised: 'NoneType' object has no attribute '__sklearn_tags__'. It seems that there are no classes that implement `__sklearn_tags__` in the MRO and/or all classes in the MRO call `super().__sklearn_tags__()`. Make sure to inherit from `BaseEstimator` which implements `__sklearn_tags__` (or alternatively define `__sklearn_tags__` but we don't recommend this approach). Note that `BaseEstimator` needs to be on the right side of other Mixins in the inheritance order.

During handling of the above exception, another exception occurred:

Traceback (most recent call last):
  File "/var/folders/pv/hg29j3j512d8wd_qw_8g3msw0000gn/T/ipykernel_6814/1497247354.py", line 23, in get_results_dict
    per_k_results = error_fn(
                    ^^^^^^^^^
  File "/var/folders/pv/hg29j3j512d8wd_qw_8g3msw0000gn/T/ipykernel_6814/336487549.py", line 25, in report_error_bin
    scores = cross_validate(
             ^^^^^^^^^^^^^^^
  File "/Users/daniperry/anaconda3/envs/csed/lib/python3.12/site-packages/sklearn/utils/_param_validation.py", line 218, in wrapper
    return func(*args, **kwargs)
           ^^^^^^^^^^^^^^^^^^^^^
  File "/Users/daniperry/anaconda3/envs/csed/lib/python3.12/site-packages/sklearn/model_selection/_validation.py", line 320, in cross_validate
    cv = check_cv(cv, y, classifier=is_classifier(estimator))
                                    ^^^^^^^^^^^^^^^^^^^^^^^^
  File "/Users/daniperry/anaconda3/envs/csed/lib/python3.12/site-packages/sklearn/base.py", line 1211, in is_classifier
    return get_tags(estimator).estimator_type == "classifier"
           ^^^^^^^^^^^^^^^^^^^
  File "/Users/daniperry/anaconda3/envs/csed/lib/python3.12/site-packages/sklearn/utils/_tags.py", line 283, in get_tags
    raise AttributeError(
AttributeError: The following error was raised: The following error was raised: 'NoneType' object has no attribute '__sklearn_tags__'. It seems that there are no classes that implement `__sklearn_tags__` in the MRO and/or all classes in the MRO call `super().__sklearn_tags__()`. Make sure to inherit from `BaseEstimator` which implements `__sklearn_tags__` (or alternatively define `__sklearn_tags__` but we don't recommend this approach). Note that `BaseEstimator` needs to be on the right side of other Mixins in the inheritance order.. It seems that there are no classes that implement `__sklearn_tags__` in the MRO and/or all classes in the MRO call `super().__sklearn_tags__()`. Make sure to inherit from `BaseEstimator` which implements `__sklearn_tags__` (or alternatively define `__sklearn_tags__` but we don't recommend this approach). Note that `BaseEstimator` needs to be on the right side of other Mixins in the inheritance order.
2026-06-10 08:03:31,894 - ERROR - Error evaluating ClassifierChain with 20 RQs (X shape=(491, 20), y shape=(491,))
Traceback (most recent call last):
  File "/Users/daniperry/anaconda3/envs/csed/lib/python3.12/site-packages/sklearn/utils/_tags.py", line 275, in get_tags
    tags = estimator.__sklearn_tags__()
           ^^^^^^^^^^^^^^^^^^^^^^^^^^
AttributeError: 'NoneType' object has no attribute '__sklearn_tags__'

During handling of the above exception, another exception occurred:

Traceback (most recent call last):
  File "/Users/daniperry/anaconda3/envs/csed/lib/python3.12/site-packages/sklearn/utils/_tags.py", line 275, in get_tags
    tags = estimator.__sklearn_tags__()
           ^^^^^^^^^^^^^^^^^^^^^^^^^^^^
  File "/Users/daniperry/anaconda3/envs/csed/lib/python3.12/site-packages/sklearn/multioutput.py", line 1159, in __sklearn_tags__
    tags = super().__sklearn_tags__()
           ^^^^^^^^^^^^^^^^^^^^^^^^^^
  File "/Users/daniperry/anaconda3/envs/csed/lib/python3.12/site-packages/sklearn/base.py", line 534, in __sklearn_tags__
    tags = super().__sklearn_tags__()
           ^^^^^^^^^^^^^^^^^^^^^^^^^^
  File "/Users/daniperry/anaconda3/envs/csed/lib/python3.12/site-packages/sklearn/multioutput.py", line 873, in __sklearn_tags__
    tags.input_tags.sparse = get_tags(self._get_estimator()).input_tags.sparse
                             ^^^^^^^^^^^^^^^^^^^^^^^^^^^^^^^
  File "/Users/daniperry/anaconda3/envs/csed/lib/python3.12/site-packages/sklearn/utils/_tags.py", line 283, in get_tags
    raise AttributeError(
AttributeError: The following error was raised: 'NoneType' object has no attribute '__sklearn_tags__'. It seems that there are no classes that implement `__sklearn_tags__` in the MRO and/or all classes in the MRO call `super().__sklearn_tags__()`. Make sure to inherit from `BaseEstimator` which implements `__sklearn_tags__` (or alternatively define `__sklearn_tags__` but we don't recommend this approach). Note that `BaseEstimator` needs to be on the right side of other Mixins in the inheritance order.

During handling of the above exception, another exception occurred:

Traceback (most recent call last):
  File "/var/folders/pv/hg29j3j512d8wd_qw_8g3msw0000gn/T/ipykernel_6814/1497247354.py", line 23, in get_results_dict
    per_k_results = error_fn(
                    ^^^^^^^^^
  File "/var/folders/pv/hg29j3j512d8wd_qw_8g3msw0000gn/T/ipykernel_6814/336487549.py", line 25, in report_error_bin
    scores = cross_validate(
             ^^^^^^^^^^^^^^^
  File "/Users/daniperry/anaconda3/envs/csed/lib/python3.12/site-packages/sklearn/utils/_param_validation.py", line 218, in wrapper
    return func(*args, **kwargs)
           ^^^^^^^^^^^^^^^^^^^^^
  File "/Users/daniperry/anaconda3/envs/csed/lib/python3.12/site-packages/sklearn/model_selection/_validation.py", line 320, in cross_validate
    cv = check_cv(cv, y, classifier=is_classifier(estimator))
                                    ^^^^^^^^^^^^^^^^^^^^^^^^
  File "/Users/daniperry/anaconda3/envs/csed/lib/python3.12/site-packages/sklearn/base.py", line 1211, in is_classifier
    return get_tags(estimator).estimator_type == "classifier"
           ^^^^^^^^^^^^^^^^^^^
  File "/Users/daniperry/anaconda3/envs/csed/lib/python3.12/site-packages/sklearn/utils/_tags.py", line 283, in get_tags
    raise AttributeError(
AttributeError: The following error was raised: The following error was raised: 'NoneType' object has no attribute '__sklearn_tags__'. It seems that there are no classes that implement `__sklearn_tags__` in the MRO and/or all classes in the MRO call `super().__sklearn_tags__()`. Make sure to inherit from `BaseEstimator` which implements `__sklearn_tags__` (or alternatively define `__sklearn_tags__` but we don't recommend this approach). Note that `BaseEstimator` needs to be on the right side of other Mixins in the inheritance order.. It seems that there are no classes that implement `__sklearn_tags__` in the MRO and/or all classes in the MRO call `super().__sklearn_tags__()`. Make sure to inherit from `BaseEstimator` which implements `__sklearn_tags__` (or alternatively define `__sklearn_tags__` but we don't recommend this approach). Note that `BaseEstimator` needs to be on the right side of other Mixins in the inheritance order.
2026-06-10 08:03:31,898 - ERROR - Error evaluating ClassifierChain with 21 RQs (X shape=(491, 21), y shape=(491,))
Traceback (most recent call last):
  File "/Users/daniperry/anaconda3/envs/csed/lib/python3.12/site-packages/sklearn/utils/_tags.py", line 275, in get_tags
    tags = estimator.__sklearn_tags__()
           ^^^^^^^^^^^^^^^^^^^^^^^^^^
AttributeError: 'NoneType' object has no attribute '__sklearn_tags__'

During handling of the above exception, another exception occurred:

Traceback (most recent call last):
  File "/Users/daniperry/anaconda3/envs/csed/lib/python3.12/site-packages/sklearn/utils/_tags.py", line 275, in get_tags
    tags = estimator.__sklearn_tags__()
           ^^^^^^^^^^^^^^^^^^^^^^^^^^^^
  File "/Users/daniperry/anaconda3/envs/csed/lib/python3.12/site-packages/sklearn/multioutput.py", line 1159, in __sklearn_tags__
    tags = super().__sklearn_tags__()
           ^^^^^^^^^^^^^^^^^^^^^^^^^^
  File "/Users/daniperry/anaconda3/envs/csed/lib/python3.12/site-packages/sklearn/base.py", line 534, in __sklearn_tags__
    tags = super().__sklearn_tags__()
           ^^^^^^^^^^^^^^^^^^^^^^^^^^
  File "/Users/daniperry/anaconda3/envs/csed/lib/python3.12/site-packages/sklearn/multioutput.py", line 873, in __sklearn_tags__
    tags.input_tags.sparse = get_tags(self._get_estimator()).input_tags.sparse
                             ^^^^^^^^^^^^^^^^^^^^^^^^^^^^^^^
  File "/Users/daniperry/anaconda3/envs/csed/lib/python3.12/site-packages/sklearn/utils/_tags.py", line 283, in get_tags
    raise AttributeError(
AttributeError: The following error was raised: 'NoneType' object has no attribute '__sklearn_tags__'. It seems that there are no classes that implement `__sklearn_tags__` in the MRO and/or all classes in the MRO call `super().__sklearn_tags__()`. Make sure to inherit from `BaseEstimator` which implements `__sklearn_tags__` (or alternatively define `__sklearn_tags__` but we don't recommend this approach). Note that `BaseEstimator` needs to be on the right side of other Mixins in the inheritance order.

During handling of the above exception, another exception occurred:

Traceback (most recent call last):
  File "/var/folders/pv/hg29j3j512d8wd_qw_8g3msw0000gn/T/ipykernel_6814/1497247354.py", line 23, in get_results_dict
    per_k_results = error_fn(
                    ^^^^^^^^^
  File "/var/folders/pv/hg29j3j512d8wd_qw_8g3msw0000gn/T/ipykernel_6814/336487549.py", line 25, in report_error_bin
    scores = cross_validate(
             ^^^^^^^^^^^^^^^
  File "/Users/daniperry/anaconda3/envs/csed/lib/python3.12/site-packages/sklearn/utils/_param_validation.py", line 218, in wrapper
    return func(*args, **kwargs)
           ^^^^^^^^^^^^^^^^^^^^^
  File "/Users/daniperry/anaconda3/envs/csed/lib/python3.12/site-packages/sklearn/model_selection/_validation.py", line 320, in cross_validate
    cv = check_cv(cv, y, classifier=is_classifier(estimator))
                                    ^^^^^^^^^^^^^^^^^^^^^^^^
  File "/Users/daniperry/anaconda3/envs/csed/lib/python3.12/site-packages/sklearn/base.py", line 1211, in is_classifier
    return get_tags(estimator).estimator_type == "classifier"
           ^^^^^^^^^^^^^^^^^^^
  File "/Users/daniperry/anaconda3/envs/csed/lib/python3.12/site-packages/sklearn/utils/_tags.py", line 283, in get_tags
    raise AttributeError(
AttributeError: The following error was raised: The following error was raised: 'NoneType' object has no attribute '__sklearn_tags__'. It seems that there are no classes that implement `__sklearn_tags__` in the MRO and/or all classes in the MRO call `super().__sklearn_tags__()`. Make sure to inherit from `BaseEstimator` which implements `__sklearn_tags__` (or alternatively define `__sklearn_tags__` but we don't recommend this approach). Note that `BaseEstimator` needs to be on the right side of other Mixins in the inheritance order.. It seems that there are no classes that implement `__sklearn_tags__` in the MRO and/or all classes in the MRO call `super().__sklearn_tags__()`. Make sure to inherit from `BaseEstimator` which implements `__sklearn_tags__` (or alternatively define `__sklearn_tags__` but we don't recommend this approach). Note that `BaseEstimator` needs to be on the right side of other Mixins in the inheritance order.
2026-06-10 08:03:31,901 - ERROR - Error evaluating ClassifierChain with 22 RQs (X shape=(491, 22), y shape=(491,))
Traceback (most recent call last):
  File "/Users/daniperry/anaconda3/envs/csed/lib/python3.12/site-packages/sklearn/utils/_tags.py", line 275, in get_tags
    tags = estimator.__sklearn_tags__()
           ^^^^^^^^^^^^^^^^^^^^^^^^^^
AttributeError: 'NoneType' object has no attribute '__sklearn_tags__'

During handling of the above exception, another exception occurred:

Traceback (most recent call last):
  File "/Users/daniperry/anaconda3/envs/csed/lib/python3.12/site-packages/sklearn/utils/_tags.py", line 275, in get_tags
    tags = estimator.__sklearn_tags__()
           ^^^^^^^^^^^^^^^^^^^^^^^^^^^^
  File "/Users/daniperry/anaconda3/envs/csed/lib/python3.12/site-packages/sklearn/multioutput.py", line 1159, in __sklearn_tags__
    tags = super().__sklearn_tags__()
           ^^^^^^^^^^^^^^^^^^^^^^^^^^
  File "/Users/daniperry/anaconda3/envs/csed/lib/python3.12/site-packages/sklearn/base.py", line 534, in __sklearn_tags__
    tags = super().__sklearn_tags__()
           ^^^^^^^^^^^^^^^^^^^^^^^^^^
  File "/Users/daniperry/anaconda3/envs/csed/lib/python3.12/site-packages/sklearn/multioutput.py", line 873, in __sklearn_tags__
    tags.input_tags.sparse = get_tags(self._get_estimator()).input_tags.sparse
                             ^^^^^^^^^^^^^^^^^^^^^^^^^^^^^^^
  File "/Users/daniperry/anaconda3/envs/csed/lib/python3.12/site-packages/sklearn/utils/_tags.py", line 283, in get_tags
    raise AttributeError(
AttributeError: The following error was raised: 'NoneType' object has no attribute '__sklearn_tags__'. It seems that there are no classes that implement `__sklearn_tags__` in the MRO and/or all classes in the MRO call `super().__sklearn_tags__()`. Make sure to inherit from `BaseEstimator` which implements `__sklearn_tags__` (or alternatively define `__sklearn_tags__` but we don't recommend this approach). Note that `BaseEstimator` needs to be on the right side of other Mixins in the inheritance order.

During handling of the above exception, another exception occurred:

Traceback (most recent call last):
  File "/var/folders/pv/hg29j3j512d8wd_qw_8g3msw0000gn/T/ipykernel_6814/1497247354.py", line 23, in get_results_dict
    per_k_results = error_fn(
                    ^^^^^^^^^
  File "/var/folders/pv/hg29j3j512d8wd_qw_8g3msw0000gn/T/ipykernel_6814/336487549.py", line 25, in report_error_bin
    scores = cross_validate(
             ^^^^^^^^^^^^^^^
  File "/Users/daniperry/anaconda3/envs/csed/lib/python3.12/site-packages/sklearn/utils/_param_validation.py", line 218, in wrapper
    return func(*args, **kwargs)
           ^^^^^^^^^^^^^^^^^^^^^
  File "/Users/daniperry/anaconda3/envs/csed/lib/python3.12/site-packages/sklearn/model_selection/_validation.py", line 320, in cross_validate
    cv = check_cv(cv, y, classifier=is_classifier(estimator))
                                    ^^^^^^^^^^^^^^^^^^^^^^^^
  File "/Users/daniperry/anaconda3/envs/csed/lib/python3.12/site-packages/sklearn/base.py", line 1211, in is_classifier
    return get_tags(estimator).estimator_type == "classifier"
           ^^^^^^^^^^^^^^^^^^^
  File "/Users/daniperry/anaconda3/envs/csed/lib/python3.12/site-packages/sklearn/utils/_tags.py", line 283, in get_tags
    raise AttributeError(
AttributeError: The following error was raised: The following error was raised: 'NoneType' object has no attribute '__sklearn_tags__'. It seems that there are no classes that implement `__sklearn_tags__` in the MRO and/or all classes in the MRO call `super().__sklearn_tags__()`. Make sure to inherit from `BaseEstimator` which implements `__sklearn_tags__` (or alternatively define `__sklearn_tags__` but we don't recommend this approach). Note that `BaseEstimator` needs to be on the right side of other Mixins in the inheritance order.. It seems that there are no classes that implement `__sklearn_tags__` in the MRO and/or all classes in the MRO call `super().__sklearn_tags__()`. Make sure to inherit from `BaseEstimator` which implements `__sklearn_tags__` (or alternatively define `__sklearn_tags__` but we don't recommend this approach). Note that `BaseEstimator` needs to be on the right side of other Mixins in the inheritance order.
2026-06-10 08:03:31,905 - ERROR - Error evaluating ClassifierChain with 23 RQs (X shape=(491, 23), y shape=(491,))
Traceback (most recent call last):
  File "/Users/daniperry/anaconda3/envs/csed/lib/python3.12/site-packages/sklearn/utils/_tags.py", line 275, in get_tags
    tags = estimator.__sklearn_tags__()
           ^^^^^^^^^^^^^^^^^^^^^^^^^^
AttributeError: 'NoneType' object has no attribute '__sklearn_tags__'

During handling of the above exception, another exception occurred:

Traceback (most recent call last):
  File "/Users/daniperry/anaconda3/envs/csed/lib/python3.12/site-packages/sklearn/utils/_tags.py", line 275, in get_tags
    tags = estimator.__sklearn_tags__()
           ^^^^^^^^^^^^^^^^^^^^^^^^^^^^
  File "/Users/daniperry/anaconda3/envs/csed/lib/python3.12/site-packages/sklearn/multioutput.py", line 1159, in __sklearn_tags__
    tags = super().__sklearn_tags__()
           ^^^^^^^^^^^^^^^^^^^^^^^^^^
  File "/Users/daniperry/anaconda3/envs/csed/lib/python3.12/site-packages/sklearn/base.py", line 534, in __sklearn_tags__
    tags = super().__sklearn_tags__()
           ^^^^^^^^^^^^^^^^^^^^^^^^^^
  File "/Users/daniperry/anaconda3/envs/csed/lib/python3.12/site-packages/sklearn/multioutput.py", line 873, in __sklearn_tags__
    tags.input_tags.sparse = get_tags(self._get_estimator()).input_tags.sparse
                             ^^^^^^^^^^^^^^^^^^^^^^^^^^^^^^^
  File "/Users/daniperry/anaconda3/envs/csed/lib/python3.12/site-packages/sklearn/utils/_tags.py", line 283, in get_tags
    raise AttributeError(
AttributeError: The following error was raised: 'NoneType' object has no attribute '__sklearn_tags__'. It seems that there are no classes that implement `__sklearn_tags__` in the MRO and/or all classes in the MRO call `super().__sklearn_tags__()`. Make sure to inherit from `BaseEstimator` which implements `__sklearn_tags__` (or alternatively define `__sklearn_tags__` but we don't recommend this approach). Note that `BaseEstimator` needs to be on the right side of other Mixins in the inheritance order.

During handling of the above exception, another exception occurred:

Traceback (most recent call last):
  File "/var/folders/pv/hg29j3j512d8wd_qw_8g3msw0000gn/T/ipykernel_6814/1497247354.py", line 23, in get_results_dict
    per_k_results = error_fn(
                    ^^^^^^^^^
  File "/var/folders/pv/hg29j3j512d8wd_qw_8g3msw0000gn/T/ipykernel_6814/336487549.py", line 25, in report_error_bin
    scores = cross_validate(
             ^^^^^^^^^^^^^^^
  File "/Users/daniperry/anaconda3/envs/csed/lib/python3.12/site-packages/sklearn/utils/_param_validation.py", line 218, in wrapper
    return func(*args, **kwargs)
           ^^^^^^^^^^^^^^^^^^^^^
  File "/Users/daniperry/anaconda3/envs/csed/lib/python3.12/site-packages/sklearn/model_selection/_validation.py", line 320, in cross_validate
    cv = check_cv(cv, y, classifier=is_classifier(estimator))
                                    ^^^^^^^^^^^^^^^^^^^^^^^^
  File "/Users/daniperry/anaconda3/envs/csed/lib/python3.12/site-packages/sklearn/base.py", line 1211, in is_classifier
    return get_tags(estimator).estimator_type == "classifier"
           ^^^^^^^^^^^^^^^^^^^
  File "/Users/daniperry/anaconda3/envs/csed/lib/python3.12/site-packages/sklearn/utils/_tags.py", line 283, in get_tags
    raise AttributeError(
AttributeError: The following error was raised: The following error was raised: 'NoneType' object has no attribute '__sklearn_tags__'. It seems that there are no classes that implement `__sklearn_tags__` in the MRO and/or all classes in the MRO call `super().__sklearn_tags__()`. Make sure to inherit from `BaseEstimator` which implements `__sklearn_tags__` (or alternatively define `__sklearn_tags__` but we don't recommend this approach). Note that `BaseEstimator` needs to be on the right side of other Mixins in the inheritance order.. It seems that there are no classes that implement `__sklearn_tags__` in the MRO and/or all classes in the MRO call `super().__sklearn_tags__()`. Make sure to inherit from `BaseEstimator` which implements `__sklearn_tags__` (or alternatively define `__sklearn_tags__` but we don't recommend this approach). Note that `BaseEstimator` needs to be on the right side of other Mixins in the inheritance order.
2026-06-10 08:03:31,909 - ERROR - Error evaluating ClassifierChain with 24 RQs (X shape=(491, 24), y shape=(491,))
Traceback (most recent call last):
  File "/Users/daniperry/anaconda3/envs/csed/lib/python3.12/site-packages/sklearn/utils/_tags.py", line 275, in get_tags
    tags = estimator.__sklearn_tags__()
           ^^^^^^^^^^^^^^^^^^^^^^^^^^
AttributeError: 'NoneType' object has no attribute '__sklearn_tags__'

During handling of the above exception, another exception occurred:

Traceback (most recent call last):
  File "/Users/daniperry/anaconda3/envs/csed/lib/python3.12/site-packages/sklearn/utils/_tags.py", line 275, in get_tags
    tags = estimator.__sklearn_tags__()
           ^^^^^^^^^^^^^^^^^^^^^^^^^^^^
  File "/Users/daniperry/anaconda3/envs/csed/lib/python3.12/site-packages/sklearn/multioutput.py", line 1159, in __sklearn_tags__
    tags = super().__sklearn_tags__()
           ^^^^^^^^^^^^^^^^^^^^^^^^^^
  File "/Users/daniperry/anaconda3/envs/csed/lib/python3.12/site-packages/sklearn/base.py", line 534, in __sklearn_tags__
    tags = super().__sklearn_tags__()
           ^^^^^^^^^^^^^^^^^^^^^^^^^^
  File "/Users/daniperry/anaconda3/envs/csed/lib/python3.12/site-packages/sklearn/multioutput.py", line 873, in __sklearn_tags__
    tags.input_tags.sparse = get_tags(self._get_estimator()).input_tags.sparse
                             ^^^^^^^^^^^^^^^^^^^^^^^^^^^^^^^
  File "/Users/daniperry/anaconda3/envs/csed/lib/python3.12/site-packages/sklearn/utils/_tags.py", line 283, in get_tags
    raise AttributeError(
AttributeError: The following error was raised: 'NoneType' object has no attribute '__sklearn_tags__'. It seems that there are no classes that implement `__sklearn_tags__` in the MRO and/or all classes in the MRO call `super().__sklearn_tags__()`. Make sure to inherit from `BaseEstimator` which implements `__sklearn_tags__` (or alternatively define `__sklearn_tags__` but we don't recommend this approach). Note that `BaseEstimator` needs to be on the right side of other Mixins in the inheritance order.

During handling of the above exception, another exception occurred:

Traceback (most recent call last):
  File "/var/folders/pv/hg29j3j512d8wd_qw_8g3msw0000gn/T/ipykernel_6814/1497247354.py", line 23, in get_results_dict
    per_k_results = error_fn(
                    ^^^^^^^^^
  File "/var/folders/pv/hg29j3j512d8wd_qw_8g3msw0000gn/T/ipykernel_6814/336487549.py", line 25, in report_error_bin
    scores = cross_validate(
             ^^^^^^^^^^^^^^^
  File "/Users/daniperry/anaconda3/envs/csed/lib/python3.12/site-packages/sklearn/utils/_param_validation.py", line 218, in wrapper
    return func(*args, **kwargs)
           ^^^^^^^^^^^^^^^^^^^^^
  File "/Users/daniperry/anaconda3/envs/csed/lib/python3.12/site-packages/sklearn/model_selection/_validation.py", line 320, in cross_validate
    cv = check_cv(cv, y, classifier=is_classifier(estimator))
                                    ^^^^^^^^^^^^^^^^^^^^^^^^
  File "/Users/daniperry/anaconda3/envs/csed/lib/python3.12/site-packages/sklearn/base.py", line 1211, in is_classifier
    return get_tags(estimator).estimator_type == "classifier"
           ^^^^^^^^^^^^^^^^^^^
  File "/Users/daniperry/anaconda3/envs/csed/lib/python3.12/site-packages/sklearn/utils/_tags.py", line 283, in get_tags
    raise AttributeError(
AttributeError: The following error was raised: The following error was raised: 'NoneType' object has no attribute '__sklearn_tags__'. It seems that there are no classes that implement `__sklearn_tags__` in the MRO and/or all classes in the MRO call `super().__sklearn_tags__()`. Make sure to inherit from `BaseEstimator` which implements `__sklearn_tags__` (or alternatively define `__sklearn_tags__` but we don't recommend this approach). Note that `BaseEstimator` needs to be on the right side of other Mixins in the inheritance order.. It seems that there are no classes that implement `__sklearn_tags__` in the MRO and/or all classes in the MRO call `super().__sklearn_tags__()`. Make sure to inherit from `BaseEstimator` which implements `__sklearn_tags__` (or alternatively define `__sklearn_tags__` but we don't recommend this approach). Note that `BaseEstimator` needs to be on the right side of other Mixins in the inheritance order.
2026-06-10 08:03:31,913 - ERROR - Error evaluating ClassifierChain with 25 RQs (X shape=(491, 25), y shape=(491,))
Traceback (most recent call last):
  File "/Users/daniperry/anaconda3/envs/csed/lib/python3.12/site-packages/sklearn/utils/_tags.py", line 275, in get_tags
    tags = estimator.__sklearn_tags__()
           ^^^^^^^^^^^^^^^^^^^^^^^^^^
AttributeError: 'NoneType' object has no attribute '__sklearn_tags__'

During handling of the above exception, another exception occurred:

Traceback (most recent call last):
  File "/Users/daniperry/anaconda3/envs/csed/lib/python3.12/site-packages/sklearn/utils/_tags.py", line 275, in get_tags
    tags = estimator.__sklearn_tags__()
           ^^^^^^^^^^^^^^^^^^^^^^^^^^^^
  File "/Users/daniperry/anaconda3/envs/csed/lib/python3.12/site-packages/sklearn/multioutput.py", line 1159, in __sklearn_tags__
    tags = super().__sklearn_tags__()
           ^^^^^^^^^^^^^^^^^^^^^^^^^^
  File "/Users/daniperry/anaconda3/envs/csed/lib/python3.12/site-packages/sklearn/base.py", line 534, in __sklearn_tags__
    tags = super().__sklearn_tags__()
           ^^^^^^^^^^^^^^^^^^^^^^^^^^
  File "/Users/daniperry/anaconda3/envs/csed/lib/python3.12/site-packages/sklearn/multioutput.py", line 873, in __sklearn_tags__
    tags.input_tags.sparse = get_tags(self._get_estimator()).input_tags.sparse
                             ^^^^^^^^^^^^^^^^^^^^^^^^^^^^^^^
  File "/Users/daniperry/anaconda3/envs/csed/lib/python3.12/site-packages/sklearn/utils/_tags.py", line 283, in get_tags
    raise AttributeError(
AttributeError: The following error was raised: 'NoneType' object has no attribute '__sklearn_tags__'. It seems that there are no classes that implement `__sklearn_tags__` in the MRO and/or all classes in the MRO call `super().__sklearn_tags__()`. Make sure to inherit from `BaseEstimator` which implements `__sklearn_tags__` (or alternatively define `__sklearn_tags__` but we don't recommend this approach). Note that `BaseEstimator` needs to be on the right side of other Mixins in the inheritance order.

During handling of the above exception, another exception occurred:

Traceback (most recent call last):
  File "/var/folders/pv/hg29j3j512d8wd_qw_8g3msw0000gn/T/ipykernel_6814/1497247354.py", line 23, in get_results_dict
    per_k_results = error_fn(
                    ^^^^^^^^^
  File "/var/folders/pv/hg29j3j512d8wd_qw_8g3msw0000gn/T/ipykernel_6814/336487549.py", line 25, in report_error_bin
    scores = cross_validate(
             ^^^^^^^^^^^^^^^
  File "/Users/daniperry/anaconda3/envs/csed/lib/python3.12/site-packages/sklearn/utils/_param_validation.py", line 218, in wrapper
    return func(*args, **kwargs)
           ^^^^^^^^^^^^^^^^^^^^^
  File "/Users/daniperry/anaconda3/envs/csed/lib/python3.12/site-packages/sklearn/model_selection/_validation.py", line 320, in cross_validate
    cv = check_cv(cv, y, classifier=is_classifier(estimator))
                                    ^^^^^^^^^^^^^^^^^^^^^^^^
  File "/Users/daniperry/anaconda3/envs/csed/lib/python3.12/site-packages/sklearn/base.py", line 1211, in is_classifier
    return get_tags(estimator).estimator_type == "classifier"
           ^^^^^^^^^^^^^^^^^^^
  File "/Users/daniperry/anaconda3/envs/csed/lib/python3.12/site-packages/sklearn/utils/_tags.py", line 283, in get_tags
    raise AttributeError(
AttributeError: The following error was raised: The following error was raised: 'NoneType' object has no attribute '__sklearn_tags__'. It seems that there are no classes that implement `__sklearn_tags__` in the MRO and/or all classes in the MRO call `super().__sklearn_tags__()`. Make sure to inherit from `BaseEstimator` which implements `__sklearn_tags__` (or alternatively define `__sklearn_tags__` but we don't recommend this approach). Note that `BaseEstimator` needs to be on the right side of other Mixins in the inheritance order.. It seems that there are no classes that implement `__sklearn_tags__` in the MRO and/or all classes in the MRO call `super().__sklearn_tags__()`. Make sure to inherit from `BaseEstimator` which implements `__sklearn_tags__` (or alternatively define `__sklearn_tags__` but we don't recommend this approach). Note that `BaseEstimator` needs to be on the right side of other Mixins in the inheritance order.
2026-06-10 08:03:31,915 - INFO - Evaluating ComplementNB...
2026-06-10 08:03:36,723 - INFO - Evaluating DecisionTreeClassifier...
2026-06-10 08:03:41,074 - INFO - Evaluating DummyClassifier...
2026-06-10 08:03:44,385 - INFO - Evaluating ExtraTreeClassifier...
2026-06-10 08:03:48,701 - INFO - Evaluating ExtraTreesClassifier...
2026-06-10 08:04:46,951 - INFO - Evaluating GaussianNB...
2026-06-10 08:04:51,467 - INFO - Evaluating GaussianProcessClassifier...
2026-06-10 08:05:22,933 - INFO - Evaluating GradientBoostingClassifier...
2026-06-10 08:06:15,832 - INFO - Evaluating HistGradientBoostingClassifier...
2026-06-10 08:07:05,919 - INFO - Evaluating KNeighborsClassifier...
2026-06-10 08:07:11,379 - INFO - Evaluating LabelPropagation...
2026-06-10 08:07:19,049 - INFO - Evaluating LabelSpreading...
2026-06-10 08:07:27,138 - INFO - Evaluating LinearDiscriminantAnalysis...
2026-06-10 08:07:32,179 - INFO - Evaluating LinearSVC...
2026-06-10 08:07:32,346 - ERROR - Error evaluating LinearSVC with 1 RQs (X shape=(491, 1), y shape=(491,))
Traceback (most recent call last):
  File "/var/folders/pv/hg29j3j512d8wd_qw_8g3msw0000gn/T/ipykernel_6814/1497247354.py", line 23, in get_results_dict
    per_k_results = error_fn(
                    ^^^^^^^^^
  File "/var/folders/pv/hg29j3j512d8wd_qw_8g3msw0000gn/T/ipykernel_6814/336487549.py", line 36, in report_error_bin
    y_proba = clf.predict_proba(X_test)[:, 1]  # Probability for positive class
              ^^^^^^^^^^^^^^^^^
AttributeError: 'LinearSVC' object has no attribute 'predict_proba'. Did you mean: '_predict_proba_lr'?
2026-06-10 08:07:32,497 - ERROR - Error evaluating LinearSVC with 2 RQs (X shape=(491, 2), y shape=(491,))
Traceback (most recent call last):
  File "/var/folders/pv/hg29j3j512d8wd_qw_8g3msw0000gn/T/ipykernel_6814/1497247354.py", line 23, in get_results_dict
    per_k_results = error_fn(
                    ^^^^^^^^^
  File "/var/folders/pv/hg29j3j512d8wd_qw_8g3msw0000gn/T/ipykernel_6814/336487549.py", line 36, in report_error_bin
    y_proba = clf.predict_proba(X_test)[:, 1]  # Probability for positive class
              ^^^^^^^^^^^^^^^^^
AttributeError: 'LinearSVC' object has no attribute 'predict_proba'. Did you mean: '_predict_proba_lr'?
2026-06-10 08:07:32,633 - ERROR - Error evaluating LinearSVC with 3 RQs (X shape=(491, 3), y shape=(491,))
Traceback (most recent call last):
  File "/var/folders/pv/hg29j3j512d8wd_qw_8g3msw0000gn/T/ipykernel_6814/1497247354.py", line 23, in get_results_dict
    per_k_results = error_fn(
                    ^^^^^^^^^
  File "/var/folders/pv/hg29j3j512d8wd_qw_8g3msw0000gn/T/ipykernel_6814/336487549.py", line 36, in report_error_bin
    y_proba = clf.predict_proba(X_test)[:, 1]  # Probability for positive class
              ^^^^^^^^^^^^^^^^^
AttributeError: 'LinearSVC' object has no attribute 'predict_proba'. Did you mean: '_predict_proba_lr'?
2026-06-10 08:07:32,768 - ERROR - Error evaluating LinearSVC with 4 RQs (X shape=(491, 4), y shape=(491,))
Traceback (most recent call last):
  File "/var/folders/pv/hg29j3j512d8wd_qw_8g3msw0000gn/T/ipykernel_6814/1497247354.py", line 23, in get_results_dict
    per_k_results = error_fn(
                    ^^^^^^^^^
  File "/var/folders/pv/hg29j3j512d8wd_qw_8g3msw0000gn/T/ipykernel_6814/336487549.py", line 36, in report_error_bin
    y_proba = clf.predict_proba(X_test)[:, 1]  # Probability for positive class
              ^^^^^^^^^^^^^^^^^
AttributeError: 'LinearSVC' object has no attribute 'predict_proba'. Did you mean: '_predict_proba_lr'?
2026-06-10 08:07:32,902 - ERROR - Error evaluating LinearSVC with 5 RQs (X shape=(491, 5), y shape=(491,))
Traceback (most recent call last):
  File "/var/folders/pv/hg29j3j512d8wd_qw_8g3msw0000gn/T/ipykernel_6814/1497247354.py", line 23, in get_results_dict
    per_k_results = error_fn(
                    ^^^^^^^^^
  File "/var/folders/pv/hg29j3j512d8wd_qw_8g3msw0000gn/T/ipykernel_6814/336487549.py", line 36, in report_error_bin
    y_proba = clf.predict_proba(X_test)[:, 1]  # Probability for positive class
              ^^^^^^^^^^^^^^^^^
AttributeError: 'LinearSVC' object has no attribute 'predict_proba'. Did you mean: '_predict_proba_lr'?
2026-06-10 08:07:33,039 - ERROR - Error evaluating LinearSVC with 6 RQs (X shape=(491, 6), y shape=(491,))
Traceback (most recent call last):
  File "/var/folders/pv/hg29j3j512d8wd_qw_8g3msw0000gn/T/ipykernel_6814/1497247354.py", line 23, in get_results_dict
    per_k_results = error_fn(
                    ^^^^^^^^^
  File "/var/folders/pv/hg29j3j512d8wd_qw_8g3msw0000gn/T/ipykernel_6814/336487549.py", line 36, in report_error_bin
    y_proba = clf.predict_proba(X_test)[:, 1]  # Probability for positive class
              ^^^^^^^^^^^^^^^^^
AttributeError: 'LinearSVC' object has no attribute 'predict_proba'. Did you mean: '_predict_proba_lr'?
2026-06-10 08:07:33,171 - ERROR - Error evaluating LinearSVC with 7 RQs (X shape=(491, 7), y shape=(491,))
Traceback (most recent call last):
  File "/var/folders/pv/hg29j3j512d8wd_qw_8g3msw0000gn/T/ipykernel_6814/1497247354.py", line 23, in get_results_dict
    per_k_results = error_fn(
                    ^^^^^^^^^
  File "/var/folders/pv/hg29j3j512d8wd_qw_8g3msw0000gn/T/ipykernel_6814/336487549.py", line 36, in report_error_bin
    y_proba = clf.predict_proba(X_test)[:, 1]  # Probability for positive class
              ^^^^^^^^^^^^^^^^^
AttributeError: 'LinearSVC' object has no attribute 'predict_proba'. Did you mean: '_predict_proba_lr'?
2026-06-10 08:07:33,306 - ERROR - Error evaluating LinearSVC with 8 RQs (X shape=(491, 8), y shape=(491,))
Traceback (most recent call last):
  File "/var/folders/pv/hg29j3j512d8wd_qw_8g3msw0000gn/T/ipykernel_6814/1497247354.py", line 23, in get_results_dict
    per_k_results = error_fn(
                    ^^^^^^^^^
  File "/var/folders/pv/hg29j3j512d8wd_qw_8g3msw0000gn/T/ipykernel_6814/336487549.py", line 36, in report_error_bin
    y_proba = clf.predict_proba(X_test)[:, 1]  # Probability for positive class
              ^^^^^^^^^^^^^^^^^
AttributeError: 'LinearSVC' object has no attribute 'predict_proba'. Did you mean: '_predict_proba_lr'?
2026-06-10 08:07:33,446 - ERROR - Error evaluating LinearSVC with 9 RQs (X shape=(491, 9), y shape=(491,))
Traceback (most recent call last):
  File "/var/folders/pv/hg29j3j512d8wd_qw_8g3msw0000gn/T/ipykernel_6814/1497247354.py", line 23, in get_results_dict
    per_k_results = error_fn(
                    ^^^^^^^^^
  File "/var/folders/pv/hg29j3j512d8wd_qw_8g3msw0000gn/T/ipykernel_6814/336487549.py", line 36, in report_error_bin
    y_proba = clf.predict_proba(X_test)[:, 1]  # Probability for positive class
              ^^^^^^^^^^^^^^^^^
AttributeError: 'LinearSVC' object has no attribute 'predict_proba'. Did you mean: '_predict_proba_lr'?
2026-06-10 08:07:33,587 - ERROR - Error evaluating LinearSVC with 10 RQs (X shape=(491, 10), y shape=(491,))
Traceback (most recent call last):
  File "/var/folders/pv/hg29j3j512d8wd_qw_8g3msw0000gn/T/ipykernel_6814/1497247354.py", line 23, in get_results_dict
    per_k_results = error_fn(
                    ^^^^^^^^^
  File "/var/folders/pv/hg29j3j512d8wd_qw_8g3msw0000gn/T/ipykernel_6814/336487549.py", line 36, in report_error_bin
    y_proba = clf.predict_proba(X_test)[:, 1]  # Probability for positive class
              ^^^^^^^^^^^^^^^^^
AttributeError: 'LinearSVC' object has no attribute 'predict_proba'. Did you mean: '_predict_proba_lr'?
2026-06-10 08:07:33,724 - ERROR - Error evaluating LinearSVC with 11 RQs (X shape=(491, 11), y shape=(491,))
Traceback (most recent call last):
  File "/var/folders/pv/hg29j3j512d8wd_qw_8g3msw0000gn/T/ipykernel_6814/1497247354.py", line 23, in get_results_dict
    per_k_results = error_fn(
                    ^^^^^^^^^
  File "/var/folders/pv/hg29j3j512d8wd_qw_8g3msw0000gn/T/ipykernel_6814/336487549.py", line 36, in report_error_bin
    y_proba = clf.predict_proba(X_test)[:, 1]  # Probability for positive class
              ^^^^^^^^^^^^^^^^^
AttributeError: 'LinearSVC' object has no attribute 'predict_proba'. Did you mean: '_predict_proba_lr'?
2026-06-10 08:07:33,862 - ERROR - Error evaluating LinearSVC with 12 RQs (X shape=(491, 12), y shape=(491,))
Traceback (most recent call last):
  File "/var/folders/pv/hg29j3j512d8wd_qw_8g3msw0000gn/T/ipykernel_6814/1497247354.py", line 23, in get_results_dict
    per_k_results = error_fn(
                    ^^^^^^^^^
  File "/var/folders/pv/hg29j3j512d8wd_qw_8g3msw0000gn/T/ipykernel_6814/336487549.py", line 36, in report_error_bin
    y_proba = clf.predict_proba(X_test)[:, 1]  # Probability for positive class
              ^^^^^^^^^^^^^^^^^
AttributeError: 'LinearSVC' object has no attribute 'predict_proba'. Did you mean: '_predict_proba_lr'?
2026-06-10 08:07:34,008 - ERROR - Error evaluating LinearSVC with 13 RQs (X shape=(491, 13), y shape=(491,))
Traceback (most recent call last):
  File "/var/folders/pv/hg29j3j512d8wd_qw_8g3msw0000gn/T/ipykernel_6814/1497247354.py", line 23, in get_results_dict
    per_k_results = error_fn(
                    ^^^^^^^^^
  File "/var/folders/pv/hg29j3j512d8wd_qw_8g3msw0000gn/T/ipykernel_6814/336487549.py", line 36, in report_error_bin
    y_proba = clf.predict_proba(X_test)[:, 1]  # Probability for positive class
              ^^^^^^^^^^^^^^^^^
AttributeError: 'LinearSVC' object has no attribute 'predict_proba'. Did you mean: '_predict_proba_lr'?
2026-06-10 08:07:34,159 - ERROR - Error evaluating LinearSVC with 14 RQs (X shape=(491, 14), y shape=(491,))
Traceback (most recent call last):
  File "/var/folders/pv/hg29j3j512d8wd_qw_8g3msw0000gn/T/ipykernel_6814/1497247354.py", line 23, in get_results_dict
    per_k_results = error_fn(
                    ^^^^^^^^^
  File "/var/folders/pv/hg29j3j512d8wd_qw_8g3msw0000gn/T/ipykernel_6814/336487549.py", line 36, in report_error_bin
    y_proba = clf.predict_proba(X_test)[:, 1]  # Probability for positive class
              ^^^^^^^^^^^^^^^^^
AttributeError: 'LinearSVC' object has no attribute 'predict_proba'. Did you mean: '_predict_proba_lr'?
2026-06-10 08:07:34,305 - ERROR - Error evaluating LinearSVC with 15 RQs (X shape=(491, 15), y shape=(491,))
Traceback (most recent call last):
  File "/var/folders/pv/hg29j3j512d8wd_qw_8g3msw0000gn/T/ipykernel_6814/1497247354.py", line 23, in get_results_dict
    per_k_results = error_fn(
                    ^^^^^^^^^
  File "/var/folders/pv/hg29j3j512d8wd_qw_8g3msw0000gn/T/ipykernel_6814/336487549.py", line 36, in report_error_bin
    y_proba = clf.predict_proba(X_test)[:, 1]  # Probability for positive class
              ^^^^^^^^^^^^^^^^^
AttributeError: 'LinearSVC' object has no attribute 'predict_proba'. Did you mean: '_predict_proba_lr'?
2026-06-10 08:07:34,453 - ERROR - Error evaluating LinearSVC with 16 RQs (X shape=(491, 16), y shape=(491,))
Traceback (most recent call last):
  File "/var/folders/pv/hg29j3j512d8wd_qw_8g3msw0000gn/T/ipykernel_6814/1497247354.py", line 23, in get_results_dict
    per_k_results = error_fn(
                    ^^^^^^^^^
  File "/var/folders/pv/hg29j3j512d8wd_qw_8g3msw0000gn/T/ipykernel_6814/336487549.py", line 36, in report_error_bin
    y_proba = clf.predict_proba(X_test)[:, 1]  # Probability for positive class
              ^^^^^^^^^^^^^^^^^
AttributeError: 'LinearSVC' object has no attribute 'predict_proba'. Did you mean: '_predict_proba_lr'?
2026-06-10 08:07:34,602 - ERROR - Error evaluating LinearSVC with 17 RQs (X shape=(491, 17), y shape=(491,))
Traceback (most recent call last):
  File "/var/folders/pv/hg29j3j512d8wd_qw_8g3msw0000gn/T/ipykernel_6814/1497247354.py", line 23, in get_results_dict
    per_k_results = error_fn(
                    ^^^^^^^^^
  File "/var/folders/pv/hg29j3j512d8wd_qw_8g3msw0000gn/T/ipykernel_6814/336487549.py", line 36, in report_error_bin
    y_proba = clf.predict_proba(X_test)[:, 1]  # Probability for positive class
              ^^^^^^^^^^^^^^^^^
AttributeError: 'LinearSVC' object has no attribute 'predict_proba'. Did you mean: '_predict_proba_lr'?
2026-06-10 08:07:34,744 - ERROR - Error evaluating LinearSVC with 18 RQs (X shape=(491, 18), y shape=(491,))
Traceback (most recent call last):
  File "/var/folders/pv/hg29j3j512d8wd_qw_8g3msw0000gn/T/ipykernel_6814/1497247354.py", line 23, in get_results_dict
    per_k_results = error_fn(
                    ^^^^^^^^^
  File "/var/folders/pv/hg29j3j512d8wd_qw_8g3msw0000gn/T/ipykernel_6814/336487549.py", line 36, in report_error_bin
    y_proba = clf.predict_proba(X_test)[:, 1]  # Probability for positive class
              ^^^^^^^^^^^^^^^^^
AttributeError: 'LinearSVC' object has no attribute 'predict_proba'. Did you mean: '_predict_proba_lr'?
2026-06-10 08:07:34,891 - ERROR - Error evaluating LinearSVC with 19 RQs (X shape=(491, 19), y shape=(491,))
Traceback (most recent call last):
  File "/var/folders/pv/hg29j3j512d8wd_qw_8g3msw0000gn/T/ipykernel_6814/1497247354.py", line 23, in get_results_dict
    per_k_results = error_fn(
                    ^^^^^^^^^
  File "/var/folders/pv/hg29j3j512d8wd_qw_8g3msw0000gn/T/ipykernel_6814/336487549.py", line 36, in report_error_bin
    y_proba = clf.predict_proba(X_test)[:, 1]  # Probability for positive class
              ^^^^^^^^^^^^^^^^^
AttributeError: 'LinearSVC' object has no attribute 'predict_proba'. Did you mean: '_predict_proba_lr'?
2026-06-10 08:07:35,043 - ERROR - Error evaluating LinearSVC with 20 RQs (X shape=(491, 20), y shape=(491,))
Traceback (most recent call last):
  File "/var/folders/pv/hg29j3j512d8wd_qw_8g3msw0000gn/T/ipykernel_6814/1497247354.py", line 23, in get_results_dict
    per_k_results = error_fn(
                    ^^^^^^^^^
  File "/var/folders/pv/hg29j3j512d8wd_qw_8g3msw0000gn/T/ipykernel_6814/336487549.py", line 36, in report_error_bin
    y_proba = clf.predict_proba(X_test)[:, 1]  # Probability for positive class
              ^^^^^^^^^^^^^^^^^
AttributeError: 'LinearSVC' object has no attribute 'predict_proba'. Did you mean: '_predict_proba_lr'?
2026-06-10 08:07:35,196 - ERROR - Error evaluating LinearSVC with 21 RQs (X shape=(491, 21), y shape=(491,))
Traceback (most recent call last):
  File "/var/folders/pv/hg29j3j512d8wd_qw_8g3msw0000gn/T/ipykernel_6814/1497247354.py", line 23, in get_results_dict
    per_k_results = error_fn(
                    ^^^^^^^^^
  File "/var/folders/pv/hg29j3j512d8wd_qw_8g3msw0000gn/T/ipykernel_6814/336487549.py", line 36, in report_error_bin
    y_proba = clf.predict_proba(X_test)[:, 1]  # Probability for positive class
              ^^^^^^^^^^^^^^^^^
AttributeError: 'LinearSVC' object has no attribute 'predict_proba'. Did you mean: '_predict_proba_lr'?
2026-06-10 08:07:35,352 - ERROR - Error evaluating LinearSVC with 22 RQs (X shape=(491, 22), y shape=(491,))
Traceback (most recent call last):
  File "/var/folders/pv/hg29j3j512d8wd_qw_8g3msw0000gn/T/ipykernel_6814/1497247354.py", line 23, in get_results_dict
    per_k_results = error_fn(
                    ^^^^^^^^^
  File "/var/folders/pv/hg29j3j512d8wd_qw_8g3msw0000gn/T/ipykernel_6814/336487549.py", line 36, in report_error_bin
    y_proba = clf.predict_proba(X_test)[:, 1]  # Probability for positive class
              ^^^^^^^^^^^^^^^^^
AttributeError: 'LinearSVC' object has no attribute 'predict_proba'. Did you mean: '_predict_proba_lr'?
2026-06-10 08:07:35,570 - ERROR - Error evaluating LinearSVC with 23 RQs (X shape=(491, 23), y shape=(491,))
Traceback (most recent call last):
  File "/var/folders/pv/hg29j3j512d8wd_qw_8g3msw0000gn/T/ipykernel_6814/1497247354.py", line 23, in get_results_dict
    per_k_results = error_fn(
                    ^^^^^^^^^
  File "/var/folders/pv/hg29j3j512d8wd_qw_8g3msw0000gn/T/ipykernel_6814/336487549.py", line 36, in report_error_bin
    y_proba = clf.predict_proba(X_test)[:, 1]  # Probability for positive class
              ^^^^^^^^^^^^^^^^^
AttributeError: 'LinearSVC' object has no attribute 'predict_proba'. Did you mean: '_predict_proba_lr'?
2026-06-10 08:07:35,720 - ERROR - Error evaluating LinearSVC with 24 RQs (X shape=(491, 24), y shape=(491,))
Traceback (most recent call last):
  File "/var/folders/pv/hg29j3j512d8wd_qw_8g3msw0000gn/T/ipykernel_6814/1497247354.py", line 23, in get_results_dict
    per_k_results = error_fn(
                    ^^^^^^^^^
  File "/var/folders/pv/hg29j3j512d8wd_qw_8g3msw0000gn/T/ipykernel_6814/336487549.py", line 36, in report_error_bin
    y_proba = clf.predict_proba(X_test)[:, 1]  # Probability for positive class
              ^^^^^^^^^^^^^^^^^
AttributeError: 'LinearSVC' object has no attribute 'predict_proba'. Did you mean: '_predict_proba_lr'?
2026-06-10 08:07:35,874 - ERROR - Error evaluating LinearSVC with 25 RQs (X shape=(491, 25), y shape=(491,))
Traceback (most recent call last):
  File "/var/folders/pv/hg29j3j512d8wd_qw_8g3msw0000gn/T/ipykernel_6814/1497247354.py", line 23, in get_results_dict
    per_k_results = error_fn(
                    ^^^^^^^^^
  File "/var/folders/pv/hg29j3j512d8wd_qw_8g3msw0000gn/T/ipykernel_6814/336487549.py", line 36, in report_error_bin
    y_proba = clf.predict_proba(X_test)[:, 1]  # Probability for positive class
              ^^^^^^^^^^^^^^^^^
AttributeError: 'LinearSVC' object has no attribute 'predict_proba'. Did you mean: '_predict_proba_lr'?
2026-06-10 08:07:35,877 - INFO - Evaluating LogisticRegression...
2026-06-10 08:07:43,515 - INFO - Evaluating LogisticRegressionCV...
2026-06-10 08:09:05,791 - INFO - Evaluating MLPClassifier...
2026-06-10 08:10:46,619 - INFO - Evaluating MultinomialNB...
2026-06-10 08:10:51,319 - INFO - Evaluating NearestCentroid...
2026-06-10 08:10:57,006 - INFO - Evaluating NuSVC...
2026-06-10 08:10:57,112 - ERROR - Error evaluating NuSVC with 1 RQs (X shape=(491, 1), y shape=(491,))
Traceback (most recent call last):
  File "/var/folders/pv/hg29j3j512d8wd_qw_8g3msw0000gn/T/ipykernel_6814/1497247354.py", line 23, in get_results_dict
    per_k_results = error_fn(
                    ^^^^^^^^^
  File "/var/folders/pv/hg29j3j512d8wd_qw_8g3msw0000gn/T/ipykernel_6814/336487549.py", line 25, in report_error_bin
    scores = cross_validate(
             ^^^^^^^^^^^^^^^
  File "/Users/daniperry/anaconda3/envs/csed/lib/python3.12/site-packages/sklearn/utils/_param_validation.py", line 218, in wrapper
    return func(*args, **kwargs)
           ^^^^^^^^^^^^^^^^^^^^^
  File "/Users/daniperry/anaconda3/envs/csed/lib/python3.12/site-packages/sklearn/model_selection/_validation.py", line 393, in cross_validate
    _warn_or_raise_about_fit_failures(results, error_score)
  File "/Users/daniperry/anaconda3/envs/csed/lib/python3.12/site-packages/sklearn/model_selection/_validation.py", line 479, in _warn_or_raise_about_fit_failures
    raise ValueError(all_fits_failed_message)
ValueError: 
All the 5 fits failed.
It is very likely that your model is misconfigured.
You can try to debug the error by setting error_score='raise'.

Below are more details about the failures:
--------------------------------------------------------------------------------
5 fits failed with the following error:
Traceback (most recent call last):
  File "/Users/daniperry/anaconda3/envs/csed/lib/python3.12/site-packages/sklearn/model_selection/_validation.py", line 833, in _fit_and_score
    estimator.fit(X_train, y_train, **fit_params)
  File "/Users/daniperry/anaconda3/envs/csed/lib/python3.12/site-packages/sklearn/base.py", line 1336, in wrapper
    return fit_method(estimator, *args, **kwargs)
           ^^^^^^^^^^^^^^^^^^^^^^^^^^^^^^^^^^^^^^
  File "/Users/daniperry/anaconda3/envs/csed/lib/python3.12/site-packages/sklearn/svm/_base.py", line 266, in fit
    fit(X, y, sample_weight, solver_type, kernel, random_seed=seed)
  File "/Users/daniperry/anaconda3/envs/csed/lib/python3.12/site-packages/sklearn/svm/_base.py", line 344, in _dense_fit
    ) = libsvm.fit(
        ^^^^^^^^^^^
  File "sklearn/svm/_libsvm.pyx", line 216, in sklearn.svm._libsvm.fit
ValueError: specified nu is infeasible

2026-06-10 08:10:57,192 - ERROR - Error evaluating NuSVC with 2 RQs (X shape=(491, 2), y shape=(491,))
Traceback (most recent call last):
  File "/var/folders/pv/hg29j3j512d8wd_qw_8g3msw0000gn/T/ipykernel_6814/1497247354.py", line 23, in get_results_dict
    per_k_results = error_fn(
                    ^^^^^^^^^
  File "/var/folders/pv/hg29j3j512d8wd_qw_8g3msw0000gn/T/ipykernel_6814/336487549.py", line 25, in report_error_bin
    scores = cross_validate(
             ^^^^^^^^^^^^^^^
  File "/Users/daniperry/anaconda3/envs/csed/lib/python3.12/site-packages/sklearn/utils/_param_validation.py", line 218, in wrapper
    return func(*args, **kwargs)
           ^^^^^^^^^^^^^^^^^^^^^
  File "/Users/daniperry/anaconda3/envs/csed/lib/python3.12/site-packages/sklearn/model_selection/_validation.py", line 393, in cross_validate
    _warn_or_raise_about_fit_failures(results, error_score)
  File "/Users/daniperry/anaconda3/envs/csed/lib/python3.12/site-packages/sklearn/model_selection/_validation.py", line 479, in _warn_or_raise_about_fit_failures
    raise ValueError(all_fits_failed_message)
ValueError: 
All the 5 fits failed.
It is very likely that your model is misconfigured.
You can try to debug the error by setting error_score='raise'.

Below are more details about the failures:
--------------------------------------------------------------------------------
5 fits failed with the following error:
Traceback (most recent call last):
  File "/Users/daniperry/anaconda3/envs/csed/lib/python3.12/site-packages/sklearn/model_selection/_validation.py", line 833, in _fit_and_score
    estimator.fit(X_train, y_train, **fit_params)
  File "/Users/daniperry/anaconda3/envs/csed/lib/python3.12/site-packages/sklearn/base.py", line 1336, in wrapper
    return fit_method(estimator, *args, **kwargs)
           ^^^^^^^^^^^^^^^^^^^^^^^^^^^^^^^^^^^^^^
  File "/Users/daniperry/anaconda3/envs/csed/lib/python3.12/site-packages/sklearn/svm/_base.py", line 266, in fit
    fit(X, y, sample_weight, solver_type, kernel, random_seed=seed)
  File "/Users/daniperry/anaconda3/envs/csed/lib/python3.12/site-packages/sklearn/svm/_base.py", line 344, in _dense_fit
    ) = libsvm.fit(
        ^^^^^^^^^^^
  File "sklearn/svm/_libsvm.pyx", line 216, in sklearn.svm._libsvm.fit
ValueError: specified nu is infeasible

2026-06-10 08:10:57,257 - ERROR - Error evaluating NuSVC with 3 RQs (X shape=(491, 3), y shape=(491,))
Traceback (most recent call last):
  File "/var/folders/pv/hg29j3j512d8wd_qw_8g3msw0000gn/T/ipykernel_6814/1497247354.py", line 23, in get_results_dict
    per_k_results = error_fn(
                    ^^^^^^^^^
  File "/var/folders/pv/hg29j3j512d8wd_qw_8g3msw0000gn/T/ipykernel_6814/336487549.py", line 25, in report_error_bin
    scores = cross_validate(
             ^^^^^^^^^^^^^^^
  File "/Users/daniperry/anaconda3/envs/csed/lib/python3.12/site-packages/sklearn/utils/_param_validation.py", line 218, in wrapper
    return func(*args, **kwargs)
           ^^^^^^^^^^^^^^^^^^^^^
  File "/Users/daniperry/anaconda3/envs/csed/lib/python3.12/site-packages/sklearn/model_selection/_validation.py", line 393, in cross_validate
    _warn_or_raise_about_fit_failures(results, error_score)
  File "/Users/daniperry/anaconda3/envs/csed/lib/python3.12/site-packages/sklearn/model_selection/_validation.py", line 479, in _warn_or_raise_about_fit_failures
    raise ValueError(all_fits_failed_message)
ValueError: 
All the 5 fits failed.
It is very likely that your model is misconfigured.
You can try to debug the error by setting error_score='raise'.

Below are more details about the failures:
--------------------------------------------------------------------------------
5 fits failed with the following error:
Traceback (most recent call last):
  File "/Users/daniperry/anaconda3/envs/csed/lib/python3.12/site-packages/sklearn/model_selection/_validation.py", line 833, in _fit_and_score
    estimator.fit(X_train, y_train, **fit_params)
  File "/Users/daniperry/anaconda3/envs/csed/lib/python3.12/site-packages/sklearn/base.py", line 1336, in wrapper
    return fit_method(estimator, *args, **kwargs)
           ^^^^^^^^^^^^^^^^^^^^^^^^^^^^^^^^^^^^^^
  File "/Users/daniperry/anaconda3/envs/csed/lib/python3.12/site-packages/sklearn/svm/_base.py", line 266, in fit
    fit(X, y, sample_weight, solver_type, kernel, random_seed=seed)
  File "/Users/daniperry/anaconda3/envs/csed/lib/python3.12/site-packages/sklearn/svm/_base.py", line 344, in _dense_fit
    ) = libsvm.fit(
        ^^^^^^^^^^^
  File "sklearn/svm/_libsvm.pyx", line 216, in sklearn.svm._libsvm.fit
ValueError: specified nu is infeasible

2026-06-10 08:10:57,310 - ERROR - Error evaluating NuSVC with 4 RQs (X shape=(491, 4), y shape=(491,))
Traceback (most recent call last):
  File "/var/folders/pv/hg29j3j512d8wd_qw_8g3msw0000gn/T/ipykernel_6814/1497247354.py", line 23, in get_results_dict
    per_k_results = error_fn(
                    ^^^^^^^^^
  File "/var/folders/pv/hg29j3j512d8wd_qw_8g3msw0000gn/T/ipykernel_6814/336487549.py", line 25, in report_error_bin
    scores = cross_validate(
             ^^^^^^^^^^^^^^^
  File "/Users/daniperry/anaconda3/envs/csed/lib/python3.12/site-packages/sklearn/utils/_param_validation.py", line 218, in wrapper
    return func(*args, **kwargs)
           ^^^^^^^^^^^^^^^^^^^^^
  File "/Users/daniperry/anaconda3/envs/csed/lib/python3.12/site-packages/sklearn/model_selection/_validation.py", line 393, in cross_validate
    _warn_or_raise_about_fit_failures(results, error_score)
  File "/Users/daniperry/anaconda3/envs/csed/lib/python3.12/site-packages/sklearn/model_selection/_validation.py", line 479, in _warn_or_raise_about_fit_failures
    raise ValueError(all_fits_failed_message)
ValueError: 
All the 5 fits failed.
It is very likely that your model is misconfigured.
You can try to debug the error by setting error_score='raise'.

Below are more details about the failures:
--------------------------------------------------------------------------------
5 fits failed with the following error:
Traceback (most recent call last):
  File "/Users/daniperry/anaconda3/envs/csed/lib/python3.12/site-packages/sklearn/model_selection/_validation.py", line 833, in _fit_and_score
    estimator.fit(X_train, y_train, **fit_params)
  File "/Users/daniperry/anaconda3/envs/csed/lib/python3.12/site-packages/sklearn/base.py", line 1336, in wrapper
    return fit_method(estimator, *args, **kwargs)
           ^^^^^^^^^^^^^^^^^^^^^^^^^^^^^^^^^^^^^^
  File "/Users/daniperry/anaconda3/envs/csed/lib/python3.12/site-packages/sklearn/svm/_base.py", line 266, in fit
    fit(X, y, sample_weight, solver_type, kernel, random_seed=seed)
  File "/Users/daniperry/anaconda3/envs/csed/lib/python3.12/site-packages/sklearn/svm/_base.py", line 344, in _dense_fit
    ) = libsvm.fit(
        ^^^^^^^^^^^
  File "sklearn/svm/_libsvm.pyx", line 216, in sklearn.svm._libsvm.fit
ValueError: specified nu is infeasible

2026-06-10 08:10:57,355 - ERROR - Error evaluating NuSVC with 5 RQs (X shape=(491, 5), y shape=(491,))
Traceback (most recent call last):
  File "/var/folders/pv/hg29j3j512d8wd_qw_8g3msw0000gn/T/ipykernel_6814/1497247354.py", line 23, in get_results_dict
    per_k_results = error_fn(
                    ^^^^^^^^^
  File "/var/folders/pv/hg29j3j512d8wd_qw_8g3msw0000gn/T/ipykernel_6814/336487549.py", line 25, in report_error_bin
    scores = cross_validate(
             ^^^^^^^^^^^^^^^
  File "/Users/daniperry/anaconda3/envs/csed/lib/python3.12/site-packages/sklearn/utils/_param_validation.py", line 218, in wrapper
    return func(*args, **kwargs)
           ^^^^^^^^^^^^^^^^^^^^^
  File "/Users/daniperry/anaconda3/envs/csed/lib/python3.12/site-packages/sklearn/model_selection/_validation.py", line 393, in cross_validate
    _warn_or_raise_about_fit_failures(results, error_score)
  File "/Users/daniperry/anaconda3/envs/csed/lib/python3.12/site-packages/sklearn/model_selection/_validation.py", line 479, in _warn_or_raise_about_fit_failures
    raise ValueError(all_fits_failed_message)
ValueError: 
All the 5 fits failed.
It is very likely that your model is misconfigured.
You can try to debug the error by setting error_score='raise'.

Below are more details about the failures:
--------------------------------------------------------------------------------
5 fits failed with the following error:
Traceback (most recent call last):
  File "/Users/daniperry/anaconda3/envs/csed/lib/python3.12/site-packages/sklearn/model_selection/_validation.py", line 833, in _fit_and_score
    estimator.fit(X_train, y_train, **fit_params)
  File "/Users/daniperry/anaconda3/envs/csed/lib/python3.12/site-packages/sklearn/base.py", line 1336, in wrapper
    return fit_method(estimator, *args, **kwargs)
           ^^^^^^^^^^^^^^^^^^^^^^^^^^^^^^^^^^^^^^
  File "/Users/daniperry/anaconda3/envs/csed/lib/python3.12/site-packages/sklearn/svm/_base.py", line 266, in fit
    fit(X, y, sample_weight, solver_type, kernel, random_seed=seed)
  File "/Users/daniperry/anaconda3/envs/csed/lib/python3.12/site-packages/sklearn/svm/_base.py", line 344, in _dense_fit
    ) = libsvm.fit(
        ^^^^^^^^^^^
  File "sklearn/svm/_libsvm.pyx", line 216, in sklearn.svm._libsvm.fit
ValueError: specified nu is infeasible

2026-06-10 08:10:57,395 - ERROR - Error evaluating NuSVC with 6 RQs (X shape=(491, 6), y shape=(491,))
Traceback (most recent call last):
  File "/var/folders/pv/hg29j3j512d8wd_qw_8g3msw0000gn/T/ipykernel_6814/1497247354.py", line 23, in get_results_dict
    per_k_results = error_fn(
                    ^^^^^^^^^
  File "/var/folders/pv/hg29j3j512d8wd_qw_8g3msw0000gn/T/ipykernel_6814/336487549.py", line 25, in report_error_bin
    scores = cross_validate(
             ^^^^^^^^^^^^^^^
  File "/Users/daniperry/anaconda3/envs/csed/lib/python3.12/site-packages/sklearn/utils/_param_validation.py", line 218, in wrapper
    return func(*args, **kwargs)
           ^^^^^^^^^^^^^^^^^^^^^
  File "/Users/daniperry/anaconda3/envs/csed/lib/python3.12/site-packages/sklearn/model_selection/_validation.py", line 393, in cross_validate
    _warn_or_raise_about_fit_failures(results, error_score)
  File "/Users/daniperry/anaconda3/envs/csed/lib/python3.12/site-packages/sklearn/model_selection/_validation.py", line 479, in _warn_or_raise_about_fit_failures
    raise ValueError(all_fits_failed_message)
ValueError: 
All the 5 fits failed.
It is very likely that your model is misconfigured.
You can try to debug the error by setting error_score='raise'.

Below are more details about the failures:
--------------------------------------------------------------------------------
5 fits failed with the following error:
Traceback (most recent call last):
  File "/Users/daniperry/anaconda3/envs/csed/lib/python3.12/site-packages/sklearn/model_selection/_validation.py", line 833, in _fit_and_score
    estimator.fit(X_train, y_train, **fit_params)
  File "/Users/daniperry/anaconda3/envs/csed/lib/python3.12/site-packages/sklearn/base.py", line 1336, in wrapper
    return fit_method(estimator, *args, **kwargs)
           ^^^^^^^^^^^^^^^^^^^^^^^^^^^^^^^^^^^^^^
  File "/Users/daniperry/anaconda3/envs/csed/lib/python3.12/site-packages/sklearn/svm/_base.py", line 266, in fit
    fit(X, y, sample_weight, solver_type, kernel, random_seed=seed)
  File "/Users/daniperry/anaconda3/envs/csed/lib/python3.12/site-packages/sklearn/svm/_base.py", line 344, in _dense_fit
    ) = libsvm.fit(
        ^^^^^^^^^^^
  File "sklearn/svm/_libsvm.pyx", line 216, in sklearn.svm._libsvm.fit
ValueError: specified nu is infeasible

2026-06-10 08:10:57,435 - ERROR - Error evaluating NuSVC with 7 RQs (X shape=(491, 7), y shape=(491,))
Traceback (most recent call last):
  File "/var/folders/pv/hg29j3j512d8wd_qw_8g3msw0000gn/T/ipykernel_6814/1497247354.py", line 23, in get_results_dict
    per_k_results = error_fn(
                    ^^^^^^^^^
  File "/var/folders/pv/hg29j3j512d8wd_qw_8g3msw0000gn/T/ipykernel_6814/336487549.py", line 25, in report_error_bin
    scores = cross_validate(
             ^^^^^^^^^^^^^^^
  File "/Users/daniperry/anaconda3/envs/csed/lib/python3.12/site-packages/sklearn/utils/_param_validation.py", line 218, in wrapper
    return func(*args, **kwargs)
           ^^^^^^^^^^^^^^^^^^^^^
  File "/Users/daniperry/anaconda3/envs/csed/lib/python3.12/site-packages/sklearn/model_selection/_validation.py", line 393, in cross_validate
    _warn_or_raise_about_fit_failures(results, error_score)
  File "/Users/daniperry/anaconda3/envs/csed/lib/python3.12/site-packages/sklearn/model_selection/_validation.py", line 479, in _warn_or_raise_about_fit_failures
    raise ValueError(all_fits_failed_message)
ValueError: 
All the 5 fits failed.
It is very likely that your model is misconfigured.
You can try to debug the error by setting error_score='raise'.

Below are more details about the failures:
--------------------------------------------------------------------------------
5 fits failed with the following error:
Traceback (most recent call last):
  File "/Users/daniperry/anaconda3/envs/csed/lib/python3.12/site-packages/sklearn/model_selection/_validation.py", line 833, in _fit_and_score
    estimator.fit(X_train, y_train, **fit_params)
  File "/Users/daniperry/anaconda3/envs/csed/lib/python3.12/site-packages/sklearn/base.py", line 1336, in wrapper
    return fit_method(estimator, *args, **kwargs)
           ^^^^^^^^^^^^^^^^^^^^^^^^^^^^^^^^^^^^^^
  File "/Users/daniperry/anaconda3/envs/csed/lib/python3.12/site-packages/sklearn/svm/_base.py", line 266, in fit
    fit(X, y, sample_weight, solver_type, kernel, random_seed=seed)
  File "/Users/daniperry/anaconda3/envs/csed/lib/python3.12/site-packages/sklearn/svm/_base.py", line 344, in _dense_fit
    ) = libsvm.fit(
        ^^^^^^^^^^^
  File "sklearn/svm/_libsvm.pyx", line 216, in sklearn.svm._libsvm.fit
ValueError: specified nu is infeasible

2026-06-10 08:10:57,473 - ERROR - Error evaluating NuSVC with 8 RQs (X shape=(491, 8), y shape=(491,))
Traceback (most recent call last):
  File "/var/folders/pv/hg29j3j512d8wd_qw_8g3msw0000gn/T/ipykernel_6814/1497247354.py", line 23, in get_results_dict
    per_k_results = error_fn(
                    ^^^^^^^^^
  File "/var/folders/pv/hg29j3j512d8wd_qw_8g3msw0000gn/T/ipykernel_6814/336487549.py", line 25, in report_error_bin
    scores = cross_validate(
             ^^^^^^^^^^^^^^^
  File "/Users/daniperry/anaconda3/envs/csed/lib/python3.12/site-packages/sklearn/utils/_param_validation.py", line 218, in wrapper
    return func(*args, **kwargs)
           ^^^^^^^^^^^^^^^^^^^^^
  File "/Users/daniperry/anaconda3/envs/csed/lib/python3.12/site-packages/sklearn/model_selection/_validation.py", line 393, in cross_validate
    _warn_or_raise_about_fit_failures(results, error_score)
  File "/Users/daniperry/anaconda3/envs/csed/lib/python3.12/site-packages/sklearn/model_selection/_validation.py", line 479, in _warn_or_raise_about_fit_failures
    raise ValueError(all_fits_failed_message)
ValueError: 
All the 5 fits failed.
It is very likely that your model is misconfigured.
You can try to debug the error by setting error_score='raise'.

Below are more details about the failures:
--------------------------------------------------------------------------------
5 fits failed with the following error:
Traceback (most recent call last):
  File "/Users/daniperry/anaconda3/envs/csed/lib/python3.12/site-packages/sklearn/model_selection/_validation.py", line 833, in _fit_and_score
    estimator.fit(X_train, y_train, **fit_params)
  File "/Users/daniperry/anaconda3/envs/csed/lib/python3.12/site-packages/sklearn/base.py", line 1336, in wrapper
    return fit_method(estimator, *args, **kwargs)
           ^^^^^^^^^^^^^^^^^^^^^^^^^^^^^^^^^^^^^^
  File "/Users/daniperry/anaconda3/envs/csed/lib/python3.12/site-packages/sklearn/svm/_base.py", line 266, in fit
    fit(X, y, sample_weight, solver_type, kernel, random_seed=seed)
  File "/Users/daniperry/anaconda3/envs/csed/lib/python3.12/site-packages/sklearn/svm/_base.py", line 344, in _dense_fit
    ) = libsvm.fit(
        ^^^^^^^^^^^
  File "sklearn/svm/_libsvm.pyx", line 216, in sklearn.svm._libsvm.fit
ValueError: specified nu is infeasible

2026-06-10 08:10:57,520 - ERROR - Error evaluating NuSVC with 9 RQs (X shape=(491, 9), y shape=(491,))
Traceback (most recent call last):
  File "/var/folders/pv/hg29j3j512d8wd_qw_8g3msw0000gn/T/ipykernel_6814/1497247354.py", line 23, in get_results_dict
    per_k_results = error_fn(
                    ^^^^^^^^^
  File "/var/folders/pv/hg29j3j512d8wd_qw_8g3msw0000gn/T/ipykernel_6814/336487549.py", line 25, in report_error_bin
    scores = cross_validate(
             ^^^^^^^^^^^^^^^
  File "/Users/daniperry/anaconda3/envs/csed/lib/python3.12/site-packages/sklearn/utils/_param_validation.py", line 218, in wrapper
    return func(*args, **kwargs)
           ^^^^^^^^^^^^^^^^^^^^^
  File "/Users/daniperry/anaconda3/envs/csed/lib/python3.12/site-packages/sklearn/model_selection/_validation.py", line 393, in cross_validate
    _warn_or_raise_about_fit_failures(results, error_score)
  File "/Users/daniperry/anaconda3/envs/csed/lib/python3.12/site-packages/sklearn/model_selection/_validation.py", line 479, in _warn_or_raise_about_fit_failures
    raise ValueError(all_fits_failed_message)
ValueError: 
All the 5 fits failed.
It is very likely that your model is misconfigured.
You can try to debug the error by setting error_score='raise'.

Below are more details about the failures:
--------------------------------------------------------------------------------
5 fits failed with the following error:
Traceback (most recent call last):
  File "/Users/daniperry/anaconda3/envs/csed/lib/python3.12/site-packages/sklearn/model_selection/_validation.py", line 833, in _fit_and_score
    estimator.fit(X_train, y_train, **fit_params)
  File "/Users/daniperry/anaconda3/envs/csed/lib/python3.12/site-packages/sklearn/base.py", line 1336, in wrapper
    return fit_method(estimator, *args, **kwargs)
           ^^^^^^^^^^^^^^^^^^^^^^^^^^^^^^^^^^^^^^
  File "/Users/daniperry/anaconda3/envs/csed/lib/python3.12/site-packages/sklearn/svm/_base.py", line 266, in fit
    fit(X, y, sample_weight, solver_type, kernel, random_seed=seed)
  File "/Users/daniperry/anaconda3/envs/csed/lib/python3.12/site-packages/sklearn/svm/_base.py", line 344, in _dense_fit
    ) = libsvm.fit(
        ^^^^^^^^^^^
  File "sklearn/svm/_libsvm.pyx", line 216, in sklearn.svm._libsvm.fit
ValueError: specified nu is infeasible

2026-06-10 08:10:57,588 - ERROR - Error evaluating NuSVC with 10 RQs (X shape=(491, 10), y shape=(491,))
Traceback (most recent call last):
  File "/var/folders/pv/hg29j3j512d8wd_qw_8g3msw0000gn/T/ipykernel_6814/1497247354.py", line 23, in get_results_dict
    per_k_results = error_fn(
                    ^^^^^^^^^
  File "/var/folders/pv/hg29j3j512d8wd_qw_8g3msw0000gn/T/ipykernel_6814/336487549.py", line 25, in report_error_bin
    scores = cross_validate(
             ^^^^^^^^^^^^^^^
  File "/Users/daniperry/anaconda3/envs/csed/lib/python3.12/site-packages/sklearn/utils/_param_validation.py", line 218, in wrapper
    return func(*args, **kwargs)
           ^^^^^^^^^^^^^^^^^^^^^
  File "/Users/daniperry/anaconda3/envs/csed/lib/python3.12/site-packages/sklearn/model_selection/_validation.py", line 393, in cross_validate
    _warn_or_raise_about_fit_failures(results, error_score)
  File "/Users/daniperry/anaconda3/envs/csed/lib/python3.12/site-packages/sklearn/model_selection/_validation.py", line 479, in _warn_or_raise_about_fit_failures
    raise ValueError(all_fits_failed_message)
ValueError: 
All the 5 fits failed.
It is very likely that your model is misconfigured.
You can try to debug the error by setting error_score='raise'.

Below are more details about the failures:
--------------------------------------------------------------------------------
5 fits failed with the following error:
Traceback (most recent call last):
  File "/Users/daniperry/anaconda3/envs/csed/lib/python3.12/site-packages/sklearn/model_selection/_validation.py", line 833, in _fit_and_score
    estimator.fit(X_train, y_train, **fit_params)
  File "/Users/daniperry/anaconda3/envs/csed/lib/python3.12/site-packages/sklearn/base.py", line 1336, in wrapper
    return fit_method(estimator, *args, **kwargs)
           ^^^^^^^^^^^^^^^^^^^^^^^^^^^^^^^^^^^^^^
  File "/Users/daniperry/anaconda3/envs/csed/lib/python3.12/site-packages/sklearn/svm/_base.py", line 266, in fit
    fit(X, y, sample_weight, solver_type, kernel, random_seed=seed)
  File "/Users/daniperry/anaconda3/envs/csed/lib/python3.12/site-packages/sklearn/svm/_base.py", line 344, in _dense_fit
    ) = libsvm.fit(
        ^^^^^^^^^^^
  File "sklearn/svm/_libsvm.pyx", line 216, in sklearn.svm._libsvm.fit
ValueError: specified nu is infeasible

2026-06-10 08:10:57,627 - ERROR - Error evaluating NuSVC with 11 RQs (X shape=(491, 11), y shape=(491,))
Traceback (most recent call last):
  File "/var/folders/pv/hg29j3j512d8wd_qw_8g3msw0000gn/T/ipykernel_6814/1497247354.py", line 23, in get_results_dict
    per_k_results = error_fn(
                    ^^^^^^^^^
  File "/var/folders/pv/hg29j3j512d8wd_qw_8g3msw0000gn/T/ipykernel_6814/336487549.py", line 25, in report_error_bin
    scores = cross_validate(
             ^^^^^^^^^^^^^^^
  File "/Users/daniperry/anaconda3/envs/csed/lib/python3.12/site-packages/sklearn/utils/_param_validation.py", line 218, in wrapper
    return func(*args, **kwargs)
           ^^^^^^^^^^^^^^^^^^^^^
  File "/Users/daniperry/anaconda3/envs/csed/lib/python3.12/site-packages/sklearn/model_selection/_validation.py", line 393, in cross_validate
    _warn_or_raise_about_fit_failures(results, error_score)
  File "/Users/daniperry/anaconda3/envs/csed/lib/python3.12/site-packages/sklearn/model_selection/_validation.py", line 479, in _warn_or_raise_about_fit_failures
    raise ValueError(all_fits_failed_message)
ValueError: 
All the 5 fits failed.
It is very likely that your model is misconfigured.
You can try to debug the error by setting error_score='raise'.

Below are more details about the failures:
--------------------------------------------------------------------------------
5 fits failed with the following error:
Traceback (most recent call last):
  File "/Users/daniperry/anaconda3/envs/csed/lib/python3.12/site-packages/sklearn/model_selection/_validation.py", line 833, in _fit_and_score
    estimator.fit(X_train, y_train, **fit_params)
  File "/Users/daniperry/anaconda3/envs/csed/lib/python3.12/site-packages/sklearn/base.py", line 1336, in wrapper
    return fit_method(estimator, *args, **kwargs)
           ^^^^^^^^^^^^^^^^^^^^^^^^^^^^^^^^^^^^^^
  File "/Users/daniperry/anaconda3/envs/csed/lib/python3.12/site-packages/sklearn/svm/_base.py", line 266, in fit
    fit(X, y, sample_weight, solver_type, kernel, random_seed=seed)
  File "/Users/daniperry/anaconda3/envs/csed/lib/python3.12/site-packages/sklearn/svm/_base.py", line 344, in _dense_fit
    ) = libsvm.fit(
        ^^^^^^^^^^^
  File "sklearn/svm/_libsvm.pyx", line 216, in sklearn.svm._libsvm.fit
ValueError: specified nu is infeasible

2026-06-10 08:10:57,666 - ERROR - Error evaluating NuSVC with 12 RQs (X shape=(491, 12), y shape=(491,))
Traceback (most recent call last):
  File "/var/folders/pv/hg29j3j512d8wd_qw_8g3msw0000gn/T/ipykernel_6814/1497247354.py", line 23, in get_results_dict
    per_k_results = error_fn(
                    ^^^^^^^^^
  File "/var/folders/pv/hg29j3j512d8wd_qw_8g3msw0000gn/T/ipykernel_6814/336487549.py", line 25, in report_error_bin
    scores = cross_validate(
             ^^^^^^^^^^^^^^^
  File "/Users/daniperry/anaconda3/envs/csed/lib/python3.12/site-packages/sklearn/utils/_param_validation.py", line 218, in wrapper
    return func(*args, **kwargs)
           ^^^^^^^^^^^^^^^^^^^^^
  File "/Users/daniperry/anaconda3/envs/csed/lib/python3.12/site-packages/sklearn/model_selection/_validation.py", line 393, in cross_validate
    _warn_or_raise_about_fit_failures(results, error_score)
  File "/Users/daniperry/anaconda3/envs/csed/lib/python3.12/site-packages/sklearn/model_selection/_validation.py", line 479, in _warn_or_raise_about_fit_failures
    raise ValueError(all_fits_failed_message)
ValueError: 
All the 5 fits failed.
It is very likely that your model is misconfigured.
You can try to debug the error by setting error_score='raise'.

Below are more details about the failures:
--------------------------------------------------------------------------------
5 fits failed with the following error:
Traceback (most recent call last):
  File "/Users/daniperry/anaconda3/envs/csed/lib/python3.12/site-packages/sklearn/model_selection/_validation.py", line 833, in _fit_and_score
    estimator.fit(X_train, y_train, **fit_params)
  File "/Users/daniperry/anaconda3/envs/csed/lib/python3.12/site-packages/sklearn/base.py", line 1336, in wrapper
    return fit_method(estimator, *args, **kwargs)
           ^^^^^^^^^^^^^^^^^^^^^^^^^^^^^^^^^^^^^^
  File "/Users/daniperry/anaconda3/envs/csed/lib/python3.12/site-packages/sklearn/svm/_base.py", line 266, in fit
    fit(X, y, sample_weight, solver_type, kernel, random_seed=seed)
  File "/Users/daniperry/anaconda3/envs/csed/lib/python3.12/site-packages/sklearn/svm/_base.py", line 344, in _dense_fit
    ) = libsvm.fit(
        ^^^^^^^^^^^
  File "sklearn/svm/_libsvm.pyx", line 216, in sklearn.svm._libsvm.fit
ValueError: specified nu is infeasible

2026-06-10 08:10:57,721 - ERROR - Error evaluating NuSVC with 13 RQs (X shape=(491, 13), y shape=(491,))
Traceback (most recent call last):
  File "/var/folders/pv/hg29j3j512d8wd_qw_8g3msw0000gn/T/ipykernel_6814/1497247354.py", line 23, in get_results_dict
    per_k_results = error_fn(
                    ^^^^^^^^^
  File "/var/folders/pv/hg29j3j512d8wd_qw_8g3msw0000gn/T/ipykernel_6814/336487549.py", line 25, in report_error_bin
    scores = cross_validate(
             ^^^^^^^^^^^^^^^
  File "/Users/daniperry/anaconda3/envs/csed/lib/python3.12/site-packages/sklearn/utils/_param_validation.py", line 218, in wrapper
    return func(*args, **kwargs)
           ^^^^^^^^^^^^^^^^^^^^^
  File "/Users/daniperry/anaconda3/envs/csed/lib/python3.12/site-packages/sklearn/model_selection/_validation.py", line 393, in cross_validate
    _warn_or_raise_about_fit_failures(results, error_score)
  File "/Users/daniperry/anaconda3/envs/csed/lib/python3.12/site-packages/sklearn/model_selection/_validation.py", line 479, in _warn_or_raise_about_fit_failures
    raise ValueError(all_fits_failed_message)
ValueError: 
All the 5 fits failed.
It is very likely that your model is misconfigured.
You can try to debug the error by setting error_score='raise'.

Below are more details about the failures:
--------------------------------------------------------------------------------
5 fits failed with the following error:
Traceback (most recent call last):
  File "/Users/daniperry/anaconda3/envs/csed/lib/python3.12/site-packages/sklearn/model_selection/_validation.py", line 833, in _fit_and_score
    estimator.fit(X_train, y_train, **fit_params)
  File "/Users/daniperry/anaconda3/envs/csed/lib/python3.12/site-packages/sklearn/base.py", line 1336, in wrapper
    return fit_method(estimator, *args, **kwargs)
           ^^^^^^^^^^^^^^^^^^^^^^^^^^^^^^^^^^^^^^
  File "/Users/daniperry/anaconda3/envs/csed/lib/python3.12/site-packages/sklearn/svm/_base.py", line 266, in fit
    fit(X, y, sample_weight, solver_type, kernel, random_seed=seed)
  File "/Users/daniperry/anaconda3/envs/csed/lib/python3.12/site-packages/sklearn/svm/_base.py", line 344, in _dense_fit
    ) = libsvm.fit(
        ^^^^^^^^^^^
  File "sklearn/svm/_libsvm.pyx", line 216, in sklearn.svm._libsvm.fit
ValueError: specified nu is infeasible

2026-06-10 08:10:57,769 - ERROR - Error evaluating NuSVC with 14 RQs (X shape=(491, 14), y shape=(491,))
Traceback (most recent call last):
  File "/var/folders/pv/hg29j3j512d8wd_qw_8g3msw0000gn/T/ipykernel_6814/1497247354.py", line 23, in get_results_dict
    per_k_results = error_fn(
                    ^^^^^^^^^
  File "/var/folders/pv/hg29j3j512d8wd_qw_8g3msw0000gn/T/ipykernel_6814/336487549.py", line 25, in report_error_bin
    scores = cross_validate(
             ^^^^^^^^^^^^^^^
  File "/Users/daniperry/anaconda3/envs/csed/lib/python3.12/site-packages/sklearn/utils/_param_validation.py", line 218, in wrapper
    return func(*args, **kwargs)
           ^^^^^^^^^^^^^^^^^^^^^
  File "/Users/daniperry/anaconda3/envs/csed/lib/python3.12/site-packages/sklearn/model_selection/_validation.py", line 393, in cross_validate
    _warn_or_raise_about_fit_failures(results, error_score)
  File "/Users/daniperry/anaconda3/envs/csed/lib/python3.12/site-packages/sklearn/model_selection/_validation.py", line 479, in _warn_or_raise_about_fit_failures
    raise ValueError(all_fits_failed_message)
ValueError: 
All the 5 fits failed.
It is very likely that your model is misconfigured.
You can try to debug the error by setting error_score='raise'.

Below are more details about the failures:
--------------------------------------------------------------------------------
5 fits failed with the following error:
Traceback (most recent call last):
  File "/Users/daniperry/anaconda3/envs/csed/lib/python3.12/site-packages/sklearn/model_selection/_validation.py", line 833, in _fit_and_score
    estimator.fit(X_train, y_train, **fit_params)
  File "/Users/daniperry/anaconda3/envs/csed/lib/python3.12/site-packages/sklearn/base.py", line 1336, in wrapper
    return fit_method(estimator, *args, **kwargs)
           ^^^^^^^^^^^^^^^^^^^^^^^^^^^^^^^^^^^^^^
  File "/Users/daniperry/anaconda3/envs/csed/lib/python3.12/site-packages/sklearn/svm/_base.py", line 266, in fit
    fit(X, y, sample_weight, solver_type, kernel, random_seed=seed)
  File "/Users/daniperry/anaconda3/envs/csed/lib/python3.12/site-packages/sklearn/svm/_base.py", line 344, in _dense_fit
    ) = libsvm.fit(
        ^^^^^^^^^^^
  File "sklearn/svm/_libsvm.pyx", line 216, in sklearn.svm._libsvm.fit
ValueError: specified nu is infeasible

2026-06-10 08:10:57,824 - ERROR - Error evaluating NuSVC with 15 RQs (X shape=(491, 15), y shape=(491,))
Traceback (most recent call last):
  File "/var/folders/pv/hg29j3j512d8wd_qw_8g3msw0000gn/T/ipykernel_6814/1497247354.py", line 23, in get_results_dict
    per_k_results = error_fn(
                    ^^^^^^^^^
  File "/var/folders/pv/hg29j3j512d8wd_qw_8g3msw0000gn/T/ipykernel_6814/336487549.py", line 25, in report_error_bin
    scores = cross_validate(
             ^^^^^^^^^^^^^^^
  File "/Users/daniperry/anaconda3/envs/csed/lib/python3.12/site-packages/sklearn/utils/_param_validation.py", line 218, in wrapper
    return func(*args, **kwargs)
           ^^^^^^^^^^^^^^^^^^^^^
  File "/Users/daniperry/anaconda3/envs/csed/lib/python3.12/site-packages/sklearn/model_selection/_validation.py", line 393, in cross_validate
    _warn_or_raise_about_fit_failures(results, error_score)
  File "/Users/daniperry/anaconda3/envs/csed/lib/python3.12/site-packages/sklearn/model_selection/_validation.py", line 479, in _warn_or_raise_about_fit_failures
    raise ValueError(all_fits_failed_message)
ValueError: 
All the 5 fits failed.
It is very likely that your model is misconfigured.
You can try to debug the error by setting error_score='raise'.

Below are more details about the failures:
--------------------------------------------------------------------------------
5 fits failed with the following error:
Traceback (most recent call last):
  File "/Users/daniperry/anaconda3/envs/csed/lib/python3.12/site-packages/sklearn/model_selection/_validation.py", line 833, in _fit_and_score
    estimator.fit(X_train, y_train, **fit_params)
  File "/Users/daniperry/anaconda3/envs/csed/lib/python3.12/site-packages/sklearn/base.py", line 1336, in wrapper
    return fit_method(estimator, *args, **kwargs)
           ^^^^^^^^^^^^^^^^^^^^^^^^^^^^^^^^^^^^^^
  File "/Users/daniperry/anaconda3/envs/csed/lib/python3.12/site-packages/sklearn/svm/_base.py", line 266, in fit
    fit(X, y, sample_weight, solver_type, kernel, random_seed=seed)
  File "/Users/daniperry/anaconda3/envs/csed/lib/python3.12/site-packages/sklearn/svm/_base.py", line 344, in _dense_fit
    ) = libsvm.fit(
        ^^^^^^^^^^^
  File "sklearn/svm/_libsvm.pyx", line 216, in sklearn.svm._libsvm.fit
ValueError: specified nu is infeasible

2026-06-10 08:10:57,877 - ERROR - Error evaluating NuSVC with 16 RQs (X shape=(491, 16), y shape=(491,))
Traceback (most recent call last):
  File "/var/folders/pv/hg29j3j512d8wd_qw_8g3msw0000gn/T/ipykernel_6814/1497247354.py", line 23, in get_results_dict
    per_k_results = error_fn(
                    ^^^^^^^^^
  File "/var/folders/pv/hg29j3j512d8wd_qw_8g3msw0000gn/T/ipykernel_6814/336487549.py", line 25, in report_error_bin
    scores = cross_validate(
             ^^^^^^^^^^^^^^^
  File "/Users/daniperry/anaconda3/envs/csed/lib/python3.12/site-packages/sklearn/utils/_param_validation.py", line 218, in wrapper
    return func(*args, **kwargs)
           ^^^^^^^^^^^^^^^^^^^^^
  File "/Users/daniperry/anaconda3/envs/csed/lib/python3.12/site-packages/sklearn/model_selection/_validation.py", line 393, in cross_validate
    _warn_or_raise_about_fit_failures(results, error_score)
  File "/Users/daniperry/anaconda3/envs/csed/lib/python3.12/site-packages/sklearn/model_selection/_validation.py", line 479, in _warn_or_raise_about_fit_failures
    raise ValueError(all_fits_failed_message)
ValueError: 
All the 5 fits failed.
It is very likely that your model is misconfigured.
You can try to debug the error by setting error_score='raise'.

Below are more details about the failures:
--------------------------------------------------------------------------------
5 fits failed with the following error:
Traceback (most recent call last):
  File "/Users/daniperry/anaconda3/envs/csed/lib/python3.12/site-packages/sklearn/model_selection/_validation.py", line 833, in _fit_and_score
    estimator.fit(X_train, y_train, **fit_params)
  File "/Users/daniperry/anaconda3/envs/csed/lib/python3.12/site-packages/sklearn/base.py", line 1336, in wrapper
    return fit_method(estimator, *args, **kwargs)
           ^^^^^^^^^^^^^^^^^^^^^^^^^^^^^^^^^^^^^^
  File "/Users/daniperry/anaconda3/envs/csed/lib/python3.12/site-packages/sklearn/svm/_base.py", line 266, in fit
    fit(X, y, sample_weight, solver_type, kernel, random_seed=seed)
  File "/Users/daniperry/anaconda3/envs/csed/lib/python3.12/site-packages/sklearn/svm/_base.py", line 344, in _dense_fit
    ) = libsvm.fit(
        ^^^^^^^^^^^
  File "sklearn/svm/_libsvm.pyx", line 216, in sklearn.svm._libsvm.fit
ValueError: specified nu is infeasible

2026-06-10 08:10:57,920 - ERROR - Error evaluating NuSVC with 17 RQs (X shape=(491, 17), y shape=(491,))
Traceback (most recent call last):
  File "/var/folders/pv/hg29j3j512d8wd_qw_8g3msw0000gn/T/ipykernel_6814/1497247354.py", line 23, in get_results_dict
    per_k_results = error_fn(
                    ^^^^^^^^^
  File "/var/folders/pv/hg29j3j512d8wd_qw_8g3msw0000gn/T/ipykernel_6814/336487549.py", line 25, in report_error_bin
    scores = cross_validate(
             ^^^^^^^^^^^^^^^
  File "/Users/daniperry/anaconda3/envs/csed/lib/python3.12/site-packages/sklearn/utils/_param_validation.py", line 218, in wrapper
    return func(*args, **kwargs)
           ^^^^^^^^^^^^^^^^^^^^^
  File "/Users/daniperry/anaconda3/envs/csed/lib/python3.12/site-packages/sklearn/model_selection/_validation.py", line 393, in cross_validate
    _warn_or_raise_about_fit_failures(results, error_score)
  File "/Users/daniperry/anaconda3/envs/csed/lib/python3.12/site-packages/sklearn/model_selection/_validation.py", line 479, in _warn_or_raise_about_fit_failures
    raise ValueError(all_fits_failed_message)
ValueError: 
All the 5 fits failed.
It is very likely that your model is misconfigured.
You can try to debug the error by setting error_score='raise'.

Below are more details about the failures:
--------------------------------------------------------------------------------
5 fits failed with the following error:
Traceback (most recent call last):
  File "/Users/daniperry/anaconda3/envs/csed/lib/python3.12/site-packages/sklearn/model_selection/_validation.py", line 833, in _fit_and_score
    estimator.fit(X_train, y_train, **fit_params)
  File "/Users/daniperry/anaconda3/envs/csed/lib/python3.12/site-packages/sklearn/base.py", line 1336, in wrapper
    return fit_method(estimator, *args, **kwargs)
           ^^^^^^^^^^^^^^^^^^^^^^^^^^^^^^^^^^^^^^
  File "/Users/daniperry/anaconda3/envs/csed/lib/python3.12/site-packages/sklearn/svm/_base.py", line 266, in fit
    fit(X, y, sample_weight, solver_type, kernel, random_seed=seed)
  File "/Users/daniperry/anaconda3/envs/csed/lib/python3.12/site-packages/sklearn/svm/_base.py", line 344, in _dense_fit
    ) = libsvm.fit(
        ^^^^^^^^^^^
  File "sklearn/svm/_libsvm.pyx", line 216, in sklearn.svm._libsvm.fit
ValueError: specified nu is infeasible

2026-06-10 08:10:57,963 - ERROR - Error evaluating NuSVC with 18 RQs (X shape=(491, 18), y shape=(491,))
Traceback (most recent call last):
  File "/var/folders/pv/hg29j3j512d8wd_qw_8g3msw0000gn/T/ipykernel_6814/1497247354.py", line 23, in get_results_dict
    per_k_results = error_fn(
                    ^^^^^^^^^
  File "/var/folders/pv/hg29j3j512d8wd_qw_8g3msw0000gn/T/ipykernel_6814/336487549.py", line 25, in report_error_bin
    scores = cross_validate(
             ^^^^^^^^^^^^^^^
  File "/Users/daniperry/anaconda3/envs/csed/lib/python3.12/site-packages/sklearn/utils/_param_validation.py", line 218, in wrapper
    return func(*args, **kwargs)
           ^^^^^^^^^^^^^^^^^^^^^
  File "/Users/daniperry/anaconda3/envs/csed/lib/python3.12/site-packages/sklearn/model_selection/_validation.py", line 393, in cross_validate
    _warn_or_raise_about_fit_failures(results, error_score)
  File "/Users/daniperry/anaconda3/envs/csed/lib/python3.12/site-packages/sklearn/model_selection/_validation.py", line 479, in _warn_or_raise_about_fit_failures
    raise ValueError(all_fits_failed_message)
ValueError: 
All the 5 fits failed.
It is very likely that your model is misconfigured.
You can try to debug the error by setting error_score='raise'.

Below are more details about the failures:
--------------------------------------------------------------------------------
5 fits failed with the following error:
Traceback (most recent call last):
  File "/Users/daniperry/anaconda3/envs/csed/lib/python3.12/site-packages/sklearn/model_selection/_validation.py", line 833, in _fit_and_score
    estimator.fit(X_train, y_train, **fit_params)
  File "/Users/daniperry/anaconda3/envs/csed/lib/python3.12/site-packages/sklearn/base.py", line 1336, in wrapper
    return fit_method(estimator, *args, **kwargs)
           ^^^^^^^^^^^^^^^^^^^^^^^^^^^^^^^^^^^^^^
  File "/Users/daniperry/anaconda3/envs/csed/lib/python3.12/site-packages/sklearn/svm/_base.py", line 266, in fit
    fit(X, y, sample_weight, solver_type, kernel, random_seed=seed)
  File "/Users/daniperry/anaconda3/envs/csed/lib/python3.12/site-packages/sklearn/svm/_base.py", line 344, in _dense_fit
    ) = libsvm.fit(
        ^^^^^^^^^^^
  File "sklearn/svm/_libsvm.pyx", line 216, in sklearn.svm._libsvm.fit
ValueError: specified nu is infeasible

2026-06-10 08:10:58,011 - ERROR - Error evaluating NuSVC with 19 RQs (X shape=(491, 19), y shape=(491,))
Traceback (most recent call last):
  File "/var/folders/pv/hg29j3j512d8wd_qw_8g3msw0000gn/T/ipykernel_6814/1497247354.py", line 23, in get_results_dict
    per_k_results = error_fn(
                    ^^^^^^^^^
  File "/var/folders/pv/hg29j3j512d8wd_qw_8g3msw0000gn/T/ipykernel_6814/336487549.py", line 25, in report_error_bin
    scores = cross_validate(
             ^^^^^^^^^^^^^^^
  File "/Users/daniperry/anaconda3/envs/csed/lib/python3.12/site-packages/sklearn/utils/_param_validation.py", line 218, in wrapper
    return func(*args, **kwargs)
           ^^^^^^^^^^^^^^^^^^^^^
  File "/Users/daniperry/anaconda3/envs/csed/lib/python3.12/site-packages/sklearn/model_selection/_validation.py", line 393, in cross_validate
    _warn_or_raise_about_fit_failures(results, error_score)
  File "/Users/daniperry/anaconda3/envs/csed/lib/python3.12/site-packages/sklearn/model_selection/_validation.py", line 479, in _warn_or_raise_about_fit_failures
    raise ValueError(all_fits_failed_message)
ValueError: 
All the 5 fits failed.
It is very likely that your model is misconfigured.
You can try to debug the error by setting error_score='raise'.

Below are more details about the failures:
--------------------------------------------------------------------------------
5 fits failed with the following error:
Traceback (most recent call last):
  File "/Users/daniperry/anaconda3/envs/csed/lib/python3.12/site-packages/sklearn/model_selection/_validation.py", line 833, in _fit_and_score
    estimator.fit(X_train, y_train, **fit_params)
  File "/Users/daniperry/anaconda3/envs/csed/lib/python3.12/site-packages/sklearn/base.py", line 1336, in wrapper
    return fit_method(estimator, *args, **kwargs)
           ^^^^^^^^^^^^^^^^^^^^^^^^^^^^^^^^^^^^^^
  File "/Users/daniperry/anaconda3/envs/csed/lib/python3.12/site-packages/sklearn/svm/_base.py", line 266, in fit
    fit(X, y, sample_weight, solver_type, kernel, random_seed=seed)
  File "/Users/daniperry/anaconda3/envs/csed/lib/python3.12/site-packages/sklearn/svm/_base.py", line 344, in _dense_fit
    ) = libsvm.fit(
        ^^^^^^^^^^^
  File "sklearn/svm/_libsvm.pyx", line 216, in sklearn.svm._libsvm.fit
ValueError: specified nu is infeasible

2026-06-10 08:10:58,058 - ERROR - Error evaluating NuSVC with 20 RQs (X shape=(491, 20), y shape=(491,))
Traceback (most recent call last):
  File "/var/folders/pv/hg29j3j512d8wd_qw_8g3msw0000gn/T/ipykernel_6814/1497247354.py", line 23, in get_results_dict
    per_k_results = error_fn(
                    ^^^^^^^^^
  File "/var/folders/pv/hg29j3j512d8wd_qw_8g3msw0000gn/T/ipykernel_6814/336487549.py", line 25, in report_error_bin
    scores = cross_validate(
             ^^^^^^^^^^^^^^^
  File "/Users/daniperry/anaconda3/envs/csed/lib/python3.12/site-packages/sklearn/utils/_param_validation.py", line 218, in wrapper
    return func(*args, **kwargs)
           ^^^^^^^^^^^^^^^^^^^^^
  File "/Users/daniperry/anaconda3/envs/csed/lib/python3.12/site-packages/sklearn/model_selection/_validation.py", line 393, in cross_validate
    _warn_or_raise_about_fit_failures(results, error_score)
  File "/Users/daniperry/anaconda3/envs/csed/lib/python3.12/site-packages/sklearn/model_selection/_validation.py", line 479, in _warn_or_raise_about_fit_failures
    raise ValueError(all_fits_failed_message)
ValueError: 
All the 5 fits failed.
It is very likely that your model is misconfigured.
You can try to debug the error by setting error_score='raise'.

Below are more details about the failures:
--------------------------------------------------------------------------------
5 fits failed with the following error:
Traceback (most recent call last):
  File "/Users/daniperry/anaconda3/envs/csed/lib/python3.12/site-packages/sklearn/model_selection/_validation.py", line 833, in _fit_and_score
    estimator.fit(X_train, y_train, **fit_params)
  File "/Users/daniperry/anaconda3/envs/csed/lib/python3.12/site-packages/sklearn/base.py", line 1336, in wrapper
    return fit_method(estimator, *args, **kwargs)
           ^^^^^^^^^^^^^^^^^^^^^^^^^^^^^^^^^^^^^^
  File "/Users/daniperry/anaconda3/envs/csed/lib/python3.12/site-packages/sklearn/svm/_base.py", line 266, in fit
    fit(X, y, sample_weight, solver_type, kernel, random_seed=seed)
  File "/Users/daniperry/anaconda3/envs/csed/lib/python3.12/site-packages/sklearn/svm/_base.py", line 344, in _dense_fit
    ) = libsvm.fit(
        ^^^^^^^^^^^
  File "sklearn/svm/_libsvm.pyx", line 216, in sklearn.svm._libsvm.fit
ValueError: specified nu is infeasible

2026-06-10 08:10:58,105 - ERROR - Error evaluating NuSVC with 21 RQs (X shape=(491, 21), y shape=(491,))
Traceback (most recent call last):
  File "/var/folders/pv/hg29j3j512d8wd_qw_8g3msw0000gn/T/ipykernel_6814/1497247354.py", line 23, in get_results_dict
    per_k_results = error_fn(
                    ^^^^^^^^^
  File "/var/folders/pv/hg29j3j512d8wd_qw_8g3msw0000gn/T/ipykernel_6814/336487549.py", line 25, in report_error_bin
    scores = cross_validate(
             ^^^^^^^^^^^^^^^
  File "/Users/daniperry/anaconda3/envs/csed/lib/python3.12/site-packages/sklearn/utils/_param_validation.py", line 218, in wrapper
    return func(*args, **kwargs)
           ^^^^^^^^^^^^^^^^^^^^^
  File "/Users/daniperry/anaconda3/envs/csed/lib/python3.12/site-packages/sklearn/model_selection/_validation.py", line 393, in cross_validate
    _warn_or_raise_about_fit_failures(results, error_score)
  File "/Users/daniperry/anaconda3/envs/csed/lib/python3.12/site-packages/sklearn/model_selection/_validation.py", line 479, in _warn_or_raise_about_fit_failures
    raise ValueError(all_fits_failed_message)
ValueError: 
All the 5 fits failed.
It is very likely that your model is misconfigured.
You can try to debug the error by setting error_score='raise'.

Below are more details about the failures:
--------------------------------------------------------------------------------
5 fits failed with the following error:
Traceback (most recent call last):
  File "/Users/daniperry/anaconda3/envs/csed/lib/python3.12/site-packages/sklearn/model_selection/_validation.py", line 833, in _fit_and_score
    estimator.fit(X_train, y_train, **fit_params)
  File "/Users/daniperry/anaconda3/envs/csed/lib/python3.12/site-packages/sklearn/base.py", line 1336, in wrapper
    return fit_method(estimator, *args, **kwargs)
           ^^^^^^^^^^^^^^^^^^^^^^^^^^^^^^^^^^^^^^
  File "/Users/daniperry/anaconda3/envs/csed/lib/python3.12/site-packages/sklearn/svm/_base.py", line 266, in fit
    fit(X, y, sample_weight, solver_type, kernel, random_seed=seed)
  File "/Users/daniperry/anaconda3/envs/csed/lib/python3.12/site-packages/sklearn/svm/_base.py", line 344, in _dense_fit
    ) = libsvm.fit(
        ^^^^^^^^^^^
  File "sklearn/svm/_libsvm.pyx", line 216, in sklearn.svm._libsvm.fit
ValueError: specified nu is infeasible

2026-06-10 08:10:58,157 - ERROR - Error evaluating NuSVC with 22 RQs (X shape=(491, 22), y shape=(491,))
Traceback (most recent call last):
  File "/var/folders/pv/hg29j3j512d8wd_qw_8g3msw0000gn/T/ipykernel_6814/1497247354.py", line 23, in get_results_dict
    per_k_results = error_fn(
                    ^^^^^^^^^
  File "/var/folders/pv/hg29j3j512d8wd_qw_8g3msw0000gn/T/ipykernel_6814/336487549.py", line 25, in report_error_bin
    scores = cross_validate(
             ^^^^^^^^^^^^^^^
  File "/Users/daniperry/anaconda3/envs/csed/lib/python3.12/site-packages/sklearn/utils/_param_validation.py", line 218, in wrapper
    return func(*args, **kwargs)
           ^^^^^^^^^^^^^^^^^^^^^
  File "/Users/daniperry/anaconda3/envs/csed/lib/python3.12/site-packages/sklearn/model_selection/_validation.py", line 393, in cross_validate
    _warn_or_raise_about_fit_failures(results, error_score)
  File "/Users/daniperry/anaconda3/envs/csed/lib/python3.12/site-packages/sklearn/model_selection/_validation.py", line 479, in _warn_or_raise_about_fit_failures
    raise ValueError(all_fits_failed_message)
ValueError: 
All the 5 fits failed.
It is very likely that your model is misconfigured.
You can try to debug the error by setting error_score='raise'.

Below are more details about the failures:
--------------------------------------------------------------------------------
5 fits failed with the following error:
Traceback (most recent call last):
  File "/Users/daniperry/anaconda3/envs/csed/lib/python3.12/site-packages/sklearn/model_selection/_validation.py", line 833, in _fit_and_score
    estimator.fit(X_train, y_train, **fit_params)
  File "/Users/daniperry/anaconda3/envs/csed/lib/python3.12/site-packages/sklearn/base.py", line 1336, in wrapper
    return fit_method(estimator, *args, **kwargs)
           ^^^^^^^^^^^^^^^^^^^^^^^^^^^^^^^^^^^^^^
  File "/Users/daniperry/anaconda3/envs/csed/lib/python3.12/site-packages/sklearn/svm/_base.py", line 266, in fit
    fit(X, y, sample_weight, solver_type, kernel, random_seed=seed)
  File "/Users/daniperry/anaconda3/envs/csed/lib/python3.12/site-packages/sklearn/svm/_base.py", line 344, in _dense_fit
    ) = libsvm.fit(
        ^^^^^^^^^^^
  File "sklearn/svm/_libsvm.pyx", line 216, in sklearn.svm._libsvm.fit
ValueError: specified nu is infeasible

2026-06-10 08:10:58,209 - ERROR - Error evaluating NuSVC with 23 RQs (X shape=(491, 23), y shape=(491,))
Traceback (most recent call last):
  File "/var/folders/pv/hg29j3j512d8wd_qw_8g3msw0000gn/T/ipykernel_6814/1497247354.py", line 23, in get_results_dict
    per_k_results = error_fn(
                    ^^^^^^^^^
  File "/var/folders/pv/hg29j3j512d8wd_qw_8g3msw0000gn/T/ipykernel_6814/336487549.py", line 25, in report_error_bin
    scores = cross_validate(
             ^^^^^^^^^^^^^^^
  File "/Users/daniperry/anaconda3/envs/csed/lib/python3.12/site-packages/sklearn/utils/_param_validation.py", line 218, in wrapper
    return func(*args, **kwargs)
           ^^^^^^^^^^^^^^^^^^^^^
  File "/Users/daniperry/anaconda3/envs/csed/lib/python3.12/site-packages/sklearn/model_selection/_validation.py", line 393, in cross_validate
    _warn_or_raise_about_fit_failures(results, error_score)
  File "/Users/daniperry/anaconda3/envs/csed/lib/python3.12/site-packages/sklearn/model_selection/_validation.py", line 479, in _warn_or_raise_about_fit_failures
    raise ValueError(all_fits_failed_message)
ValueError: 
All the 5 fits failed.
It is very likely that your model is misconfigured.
You can try to debug the error by setting error_score='raise'.

Below are more details about the failures:
--------------------------------------------------------------------------------
5 fits failed with the following error:
Traceback (most recent call last):
  File "/Users/daniperry/anaconda3/envs/csed/lib/python3.12/site-packages/sklearn/model_selection/_validation.py", line 833, in _fit_and_score
    estimator.fit(X_train, y_train, **fit_params)
  File "/Users/daniperry/anaconda3/envs/csed/lib/python3.12/site-packages/sklearn/base.py", line 1336, in wrapper
    return fit_method(estimator, *args, **kwargs)
           ^^^^^^^^^^^^^^^^^^^^^^^^^^^^^^^^^^^^^^
  File "/Users/daniperry/anaconda3/envs/csed/lib/python3.12/site-packages/sklearn/svm/_base.py", line 266, in fit
    fit(X, y, sample_weight, solver_type, kernel, random_seed=seed)
  File "/Users/daniperry/anaconda3/envs/csed/lib/python3.12/site-packages/sklearn/svm/_base.py", line 344, in _dense_fit
    ) = libsvm.fit(
        ^^^^^^^^^^^
  File "sklearn/svm/_libsvm.pyx", line 216, in sklearn.svm._libsvm.fit
ValueError: specified nu is infeasible

2026-06-10 08:10:58,255 - ERROR - Error evaluating NuSVC with 24 RQs (X shape=(491, 24), y shape=(491,))
Traceback (most recent call last):
  File "/var/folders/pv/hg29j3j512d8wd_qw_8g3msw0000gn/T/ipykernel_6814/1497247354.py", line 23, in get_results_dict
    per_k_results = error_fn(
                    ^^^^^^^^^
  File "/var/folders/pv/hg29j3j512d8wd_qw_8g3msw0000gn/T/ipykernel_6814/336487549.py", line 25, in report_error_bin
    scores = cross_validate(
             ^^^^^^^^^^^^^^^
  File "/Users/daniperry/anaconda3/envs/csed/lib/python3.12/site-packages/sklearn/utils/_param_validation.py", line 218, in wrapper
    return func(*args, **kwargs)
           ^^^^^^^^^^^^^^^^^^^^^
  File "/Users/daniperry/anaconda3/envs/csed/lib/python3.12/site-packages/sklearn/model_selection/_validation.py", line 393, in cross_validate
    _warn_or_raise_about_fit_failures(results, error_score)
  File "/Users/daniperry/anaconda3/envs/csed/lib/python3.12/site-packages/sklearn/model_selection/_validation.py", line 479, in _warn_or_raise_about_fit_failures
    raise ValueError(all_fits_failed_message)
ValueError: 
All the 5 fits failed.
It is very likely that your model is misconfigured.
You can try to debug the error by setting error_score='raise'.

Below are more details about the failures:
--------------------------------------------------------------------------------
5 fits failed with the following error:
Traceback (most recent call last):
  File "/Users/daniperry/anaconda3/envs/csed/lib/python3.12/site-packages/sklearn/model_selection/_validation.py", line 833, in _fit_and_score
    estimator.fit(X_train, y_train, **fit_params)
  File "/Users/daniperry/anaconda3/envs/csed/lib/python3.12/site-packages/sklearn/base.py", line 1336, in wrapper
    return fit_method(estimator, *args, **kwargs)
           ^^^^^^^^^^^^^^^^^^^^^^^^^^^^^^^^^^^^^^
  File "/Users/daniperry/anaconda3/envs/csed/lib/python3.12/site-packages/sklearn/svm/_base.py", line 266, in fit
    fit(X, y, sample_weight, solver_type, kernel, random_seed=seed)
  File "/Users/daniperry/anaconda3/envs/csed/lib/python3.12/site-packages/sklearn/svm/_base.py", line 344, in _dense_fit
    ) = libsvm.fit(
        ^^^^^^^^^^^
  File "sklearn/svm/_libsvm.pyx", line 216, in sklearn.svm._libsvm.fit
ValueError: specified nu is infeasible

2026-06-10 08:10:58,478 - ERROR - Error evaluating NuSVC with 25 RQs (X shape=(491, 25), y shape=(491,))
Traceback (most recent call last):
  File "/var/folders/pv/hg29j3j512d8wd_qw_8g3msw0000gn/T/ipykernel_6814/1497247354.py", line 23, in get_results_dict
    per_k_results = error_fn(
                    ^^^^^^^^^
  File "/var/folders/pv/hg29j3j512d8wd_qw_8g3msw0000gn/T/ipykernel_6814/336487549.py", line 25, in report_error_bin
    scores = cross_validate(
             ^^^^^^^^^^^^^^^
  File "/Users/daniperry/anaconda3/envs/csed/lib/python3.12/site-packages/sklearn/utils/_param_validation.py", line 218, in wrapper
    return func(*args, **kwargs)
           ^^^^^^^^^^^^^^^^^^^^^
  File "/Users/daniperry/anaconda3/envs/csed/lib/python3.12/site-packages/sklearn/model_selection/_validation.py", line 393, in cross_validate
    _warn_or_raise_about_fit_failures(results, error_score)
  File "/Users/daniperry/anaconda3/envs/csed/lib/python3.12/site-packages/sklearn/model_selection/_validation.py", line 479, in _warn_or_raise_about_fit_failures
    raise ValueError(all_fits_failed_message)
ValueError: 
All the 5 fits failed.
It is very likely that your model is misconfigured.
You can try to debug the error by setting error_score='raise'.

Below are more details about the failures:
--------------------------------------------------------------------------------
5 fits failed with the following error:
Traceback (most recent call last):
  File "/Users/daniperry/anaconda3/envs/csed/lib/python3.12/site-packages/sklearn/model_selection/_validation.py", line 833, in _fit_and_score
    estimator.fit(X_train, y_train, **fit_params)
  File "/Users/daniperry/anaconda3/envs/csed/lib/python3.12/site-packages/sklearn/base.py", line 1336, in wrapper
    return fit_method(estimator, *args, **kwargs)
           ^^^^^^^^^^^^^^^^^^^^^^^^^^^^^^^^^^^^^^
  File "/Users/daniperry/anaconda3/envs/csed/lib/python3.12/site-packages/sklearn/svm/_base.py", line 266, in fit
    fit(X, y, sample_weight, solver_type, kernel, random_seed=seed)
  File "/Users/daniperry/anaconda3/envs/csed/lib/python3.12/site-packages/sklearn/svm/_base.py", line 344, in _dense_fit
    ) = libsvm.fit(
        ^^^^^^^^^^^
  File "sklearn/svm/_libsvm.pyx", line 216, in sklearn.svm._libsvm.fit
ValueError: specified nu is infeasible

2026-06-10 08:10:58,480 - INFO - Evaluating PassiveAggressiveClassifier...
2026-06-10 08:10:58,639 - ERROR - Error evaluating PassiveAggressiveClassifier with 1 RQs (X shape=(491, 1), y shape=(491,))
Traceback (most recent call last):
  File "/var/folders/pv/hg29j3j512d8wd_qw_8g3msw0000gn/T/ipykernel_6814/1497247354.py", line 23, in get_results_dict
    per_k_results = error_fn(
                    ^^^^^^^^^
  File "/var/folders/pv/hg29j3j512d8wd_qw_8g3msw0000gn/T/ipykernel_6814/336487549.py", line 36, in report_error_bin
    y_proba = clf.predict_proba(X_test)[:, 1]  # Probability for positive class
              ^^^^^^^^^^^^^^^^^
AttributeError: 'PassiveAggressiveClassifier' object has no attribute 'predict_proba'. Did you mean: '_predict_proba_lr'?
2026-06-10 08:10:58,789 - ERROR - Error evaluating PassiveAggressiveClassifier with 2 RQs (X shape=(491, 2), y shape=(491,))
Traceback (most recent call last):
  File "/var/folders/pv/hg29j3j512d8wd_qw_8g3msw0000gn/T/ipykernel_6814/1497247354.py", line 23, in get_results_dict
    per_k_results = error_fn(
                    ^^^^^^^^^
  File "/var/folders/pv/hg29j3j512d8wd_qw_8g3msw0000gn/T/ipykernel_6814/336487549.py", line 36, in report_error_bin
    y_proba = clf.predict_proba(X_test)[:, 1]  # Probability for positive class
              ^^^^^^^^^^^^^^^^^
AttributeError: 'PassiveAggressiveClassifier' object has no attribute 'predict_proba'. Did you mean: '_predict_proba_lr'?
2026-06-10 08:10:58,934 - ERROR - Error evaluating PassiveAggressiveClassifier with 3 RQs (X shape=(491, 3), y shape=(491,))
Traceback (most recent call last):
  File "/var/folders/pv/hg29j3j512d8wd_qw_8g3msw0000gn/T/ipykernel_6814/1497247354.py", line 23, in get_results_dict
    per_k_results = error_fn(
                    ^^^^^^^^^
  File "/var/folders/pv/hg29j3j512d8wd_qw_8g3msw0000gn/T/ipykernel_6814/336487549.py", line 36, in report_error_bin
    y_proba = clf.predict_proba(X_test)[:, 1]  # Probability for positive class
              ^^^^^^^^^^^^^^^^^
AttributeError: 'PassiveAggressiveClassifier' object has no attribute 'predict_proba'. Did you mean: '_predict_proba_lr'?
2026-06-10 08:10:59,161 - ERROR - Error evaluating PassiveAggressiveClassifier with 4 RQs (X shape=(491, 4), y shape=(491,))
Traceback (most recent call last):
  File "/var/folders/pv/hg29j3j512d8wd_qw_8g3msw0000gn/T/ipykernel_6814/1497247354.py", line 23, in get_results_dict
    per_k_results = error_fn(
                    ^^^^^^^^^
  File "/var/folders/pv/hg29j3j512d8wd_qw_8g3msw0000gn/T/ipykernel_6814/336487549.py", line 36, in report_error_bin
    y_proba = clf.predict_proba(X_test)[:, 1]  # Probability for positive class
              ^^^^^^^^^^^^^^^^^
AttributeError: 'PassiveAggressiveClassifier' object has no attribute 'predict_proba'. Did you mean: '_predict_proba_lr'?
2026-06-10 08:10:59,423 - ERROR - Error evaluating PassiveAggressiveClassifier with 5 RQs (X shape=(491, 5), y shape=(491,))
Traceback (most recent call last):
  File "/var/folders/pv/hg29j3j512d8wd_qw_8g3msw0000gn/T/ipykernel_6814/1497247354.py", line 23, in get_results_dict
    per_k_results = error_fn(
                    ^^^^^^^^^
  File "/var/folders/pv/hg29j3j512d8wd_qw_8g3msw0000gn/T/ipykernel_6814/336487549.py", line 36, in report_error_bin
    y_proba = clf.predict_proba(X_test)[:, 1]  # Probability for positive class
              ^^^^^^^^^^^^^^^^^
AttributeError: 'PassiveAggressiveClassifier' object has no attribute 'predict_proba'. Did you mean: '_predict_proba_lr'?
2026-06-10 08:10:59,579 - ERROR - Error evaluating PassiveAggressiveClassifier with 6 RQs (X shape=(491, 6), y shape=(491,))
Traceback (most recent call last):
  File "/var/folders/pv/hg29j3j512d8wd_qw_8g3msw0000gn/T/ipykernel_6814/1497247354.py", line 23, in get_results_dict
    per_k_results = error_fn(
                    ^^^^^^^^^
  File "/var/folders/pv/hg29j3j512d8wd_qw_8g3msw0000gn/T/ipykernel_6814/336487549.py", line 36, in report_error_bin
    y_proba = clf.predict_proba(X_test)[:, 1]  # Probability for positive class
              ^^^^^^^^^^^^^^^^^
AttributeError: 'PassiveAggressiveClassifier' object has no attribute 'predict_proba'. Did you mean: '_predict_proba_lr'?
2026-06-10 08:10:59,761 - ERROR - Error evaluating PassiveAggressiveClassifier with 7 RQs (X shape=(491, 7), y shape=(491,))
Traceback (most recent call last):
  File "/var/folders/pv/hg29j3j512d8wd_qw_8g3msw0000gn/T/ipykernel_6814/1497247354.py", line 23, in get_results_dict
    per_k_results = error_fn(
                    ^^^^^^^^^
  File "/var/folders/pv/hg29j3j512d8wd_qw_8g3msw0000gn/T/ipykernel_6814/336487549.py", line 36, in report_error_bin
    y_proba = clf.predict_proba(X_test)[:, 1]  # Probability for positive class
              ^^^^^^^^^^^^^^^^^
AttributeError: 'PassiveAggressiveClassifier' object has no attribute 'predict_proba'. Did you mean: '_predict_proba_lr'?
2026-06-10 08:10:59,933 - ERROR - Error evaluating PassiveAggressiveClassifier with 8 RQs (X shape=(491, 8), y shape=(491,))
Traceback (most recent call last):
  File "/var/folders/pv/hg29j3j512d8wd_qw_8g3msw0000gn/T/ipykernel_6814/1497247354.py", line 23, in get_results_dict
    per_k_results = error_fn(
                    ^^^^^^^^^
  File "/var/folders/pv/hg29j3j512d8wd_qw_8g3msw0000gn/T/ipykernel_6814/336487549.py", line 36, in report_error_bin
    y_proba = clf.predict_proba(X_test)[:, 1]  # Probability for positive class
              ^^^^^^^^^^^^^^^^^
AttributeError: 'PassiveAggressiveClassifier' object has no attribute 'predict_proba'. Did you mean: '_predict_proba_lr'?
2026-06-10 08:11:00,115 - ERROR - Error evaluating PassiveAggressiveClassifier with 9 RQs (X shape=(491, 9), y shape=(491,))
Traceback (most recent call last):
  File "/var/folders/pv/hg29j3j512d8wd_qw_8g3msw0000gn/T/ipykernel_6814/1497247354.py", line 23, in get_results_dict
    per_k_results = error_fn(
                    ^^^^^^^^^
  File "/var/folders/pv/hg29j3j512d8wd_qw_8g3msw0000gn/T/ipykernel_6814/336487549.py", line 36, in report_error_bin
    y_proba = clf.predict_proba(X_test)[:, 1]  # Probability for positive class
              ^^^^^^^^^^^^^^^^^
AttributeError: 'PassiveAggressiveClassifier' object has no attribute 'predict_proba'. Did you mean: '_predict_proba_lr'?
2026-06-10 08:11:00,297 - ERROR - Error evaluating PassiveAggressiveClassifier with 10 RQs (X shape=(491, 10), y shape=(491,))
Traceback (most recent call last):
  File "/var/folders/pv/hg29j3j512d8wd_qw_8g3msw0000gn/T/ipykernel_6814/1497247354.py", line 23, in get_results_dict
    per_k_results = error_fn(
                    ^^^^^^^^^
  File "/var/folders/pv/hg29j3j512d8wd_qw_8g3msw0000gn/T/ipykernel_6814/336487549.py", line 36, in report_error_bin
    y_proba = clf.predict_proba(X_test)[:, 1]  # Probability for positive class
              ^^^^^^^^^^^^^^^^^
AttributeError: 'PassiveAggressiveClassifier' object has no attribute 'predict_proba'. Did you mean: '_predict_proba_lr'?
2026-06-10 08:11:00,462 - ERROR - Error evaluating PassiveAggressiveClassifier with 11 RQs (X shape=(491, 11), y shape=(491,))
Traceback (most recent call last):
  File "/var/folders/pv/hg29j3j512d8wd_qw_8g3msw0000gn/T/ipykernel_6814/1497247354.py", line 23, in get_results_dict
    per_k_results = error_fn(
                    ^^^^^^^^^
  File "/var/folders/pv/hg29j3j512d8wd_qw_8g3msw0000gn/T/ipykernel_6814/336487549.py", line 36, in report_error_bin
    y_proba = clf.predict_proba(X_test)[:, 1]  # Probability for positive class
              ^^^^^^^^^^^^^^^^^
AttributeError: 'PassiveAggressiveClassifier' object has no attribute 'predict_proba'. Did you mean: '_predict_proba_lr'?
2026-06-10 08:11:00,629 - ERROR - Error evaluating PassiveAggressiveClassifier with 12 RQs (X shape=(491, 12), y shape=(491,))
Traceback (most recent call last):
  File "/var/folders/pv/hg29j3j512d8wd_qw_8g3msw0000gn/T/ipykernel_6814/1497247354.py", line 23, in get_results_dict
    per_k_results = error_fn(
                    ^^^^^^^^^
  File "/var/folders/pv/hg29j3j512d8wd_qw_8g3msw0000gn/T/ipykernel_6814/336487549.py", line 36, in report_error_bin
    y_proba = clf.predict_proba(X_test)[:, 1]  # Probability for positive class
              ^^^^^^^^^^^^^^^^^
AttributeError: 'PassiveAggressiveClassifier' object has no attribute 'predict_proba'. Did you mean: '_predict_proba_lr'?
2026-06-10 08:11:00,793 - ERROR - Error evaluating PassiveAggressiveClassifier with 13 RQs (X shape=(491, 13), y shape=(491,))
Traceback (most recent call last):
  File "/var/folders/pv/hg29j3j512d8wd_qw_8g3msw0000gn/T/ipykernel_6814/1497247354.py", line 23, in get_results_dict
    per_k_results = error_fn(
                    ^^^^^^^^^
  File "/var/folders/pv/hg29j3j512d8wd_qw_8g3msw0000gn/T/ipykernel_6814/336487549.py", line 36, in report_error_bin
    y_proba = clf.predict_proba(X_test)[:, 1]  # Probability for positive class
              ^^^^^^^^^^^^^^^^^
AttributeError: 'PassiveAggressiveClassifier' object has no attribute 'predict_proba'. Did you mean: '_predict_proba_lr'?
2026-06-10 08:11:00,959 - ERROR - Error evaluating PassiveAggressiveClassifier with 14 RQs (X shape=(491, 14), y shape=(491,))
Traceback (most recent call last):
  File "/var/folders/pv/hg29j3j512d8wd_qw_8g3msw0000gn/T/ipykernel_6814/1497247354.py", line 23, in get_results_dict
    per_k_results = error_fn(
                    ^^^^^^^^^
  File "/var/folders/pv/hg29j3j512d8wd_qw_8g3msw0000gn/T/ipykernel_6814/336487549.py", line 36, in report_error_bin
    y_proba = clf.predict_proba(X_test)[:, 1]  # Probability for positive class
              ^^^^^^^^^^^^^^^^^
AttributeError: 'PassiveAggressiveClassifier' object has no attribute 'predict_proba'. Did you mean: '_predict_proba_lr'?
2026-06-10 08:11:01,118 - ERROR - Error evaluating PassiveAggressiveClassifier with 15 RQs (X shape=(491, 15), y shape=(491,))
Traceback (most recent call last):
  File "/var/folders/pv/hg29j3j512d8wd_qw_8g3msw0000gn/T/ipykernel_6814/1497247354.py", line 23, in get_results_dict
    per_k_results = error_fn(
                    ^^^^^^^^^
  File "/var/folders/pv/hg29j3j512d8wd_qw_8g3msw0000gn/T/ipykernel_6814/336487549.py", line 36, in report_error_bin
    y_proba = clf.predict_proba(X_test)[:, 1]  # Probability for positive class
              ^^^^^^^^^^^^^^^^^
AttributeError: 'PassiveAggressiveClassifier' object has no attribute 'predict_proba'. Did you mean: '_predict_proba_lr'?
2026-06-10 08:11:01,304 - ERROR - Error evaluating PassiveAggressiveClassifier with 16 RQs (X shape=(491, 16), y shape=(491,))
Traceback (most recent call last):
  File "/var/folders/pv/hg29j3j512d8wd_qw_8g3msw0000gn/T/ipykernel_6814/1497247354.py", line 23, in get_results_dict
    per_k_results = error_fn(
                    ^^^^^^^^^
  File "/var/folders/pv/hg29j3j512d8wd_qw_8g3msw0000gn/T/ipykernel_6814/336487549.py", line 36, in report_error_bin
    y_proba = clf.predict_proba(X_test)[:, 1]  # Probability for positive class
              ^^^^^^^^^^^^^^^^^
AttributeError: 'PassiveAggressiveClassifier' object has no attribute 'predict_proba'. Did you mean: '_predict_proba_lr'?
2026-06-10 08:11:01,466 - ERROR - Error evaluating PassiveAggressiveClassifier with 17 RQs (X shape=(491, 17), y shape=(491,))
Traceback (most recent call last):
  File "/var/folders/pv/hg29j3j512d8wd_qw_8g3msw0000gn/T/ipykernel_6814/1497247354.py", line 23, in get_results_dict
    per_k_results = error_fn(
                    ^^^^^^^^^
  File "/var/folders/pv/hg29j3j512d8wd_qw_8g3msw0000gn/T/ipykernel_6814/336487549.py", line 36, in report_error_bin
    y_proba = clf.predict_proba(X_test)[:, 1]  # Probability for positive class
              ^^^^^^^^^^^^^^^^^
AttributeError: 'PassiveAggressiveClassifier' object has no attribute 'predict_proba'. Did you mean: '_predict_proba_lr'?
2026-06-10 08:11:01,622 - ERROR - Error evaluating PassiveAggressiveClassifier with 18 RQs (X shape=(491, 18), y shape=(491,))
Traceback (most recent call last):
  File "/var/folders/pv/hg29j3j512d8wd_qw_8g3msw0000gn/T/ipykernel_6814/1497247354.py", line 23, in get_results_dict
    per_k_results = error_fn(
                    ^^^^^^^^^
  File "/var/folders/pv/hg29j3j512d8wd_qw_8g3msw0000gn/T/ipykernel_6814/336487549.py", line 36, in report_error_bin
    y_proba = clf.predict_proba(X_test)[:, 1]  # Probability for positive class
              ^^^^^^^^^^^^^^^^^
AttributeError: 'PassiveAggressiveClassifier' object has no attribute 'predict_proba'. Did you mean: '_predict_proba_lr'?
2026-06-10 08:11:01,779 - ERROR - Error evaluating PassiveAggressiveClassifier with 19 RQs (X shape=(491, 19), y shape=(491,))
Traceback (most recent call last):
  File "/var/folders/pv/hg29j3j512d8wd_qw_8g3msw0000gn/T/ipykernel_6814/1497247354.py", line 23, in get_results_dict
    per_k_results = error_fn(
                    ^^^^^^^^^
  File "/var/folders/pv/hg29j3j512d8wd_qw_8g3msw0000gn/T/ipykernel_6814/336487549.py", line 36, in report_error_bin
    y_proba = clf.predict_proba(X_test)[:, 1]  # Probability for positive class
              ^^^^^^^^^^^^^^^^^
AttributeError: 'PassiveAggressiveClassifier' object has no attribute 'predict_proba'. Did you mean: '_predict_proba_lr'?
2026-06-10 08:11:01,936 - ERROR - Error evaluating PassiveAggressiveClassifier with 20 RQs (X shape=(491, 20), y shape=(491,))
Traceback (most recent call last):
  File "/var/folders/pv/hg29j3j512d8wd_qw_8g3msw0000gn/T/ipykernel_6814/1497247354.py", line 23, in get_results_dict
    per_k_results = error_fn(
                    ^^^^^^^^^
  File "/var/folders/pv/hg29j3j512d8wd_qw_8g3msw0000gn/T/ipykernel_6814/336487549.py", line 36, in report_error_bin
    y_proba = clf.predict_proba(X_test)[:, 1]  # Probability for positive class
              ^^^^^^^^^^^^^^^^^
AttributeError: 'PassiveAggressiveClassifier' object has no attribute 'predict_proba'. Did you mean: '_predict_proba_lr'?
2026-06-10 08:11:02,094 - ERROR - Error evaluating PassiveAggressiveClassifier with 21 RQs (X shape=(491, 21), y shape=(491,))
Traceback (most recent call last):
  File "/var/folders/pv/hg29j3j512d8wd_qw_8g3msw0000gn/T/ipykernel_6814/1497247354.py", line 23, in get_results_dict
    per_k_results = error_fn(
                    ^^^^^^^^^
  File "/var/folders/pv/hg29j3j512d8wd_qw_8g3msw0000gn/T/ipykernel_6814/336487549.py", line 36, in report_error_bin
    y_proba = clf.predict_proba(X_test)[:, 1]  # Probability for positive class
              ^^^^^^^^^^^^^^^^^
AttributeError: 'PassiveAggressiveClassifier' object has no attribute 'predict_proba'. Did you mean: '_predict_proba_lr'?
2026-06-10 08:11:02,253 - ERROR - Error evaluating PassiveAggressiveClassifier with 22 RQs (X shape=(491, 22), y shape=(491,))
Traceback (most recent call last):
  File "/var/folders/pv/hg29j3j512d8wd_qw_8g3msw0000gn/T/ipykernel_6814/1497247354.py", line 23, in get_results_dict
    per_k_results = error_fn(
                    ^^^^^^^^^
  File "/var/folders/pv/hg29j3j512d8wd_qw_8g3msw0000gn/T/ipykernel_6814/336487549.py", line 36, in report_error_bin
    y_proba = clf.predict_proba(X_test)[:, 1]  # Probability for positive class
              ^^^^^^^^^^^^^^^^^
AttributeError: 'PassiveAggressiveClassifier' object has no attribute 'predict_proba'. Did you mean: '_predict_proba_lr'?
2026-06-10 08:11:02,414 - ERROR - Error evaluating PassiveAggressiveClassifier with 23 RQs (X shape=(491, 23), y shape=(491,))
Traceback (most recent call last):
  File "/var/folders/pv/hg29j3j512d8wd_qw_8g3msw0000gn/T/ipykernel_6814/1497247354.py", line 23, in get_results_dict
    per_k_results = error_fn(
                    ^^^^^^^^^
  File "/var/folders/pv/hg29j3j512d8wd_qw_8g3msw0000gn/T/ipykernel_6814/336487549.py", line 36, in report_error_bin
    y_proba = clf.predict_proba(X_test)[:, 1]  # Probability for positive class
              ^^^^^^^^^^^^^^^^^
AttributeError: 'PassiveAggressiveClassifier' object has no attribute 'predict_proba'. Did you mean: '_predict_proba_lr'?
2026-06-10 08:11:02,574 - ERROR - Error evaluating PassiveAggressiveClassifier with 24 RQs (X shape=(491, 24), y shape=(491,))
Traceback (most recent call last):
  File "/var/folders/pv/hg29j3j512d8wd_qw_8g3msw0000gn/T/ipykernel_6814/1497247354.py", line 23, in get_results_dict
    per_k_results = error_fn(
                    ^^^^^^^^^
  File "/var/folders/pv/hg29j3j512d8wd_qw_8g3msw0000gn/T/ipykernel_6814/336487549.py", line 36, in report_error_bin
    y_proba = clf.predict_proba(X_test)[:, 1]  # Probability for positive class
              ^^^^^^^^^^^^^^^^^
AttributeError: 'PassiveAggressiveClassifier' object has no attribute 'predict_proba'. Did you mean: '_predict_proba_lr'?
2026-06-10 08:11:02,737 - ERROR - Error evaluating PassiveAggressiveClassifier with 25 RQs (X shape=(491, 25), y shape=(491,))
Traceback (most recent call last):
  File "/var/folders/pv/hg29j3j512d8wd_qw_8g3msw0000gn/T/ipykernel_6814/1497247354.py", line 23, in get_results_dict
    per_k_results = error_fn(
                    ^^^^^^^^^
  File "/var/folders/pv/hg29j3j512d8wd_qw_8g3msw0000gn/T/ipykernel_6814/336487549.py", line 36, in report_error_bin
    y_proba = clf.predict_proba(X_test)[:, 1]  # Probability for positive class
              ^^^^^^^^^^^^^^^^^
AttributeError: 'PassiveAggressiveClassifier' object has no attribute 'predict_proba'. Did you mean: '_predict_proba_lr'?
2026-06-10 08:11:02,741 - INFO - Evaluating Perceptron...
2026-06-10 08:11:02,891 - ERROR - Error evaluating Perceptron with 1 RQs (X shape=(491, 1), y shape=(491,))
Traceback (most recent call last):
  File "/var/folders/pv/hg29j3j512d8wd_qw_8g3msw0000gn/T/ipykernel_6814/1497247354.py", line 23, in get_results_dict
    per_k_results = error_fn(
                    ^^^^^^^^^
  File "/var/folders/pv/hg29j3j512d8wd_qw_8g3msw0000gn/T/ipykernel_6814/336487549.py", line 36, in report_error_bin
    y_proba = clf.predict_proba(X_test)[:, 1]  # Probability for positive class
              ^^^^^^^^^^^^^^^^^
AttributeError: 'Perceptron' object has no attribute 'predict_proba'. Did you mean: '_predict_proba_lr'?
2026-06-10 08:11:03,042 - ERROR - Error evaluating Perceptron with 2 RQs (X shape=(491, 2), y shape=(491,))
Traceback (most recent call last):
  File "/var/folders/pv/hg29j3j512d8wd_qw_8g3msw0000gn/T/ipykernel_6814/1497247354.py", line 23, in get_results_dict
    per_k_results = error_fn(
                    ^^^^^^^^^
  File "/var/folders/pv/hg29j3j512d8wd_qw_8g3msw0000gn/T/ipykernel_6814/336487549.py", line 36, in report_error_bin
    y_proba = clf.predict_proba(X_test)[:, 1]  # Probability for positive class
              ^^^^^^^^^^^^^^^^^
AttributeError: 'Perceptron' object has no attribute 'predict_proba'. Did you mean: '_predict_proba_lr'?
2026-06-10 08:11:03,189 - ERROR - Error evaluating Perceptron with 3 RQs (X shape=(491, 3), y shape=(491,))
Traceback (most recent call last):
  File "/var/folders/pv/hg29j3j512d8wd_qw_8g3msw0000gn/T/ipykernel_6814/1497247354.py", line 23, in get_results_dict
    per_k_results = error_fn(
                    ^^^^^^^^^
  File "/var/folders/pv/hg29j3j512d8wd_qw_8g3msw0000gn/T/ipykernel_6814/336487549.py", line 36, in report_error_bin
    y_proba = clf.predict_proba(X_test)[:, 1]  # Probability for positive class
              ^^^^^^^^^^^^^^^^^
AttributeError: 'Perceptron' object has no attribute 'predict_proba'. Did you mean: '_predict_proba_lr'?
2026-06-10 08:11:03,337 - ERROR - Error evaluating Perceptron with 4 RQs (X shape=(491, 4), y shape=(491,))
Traceback (most recent call last):
  File "/var/folders/pv/hg29j3j512d8wd_qw_8g3msw0000gn/T/ipykernel_6814/1497247354.py", line 23, in get_results_dict
    per_k_results = error_fn(
                    ^^^^^^^^^
  File "/var/folders/pv/hg29j3j512d8wd_qw_8g3msw0000gn/T/ipykernel_6814/336487549.py", line 36, in report_error_bin
    y_proba = clf.predict_proba(X_test)[:, 1]  # Probability for positive class
              ^^^^^^^^^^^^^^^^^
AttributeError: 'Perceptron' object has no attribute 'predict_proba'. Did you mean: '_predict_proba_lr'?
2026-06-10 08:11:03,486 - ERROR - Error evaluating Perceptron with 5 RQs (X shape=(491, 5), y shape=(491,))
Traceback (most recent call last):
  File "/var/folders/pv/hg29j3j512d8wd_qw_8g3msw0000gn/T/ipykernel_6814/1497247354.py", line 23, in get_results_dict
    per_k_results = error_fn(
                    ^^^^^^^^^
  File "/var/folders/pv/hg29j3j512d8wd_qw_8g3msw0000gn/T/ipykernel_6814/336487549.py", line 36, in report_error_bin
    y_proba = clf.predict_proba(X_test)[:, 1]  # Probability for positive class
              ^^^^^^^^^^^^^^^^^
AttributeError: 'Perceptron' object has no attribute 'predict_proba'. Did you mean: '_predict_proba_lr'?
2026-06-10 08:11:03,637 - ERROR - Error evaluating Perceptron with 6 RQs (X shape=(491, 6), y shape=(491,))
Traceback (most recent call last):
  File "/var/folders/pv/hg29j3j512d8wd_qw_8g3msw0000gn/T/ipykernel_6814/1497247354.py", line 23, in get_results_dict
    per_k_results = error_fn(
                    ^^^^^^^^^
  File "/var/folders/pv/hg29j3j512d8wd_qw_8g3msw0000gn/T/ipykernel_6814/336487549.py", line 36, in report_error_bin
    y_proba = clf.predict_proba(X_test)[:, 1]  # Probability for positive class
              ^^^^^^^^^^^^^^^^^
AttributeError: 'Perceptron' object has no attribute 'predict_proba'. Did you mean: '_predict_proba_lr'?
2026-06-10 08:11:03,799 - ERROR - Error evaluating Perceptron with 7 RQs (X shape=(491, 7), y shape=(491,))
Traceback (most recent call last):
  File "/var/folders/pv/hg29j3j512d8wd_qw_8g3msw0000gn/T/ipykernel_6814/1497247354.py", line 23, in get_results_dict
    per_k_results = error_fn(
                    ^^^^^^^^^
  File "/var/folders/pv/hg29j3j512d8wd_qw_8g3msw0000gn/T/ipykernel_6814/336487549.py", line 36, in report_error_bin
    y_proba = clf.predict_proba(X_test)[:, 1]  # Probability for positive class
              ^^^^^^^^^^^^^^^^^
AttributeError: 'Perceptron' object has no attribute 'predict_proba'. Did you mean: '_predict_proba_lr'?
2026-06-10 08:11:03,967 - ERROR - Error evaluating Perceptron with 8 RQs (X shape=(491, 8), y shape=(491,))
Traceback (most recent call last):
  File "/var/folders/pv/hg29j3j512d8wd_qw_8g3msw0000gn/T/ipykernel_6814/1497247354.py", line 23, in get_results_dict
    per_k_results = error_fn(
                    ^^^^^^^^^
  File "/var/folders/pv/hg29j3j512d8wd_qw_8g3msw0000gn/T/ipykernel_6814/336487549.py", line 36, in report_error_bin
    y_proba = clf.predict_proba(X_test)[:, 1]  # Probability for positive class
              ^^^^^^^^^^^^^^^^^
AttributeError: 'Perceptron' object has no attribute 'predict_proba'. Did you mean: '_predict_proba_lr'?
2026-06-10 08:11:04,127 - ERROR - Error evaluating Perceptron with 9 RQs (X shape=(491, 9), y shape=(491,))
Traceback (most recent call last):
  File "/var/folders/pv/hg29j3j512d8wd_qw_8g3msw0000gn/T/ipykernel_6814/1497247354.py", line 23, in get_results_dict
    per_k_results = error_fn(
                    ^^^^^^^^^
  File "/var/folders/pv/hg29j3j512d8wd_qw_8g3msw0000gn/T/ipykernel_6814/336487549.py", line 36, in report_error_bin
    y_proba = clf.predict_proba(X_test)[:, 1]  # Probability for positive class
              ^^^^^^^^^^^^^^^^^
AttributeError: 'Perceptron' object has no attribute 'predict_proba'. Did you mean: '_predict_proba_lr'?
2026-06-10 08:11:04,286 - ERROR - Error evaluating Perceptron with 10 RQs (X shape=(491, 10), y shape=(491,))
Traceback (most recent call last):
  File "/var/folders/pv/hg29j3j512d8wd_qw_8g3msw0000gn/T/ipykernel_6814/1497247354.py", line 23, in get_results_dict
    per_k_results = error_fn(
                    ^^^^^^^^^
  File "/var/folders/pv/hg29j3j512d8wd_qw_8g3msw0000gn/T/ipykernel_6814/336487549.py", line 36, in report_error_bin
    y_proba = clf.predict_proba(X_test)[:, 1]  # Probability for positive class
              ^^^^^^^^^^^^^^^^^
AttributeError: 'Perceptron' object has no attribute 'predict_proba'. Did you mean: '_predict_proba_lr'?
2026-06-10 08:11:04,445 - ERROR - Error evaluating Perceptron with 11 RQs (X shape=(491, 11), y shape=(491,))
Traceback (most recent call last):
  File "/var/folders/pv/hg29j3j512d8wd_qw_8g3msw0000gn/T/ipykernel_6814/1497247354.py", line 23, in get_results_dict
    per_k_results = error_fn(
                    ^^^^^^^^^
  File "/var/folders/pv/hg29j3j512d8wd_qw_8g3msw0000gn/T/ipykernel_6814/336487549.py", line 36, in report_error_bin
    y_proba = clf.predict_proba(X_test)[:, 1]  # Probability for positive class
              ^^^^^^^^^^^^^^^^^
AttributeError: 'Perceptron' object has no attribute 'predict_proba'. Did you mean: '_predict_proba_lr'?
2026-06-10 08:11:04,605 - ERROR - Error evaluating Perceptron with 12 RQs (X shape=(491, 12), y shape=(491,))
Traceback (most recent call last):
  File "/var/folders/pv/hg29j3j512d8wd_qw_8g3msw0000gn/T/ipykernel_6814/1497247354.py", line 23, in get_results_dict
    per_k_results = error_fn(
                    ^^^^^^^^^
  File "/var/folders/pv/hg29j3j512d8wd_qw_8g3msw0000gn/T/ipykernel_6814/336487549.py", line 36, in report_error_bin
    y_proba = clf.predict_proba(X_test)[:, 1]  # Probability for positive class
              ^^^^^^^^^^^^^^^^^
AttributeError: 'Perceptron' object has no attribute 'predict_proba'. Did you mean: '_predict_proba_lr'?
2026-06-10 08:11:04,766 - ERROR - Error evaluating Perceptron with 13 RQs (X shape=(491, 13), y shape=(491,))
Traceback (most recent call last):
  File "/var/folders/pv/hg29j3j512d8wd_qw_8g3msw0000gn/T/ipykernel_6814/1497247354.py", line 23, in get_results_dict
    per_k_results = error_fn(
                    ^^^^^^^^^
  File "/var/folders/pv/hg29j3j512d8wd_qw_8g3msw0000gn/T/ipykernel_6814/336487549.py", line 36, in report_error_bin
    y_proba = clf.predict_proba(X_test)[:, 1]  # Probability for positive class
              ^^^^^^^^^^^^^^^^^
AttributeError: 'Perceptron' object has no attribute 'predict_proba'. Did you mean: '_predict_proba_lr'?
2026-06-10 08:11:04,931 - ERROR - Error evaluating Perceptron with 14 RQs (X shape=(491, 14), y shape=(491,))
Traceback (most recent call last):
  File "/var/folders/pv/hg29j3j512d8wd_qw_8g3msw0000gn/T/ipykernel_6814/1497247354.py", line 23, in get_results_dict
    per_k_results = error_fn(
                    ^^^^^^^^^
  File "/var/folders/pv/hg29j3j512d8wd_qw_8g3msw0000gn/T/ipykernel_6814/336487549.py", line 36, in report_error_bin
    y_proba = clf.predict_proba(X_test)[:, 1]  # Probability for positive class
              ^^^^^^^^^^^^^^^^^
AttributeError: 'Perceptron' object has no attribute 'predict_proba'. Did you mean: '_predict_proba_lr'?
2026-06-10 08:11:05,114 - ERROR - Error evaluating Perceptron with 15 RQs (X shape=(491, 15), y shape=(491,))
Traceback (most recent call last):
  File "/var/folders/pv/hg29j3j512d8wd_qw_8g3msw0000gn/T/ipykernel_6814/1497247354.py", line 23, in get_results_dict
    per_k_results = error_fn(
                    ^^^^^^^^^
  File "/var/folders/pv/hg29j3j512d8wd_qw_8g3msw0000gn/T/ipykernel_6814/336487549.py", line 36, in report_error_bin
    y_proba = clf.predict_proba(X_test)[:, 1]  # Probability for positive class
              ^^^^^^^^^^^^^^^^^
AttributeError: 'Perceptron' object has no attribute 'predict_proba'. Did you mean: '_predict_proba_lr'?
2026-06-10 08:11:05,271 - ERROR - Error evaluating Perceptron with 16 RQs (X shape=(491, 16), y shape=(491,))
Traceback (most recent call last):
  File "/var/folders/pv/hg29j3j512d8wd_qw_8g3msw0000gn/T/ipykernel_6814/1497247354.py", line 23, in get_results_dict
    per_k_results = error_fn(
                    ^^^^^^^^^
  File "/var/folders/pv/hg29j3j512d8wd_qw_8g3msw0000gn/T/ipykernel_6814/336487549.py", line 36, in report_error_bin
    y_proba = clf.predict_proba(X_test)[:, 1]  # Probability for positive class
              ^^^^^^^^^^^^^^^^^
AttributeError: 'Perceptron' object has no attribute 'predict_proba'. Did you mean: '_predict_proba_lr'?
2026-06-10 08:11:05,427 - ERROR - Error evaluating Perceptron with 17 RQs (X shape=(491, 17), y shape=(491,))
Traceback (most recent call last):
  File "/var/folders/pv/hg29j3j512d8wd_qw_8g3msw0000gn/T/ipykernel_6814/1497247354.py", line 23, in get_results_dict
    per_k_results = error_fn(
                    ^^^^^^^^^
  File "/var/folders/pv/hg29j3j512d8wd_qw_8g3msw0000gn/T/ipykernel_6814/336487549.py", line 36, in report_error_bin
    y_proba = clf.predict_proba(X_test)[:, 1]  # Probability for positive class
              ^^^^^^^^^^^^^^^^^
AttributeError: 'Perceptron' object has no attribute 'predict_proba'. Did you mean: '_predict_proba_lr'?
2026-06-10 08:11:05,578 - ERROR - Error evaluating Perceptron with 18 RQs (X shape=(491, 18), y shape=(491,))
Traceback (most recent call last):
  File "/var/folders/pv/hg29j3j512d8wd_qw_8g3msw0000gn/T/ipykernel_6814/1497247354.py", line 23, in get_results_dict
    per_k_results = error_fn(
                    ^^^^^^^^^
  File "/var/folders/pv/hg29j3j512d8wd_qw_8g3msw0000gn/T/ipykernel_6814/336487549.py", line 36, in report_error_bin
    y_proba = clf.predict_proba(X_test)[:, 1]  # Probability for positive class
              ^^^^^^^^^^^^^^^^^
AttributeError: 'Perceptron' object has no attribute 'predict_proba'. Did you mean: '_predict_proba_lr'?
2026-06-10 08:11:05,735 - ERROR - Error evaluating Perceptron with 19 RQs (X shape=(491, 19), y shape=(491,))
Traceback (most recent call last):
  File "/var/folders/pv/hg29j3j512d8wd_qw_8g3msw0000gn/T/ipykernel_6814/1497247354.py", line 23, in get_results_dict
    per_k_results = error_fn(
                    ^^^^^^^^^
  File "/var/folders/pv/hg29j3j512d8wd_qw_8g3msw0000gn/T/ipykernel_6814/336487549.py", line 36, in report_error_bin
    y_proba = clf.predict_proba(X_test)[:, 1]  # Probability for positive class
              ^^^^^^^^^^^^^^^^^
AttributeError: 'Perceptron' object has no attribute 'predict_proba'. Did you mean: '_predict_proba_lr'?
2026-06-10 08:11:05,893 - ERROR - Error evaluating Perceptron with 20 RQs (X shape=(491, 20), y shape=(491,))
Traceback (most recent call last):
  File "/var/folders/pv/hg29j3j512d8wd_qw_8g3msw0000gn/T/ipykernel_6814/1497247354.py", line 23, in get_results_dict
    per_k_results = error_fn(
                    ^^^^^^^^^
  File "/var/folders/pv/hg29j3j512d8wd_qw_8g3msw0000gn/T/ipykernel_6814/336487549.py", line 36, in report_error_bin
    y_proba = clf.predict_proba(X_test)[:, 1]  # Probability for positive class
              ^^^^^^^^^^^^^^^^^
AttributeError: 'Perceptron' object has no attribute 'predict_proba'. Did you mean: '_predict_proba_lr'?
2026-06-10 08:11:06,055 - ERROR - Error evaluating Perceptron with 21 RQs (X shape=(491, 21), y shape=(491,))
Traceback (most recent call last):
  File "/var/folders/pv/hg29j3j512d8wd_qw_8g3msw0000gn/T/ipykernel_6814/1497247354.py", line 23, in get_results_dict
    per_k_results = error_fn(
                    ^^^^^^^^^
  File "/var/folders/pv/hg29j3j512d8wd_qw_8g3msw0000gn/T/ipykernel_6814/336487549.py", line 36, in report_error_bin
    y_proba = clf.predict_proba(X_test)[:, 1]  # Probability for positive class
              ^^^^^^^^^^^^^^^^^
AttributeError: 'Perceptron' object has no attribute 'predict_proba'. Did you mean: '_predict_proba_lr'?
2026-06-10 08:11:06,210 - ERROR - Error evaluating Perceptron with 22 RQs (X shape=(491, 22), y shape=(491,))
Traceback (most recent call last):
  File "/var/folders/pv/hg29j3j512d8wd_qw_8g3msw0000gn/T/ipykernel_6814/1497247354.py", line 23, in get_results_dict
    per_k_results = error_fn(
                    ^^^^^^^^^
  File "/var/folders/pv/hg29j3j512d8wd_qw_8g3msw0000gn/T/ipykernel_6814/336487549.py", line 36, in report_error_bin
    y_proba = clf.predict_proba(X_test)[:, 1]  # Probability for positive class
              ^^^^^^^^^^^^^^^^^
AttributeError: 'Perceptron' object has no attribute 'predict_proba'. Did you mean: '_predict_proba_lr'?
2026-06-10 08:11:06,365 - ERROR - Error evaluating Perceptron with 23 RQs (X shape=(491, 23), y shape=(491,))
Traceback (most recent call last):
  File "/var/folders/pv/hg29j3j512d8wd_qw_8g3msw0000gn/T/ipykernel_6814/1497247354.py", line 23, in get_results_dict
    per_k_results = error_fn(
                    ^^^^^^^^^
  File "/var/folders/pv/hg29j3j512d8wd_qw_8g3msw0000gn/T/ipykernel_6814/336487549.py", line 36, in report_error_bin
    y_proba = clf.predict_proba(X_test)[:, 1]  # Probability for positive class
              ^^^^^^^^^^^^^^^^^
AttributeError: 'Perceptron' object has no attribute 'predict_proba'. Did you mean: '_predict_proba_lr'?
2026-06-10 08:11:06,523 - ERROR - Error evaluating Perceptron with 24 RQs (X shape=(491, 24), y shape=(491,))
Traceback (most recent call last):
  File "/var/folders/pv/hg29j3j512d8wd_qw_8g3msw0000gn/T/ipykernel_6814/1497247354.py", line 23, in get_results_dict
    per_k_results = error_fn(
                    ^^^^^^^^^
  File "/var/folders/pv/hg29j3j512d8wd_qw_8g3msw0000gn/T/ipykernel_6814/336487549.py", line 36, in report_error_bin
    y_proba = clf.predict_proba(X_test)[:, 1]  # Probability for positive class
              ^^^^^^^^^^^^^^^^^
AttributeError: 'Perceptron' object has no attribute 'predict_proba'. Did you mean: '_predict_proba_lr'?
2026-06-10 08:11:06,681 - ERROR - Error evaluating Perceptron with 25 RQs (X shape=(491, 25), y shape=(491,))
Traceback (most recent call last):
  File "/var/folders/pv/hg29j3j512d8wd_qw_8g3msw0000gn/T/ipykernel_6814/1497247354.py", line 23, in get_results_dict
    per_k_results = error_fn(
                    ^^^^^^^^^
  File "/var/folders/pv/hg29j3j512d8wd_qw_8g3msw0000gn/T/ipykernel_6814/336487549.py", line 36, in report_error_bin
    y_proba = clf.predict_proba(X_test)[:, 1]  # Probability for positive class
              ^^^^^^^^^^^^^^^^^
AttributeError: 'Perceptron' object has no attribute 'predict_proba'. Did you mean: '_predict_proba_lr'?
2026-06-10 08:11:06,686 - INFO - Evaluating QuadraticDiscriminantAnalysis...
2026-06-10 08:11:09,419 - ERROR - Error evaluating QuadraticDiscriminantAnalysis with 15 RQs (X shape=(491, 15), y shape=(491,))
Traceback (most recent call last):
  File "/var/folders/pv/hg29j3j512d8wd_qw_8g3msw0000gn/T/ipykernel_6814/1497247354.py", line 23, in get_results_dict
    per_k_results = error_fn(
                    ^^^^^^^^^
  File "/var/folders/pv/hg29j3j512d8wd_qw_8g3msw0000gn/T/ipykernel_6814/336487549.py", line 35, in report_error_bin
    clf.fit(X_train, y_train)
  File "/Users/daniperry/anaconda3/envs/csed/lib/python3.12/site-packages/sklearn/base.py", line 1336, in wrapper
    return fit_method(estimator, *args, **kwargs)
           ^^^^^^^^^^^^^^^^^^^^^^^^^^^^^^^^^^^^^^
  File "/Users/daniperry/anaconda3/envs/csed/lib/python3.12/site-packages/sklearn/discriminant_analysis.py", line 1132, in fit
    raise linalg.LinAlgError(
numpy.linalg.LinAlgError: The covariance matrix of class True is not full rank. Increase the value of `reg_param` to reduce the collinearity.
2026-06-10 08:11:09,524 - ERROR - Error evaluating QuadraticDiscriminantAnalysis with 16 RQs (X shape=(491, 16), y shape=(491,))
Traceback (most recent call last):
  File "/var/folders/pv/hg29j3j512d8wd_qw_8g3msw0000gn/T/ipykernel_6814/1497247354.py", line 23, in get_results_dict
    per_k_results = error_fn(
                    ^^^^^^^^^
  File "/var/folders/pv/hg29j3j512d8wd_qw_8g3msw0000gn/T/ipykernel_6814/336487549.py", line 35, in report_error_bin
    clf.fit(X_train, y_train)
  File "/Users/daniperry/anaconda3/envs/csed/lib/python3.12/site-packages/sklearn/base.py", line 1336, in wrapper
    return fit_method(estimator, *args, **kwargs)
           ^^^^^^^^^^^^^^^^^^^^^^^^^^^^^^^^^^^^^^
  File "/Users/daniperry/anaconda3/envs/csed/lib/python3.12/site-packages/sklearn/discriminant_analysis.py", line 1122, in fit
    raise linalg.LinAlgError(
numpy.linalg.LinAlgError: The covariance matrix of class True is not full rank. When using `solver='svd'` the number of samples in each class should be more than the number of features, but class True has 16 samples and 16 features. Try using `solver='eigen'` and setting the parameter `shrinkage` for regularization.
2026-06-10 08:11:09,561 - ERROR - Error evaluating QuadraticDiscriminantAnalysis with 17 RQs (X shape=(491, 17), y shape=(491,))
Traceback (most recent call last):
  File "/var/folders/pv/hg29j3j512d8wd_qw_8g3msw0000gn/T/ipykernel_6814/1497247354.py", line 23, in get_results_dict
    per_k_results = error_fn(
                    ^^^^^^^^^
  File "/var/folders/pv/hg29j3j512d8wd_qw_8g3msw0000gn/T/ipykernel_6814/336487549.py", line 25, in report_error_bin
    scores = cross_validate(
             ^^^^^^^^^^^^^^^
  File "/Users/daniperry/anaconda3/envs/csed/lib/python3.12/site-packages/sklearn/utils/_param_validation.py", line 218, in wrapper
    return func(*args, **kwargs)
           ^^^^^^^^^^^^^^^^^^^^^
  File "/Users/daniperry/anaconda3/envs/csed/lib/python3.12/site-packages/sklearn/model_selection/_validation.py", line 393, in cross_validate
    _warn_or_raise_about_fit_failures(results, error_score)
  File "/Users/daniperry/anaconda3/envs/csed/lib/python3.12/site-packages/sklearn/model_selection/_validation.py", line 479, in _warn_or_raise_about_fit_failures
    raise ValueError(all_fits_failed_message)
ValueError: 
All the 5 fits failed.
It is very likely that your model is misconfigured.
You can try to debug the error by setting error_score='raise'.

Below are more details about the failures:
--------------------------------------------------------------------------------
1 fits failed with the following error:
Traceback (most recent call last):
  File "/Users/daniperry/anaconda3/envs/csed/lib/python3.12/site-packages/sklearn/model_selection/_validation.py", line 833, in _fit_and_score
    estimator.fit(X_train, y_train, **fit_params)
  File "/Users/daniperry/anaconda3/envs/csed/lib/python3.12/site-packages/sklearn/base.py", line 1336, in wrapper
    return fit_method(estimator, *args, **kwargs)
           ^^^^^^^^^^^^^^^^^^^^^^^^^^^^^^^^^^^^^^
  File "/Users/daniperry/anaconda3/envs/csed/lib/python3.12/site-packages/sklearn/discriminant_analysis.py", line 1122, in fit
    raise linalg.LinAlgError(
numpy.linalg.LinAlgError: The covariance matrix of class True is not full rank. When using `solver='svd'` the number of samples in each class should be more than the number of features, but class True has 16 samples and 17 features. Try using `solver='eigen'` and setting the parameter `shrinkage` for regularization.

--------------------------------------------------------------------------------
4 fits failed with the following error:
Traceback (most recent call last):
  File "/Users/daniperry/anaconda3/envs/csed/lib/python3.12/site-packages/sklearn/model_selection/_validation.py", line 833, in _fit_and_score
    estimator.fit(X_train, y_train, **fit_params)
  File "/Users/daniperry/anaconda3/envs/csed/lib/python3.12/site-packages/sklearn/base.py", line 1336, in wrapper
    return fit_method(estimator, *args, **kwargs)
           ^^^^^^^^^^^^^^^^^^^^^^^^^^^^^^^^^^^^^^
  File "/Users/daniperry/anaconda3/envs/csed/lib/python3.12/site-packages/sklearn/discriminant_analysis.py", line 1122, in fit
    raise linalg.LinAlgError(
numpy.linalg.LinAlgError: The covariance matrix of class True is not full rank. When using `solver='svd'` the number of samples in each class should be more than the number of features, but class True has 17 samples and 17 features. Try using `solver='eigen'` and setting the parameter `shrinkage` for regularization.

2026-06-10 08:11:09,599 - ERROR - Error evaluating QuadraticDiscriminantAnalysis with 18 RQs (X shape=(491, 18), y shape=(491,))
Traceback (most recent call last):
  File "/var/folders/pv/hg29j3j512d8wd_qw_8g3msw0000gn/T/ipykernel_6814/1497247354.py", line 23, in get_results_dict
    per_k_results = error_fn(
                    ^^^^^^^^^
  File "/var/folders/pv/hg29j3j512d8wd_qw_8g3msw0000gn/T/ipykernel_6814/336487549.py", line 25, in report_error_bin
    scores = cross_validate(
             ^^^^^^^^^^^^^^^
  File "/Users/daniperry/anaconda3/envs/csed/lib/python3.12/site-packages/sklearn/utils/_param_validation.py", line 218, in wrapper
    return func(*args, **kwargs)
           ^^^^^^^^^^^^^^^^^^^^^
  File "/Users/daniperry/anaconda3/envs/csed/lib/python3.12/site-packages/sklearn/model_selection/_validation.py", line 393, in cross_validate
    _warn_or_raise_about_fit_failures(results, error_score)
  File "/Users/daniperry/anaconda3/envs/csed/lib/python3.12/site-packages/sklearn/model_selection/_validation.py", line 479, in _warn_or_raise_about_fit_failures
    raise ValueError(all_fits_failed_message)
ValueError: 
All the 5 fits failed.
It is very likely that your model is misconfigured.
You can try to debug the error by setting error_score='raise'.

Below are more details about the failures:
--------------------------------------------------------------------------------
1 fits failed with the following error:
Traceback (most recent call last):
  File "/Users/daniperry/anaconda3/envs/csed/lib/python3.12/site-packages/sklearn/model_selection/_validation.py", line 833, in _fit_and_score
    estimator.fit(X_train, y_train, **fit_params)
  File "/Users/daniperry/anaconda3/envs/csed/lib/python3.12/site-packages/sklearn/base.py", line 1336, in wrapper
    return fit_method(estimator, *args, **kwargs)
           ^^^^^^^^^^^^^^^^^^^^^^^^^^^^^^^^^^^^^^
  File "/Users/daniperry/anaconda3/envs/csed/lib/python3.12/site-packages/sklearn/discriminant_analysis.py", line 1122, in fit
    raise linalg.LinAlgError(
numpy.linalg.LinAlgError: The covariance matrix of class True is not full rank. When using `solver='svd'` the number of samples in each class should be more than the number of features, but class True has 16 samples and 18 features. Try using `solver='eigen'` and setting the parameter `shrinkage` for regularization.

--------------------------------------------------------------------------------
4 fits failed with the following error:
Traceback (most recent call last):
  File "/Users/daniperry/anaconda3/envs/csed/lib/python3.12/site-packages/sklearn/model_selection/_validation.py", line 833, in _fit_and_score
    estimator.fit(X_train, y_train, **fit_params)
  File "/Users/daniperry/anaconda3/envs/csed/lib/python3.12/site-packages/sklearn/base.py", line 1336, in wrapper
    return fit_method(estimator, *args, **kwargs)
           ^^^^^^^^^^^^^^^^^^^^^^^^^^^^^^^^^^^^^^
  File "/Users/daniperry/anaconda3/envs/csed/lib/python3.12/site-packages/sklearn/discriminant_analysis.py", line 1122, in fit
    raise linalg.LinAlgError(
numpy.linalg.LinAlgError: The covariance matrix of class True is not full rank. When using `solver='svd'` the number of samples in each class should be more than the number of features, but class True has 17 samples and 18 features. Try using `solver='eigen'` and setting the parameter `shrinkage` for regularization.

2026-06-10 08:11:09,637 - ERROR - Error evaluating QuadraticDiscriminantAnalysis with 19 RQs (X shape=(491, 19), y shape=(491,))
Traceback (most recent call last):
  File "/var/folders/pv/hg29j3j512d8wd_qw_8g3msw0000gn/T/ipykernel_6814/1497247354.py", line 23, in get_results_dict
    per_k_results = error_fn(
                    ^^^^^^^^^
  File "/var/folders/pv/hg29j3j512d8wd_qw_8g3msw0000gn/T/ipykernel_6814/336487549.py", line 25, in report_error_bin
    scores = cross_validate(
             ^^^^^^^^^^^^^^^
  File "/Users/daniperry/anaconda3/envs/csed/lib/python3.12/site-packages/sklearn/utils/_param_validation.py", line 218, in wrapper
    return func(*args, **kwargs)
           ^^^^^^^^^^^^^^^^^^^^^
  File "/Users/daniperry/anaconda3/envs/csed/lib/python3.12/site-packages/sklearn/model_selection/_validation.py", line 393, in cross_validate
    _warn_or_raise_about_fit_failures(results, error_score)
  File "/Users/daniperry/anaconda3/envs/csed/lib/python3.12/site-packages/sklearn/model_selection/_validation.py", line 479, in _warn_or_raise_about_fit_failures
    raise ValueError(all_fits_failed_message)
ValueError: 
All the 5 fits failed.
It is very likely that your model is misconfigured.
You can try to debug the error by setting error_score='raise'.

Below are more details about the failures:
--------------------------------------------------------------------------------
1 fits failed with the following error:
Traceback (most recent call last):
  File "/Users/daniperry/anaconda3/envs/csed/lib/python3.12/site-packages/sklearn/model_selection/_validation.py", line 833, in _fit_and_score
    estimator.fit(X_train, y_train, **fit_params)
  File "/Users/daniperry/anaconda3/envs/csed/lib/python3.12/site-packages/sklearn/base.py", line 1336, in wrapper
    return fit_method(estimator, *args, **kwargs)
           ^^^^^^^^^^^^^^^^^^^^^^^^^^^^^^^^^^^^^^
  File "/Users/daniperry/anaconda3/envs/csed/lib/python3.12/site-packages/sklearn/discriminant_analysis.py", line 1122, in fit
    raise linalg.LinAlgError(
numpy.linalg.LinAlgError: The covariance matrix of class True is not full rank. When using `solver='svd'` the number of samples in each class should be more than the number of features, but class True has 16 samples and 19 features. Try using `solver='eigen'` and setting the parameter `shrinkage` for regularization.

--------------------------------------------------------------------------------
4 fits failed with the following error:
Traceback (most recent call last):
  File "/Users/daniperry/anaconda3/envs/csed/lib/python3.12/site-packages/sklearn/model_selection/_validation.py", line 833, in _fit_and_score
    estimator.fit(X_train, y_train, **fit_params)
  File "/Users/daniperry/anaconda3/envs/csed/lib/python3.12/site-packages/sklearn/base.py", line 1336, in wrapper
    return fit_method(estimator, *args, **kwargs)
           ^^^^^^^^^^^^^^^^^^^^^^^^^^^^^^^^^^^^^^
  File "/Users/daniperry/anaconda3/envs/csed/lib/python3.12/site-packages/sklearn/discriminant_analysis.py", line 1122, in fit
    raise linalg.LinAlgError(
numpy.linalg.LinAlgError: The covariance matrix of class True is not full rank. When using `solver='svd'` the number of samples in each class should be more than the number of features, but class True has 17 samples and 19 features. Try using `solver='eigen'` and setting the parameter `shrinkage` for regularization.

2026-06-10 08:11:09,675 - ERROR - Error evaluating QuadraticDiscriminantAnalysis with 20 RQs (X shape=(491, 20), y shape=(491,))
Traceback (most recent call last):
  File "/var/folders/pv/hg29j3j512d8wd_qw_8g3msw0000gn/T/ipykernel_6814/1497247354.py", line 23, in get_results_dict
    per_k_results = error_fn(
                    ^^^^^^^^^
  File "/var/folders/pv/hg29j3j512d8wd_qw_8g3msw0000gn/T/ipykernel_6814/336487549.py", line 25, in report_error_bin
    scores = cross_validate(
             ^^^^^^^^^^^^^^^
  File "/Users/daniperry/anaconda3/envs/csed/lib/python3.12/site-packages/sklearn/utils/_param_validation.py", line 218, in wrapper
    return func(*args, **kwargs)
           ^^^^^^^^^^^^^^^^^^^^^
  File "/Users/daniperry/anaconda3/envs/csed/lib/python3.12/site-packages/sklearn/model_selection/_validation.py", line 393, in cross_validate
    _warn_or_raise_about_fit_failures(results, error_score)
  File "/Users/daniperry/anaconda3/envs/csed/lib/python3.12/site-packages/sklearn/model_selection/_validation.py", line 479, in _warn_or_raise_about_fit_failures
    raise ValueError(all_fits_failed_message)
ValueError: 
All the 5 fits failed.
It is very likely that your model is misconfigured.
You can try to debug the error by setting error_score='raise'.

Below are more details about the failures:
--------------------------------------------------------------------------------
1 fits failed with the following error:
Traceback (most recent call last):
  File "/Users/daniperry/anaconda3/envs/csed/lib/python3.12/site-packages/sklearn/model_selection/_validation.py", line 833, in _fit_and_score
    estimator.fit(X_train, y_train, **fit_params)
  File "/Users/daniperry/anaconda3/envs/csed/lib/python3.12/site-packages/sklearn/base.py", line 1336, in wrapper
    return fit_method(estimator, *args, **kwargs)
           ^^^^^^^^^^^^^^^^^^^^^^^^^^^^^^^^^^^^^^
  File "/Users/daniperry/anaconda3/envs/csed/lib/python3.12/site-packages/sklearn/discriminant_analysis.py", line 1122, in fit
    raise linalg.LinAlgError(
numpy.linalg.LinAlgError: The covariance matrix of class True is not full rank. When using `solver='svd'` the number of samples in each class should be more than the number of features, but class True has 16 samples and 20 features. Try using `solver='eigen'` and setting the parameter `shrinkage` for regularization.

--------------------------------------------------------------------------------
4 fits failed with the following error:
Traceback (most recent call last):
  File "/Users/daniperry/anaconda3/envs/csed/lib/python3.12/site-packages/sklearn/model_selection/_validation.py", line 833, in _fit_and_score
    estimator.fit(X_train, y_train, **fit_params)
  File "/Users/daniperry/anaconda3/envs/csed/lib/python3.12/site-packages/sklearn/base.py", line 1336, in wrapper
    return fit_method(estimator, *args, **kwargs)
           ^^^^^^^^^^^^^^^^^^^^^^^^^^^^^^^^^^^^^^
  File "/Users/daniperry/anaconda3/envs/csed/lib/python3.12/site-packages/sklearn/discriminant_analysis.py", line 1122, in fit
    raise linalg.LinAlgError(
numpy.linalg.LinAlgError: The covariance matrix of class True is not full rank. When using `solver='svd'` the number of samples in each class should be more than the number of features, but class True has 17 samples and 20 features. Try using `solver='eigen'` and setting the parameter `shrinkage` for regularization.

2026-06-10 08:11:09,716 - ERROR - Error evaluating QuadraticDiscriminantAnalysis with 21 RQs (X shape=(491, 21), y shape=(491,))
Traceback (most recent call last):
  File "/var/folders/pv/hg29j3j512d8wd_qw_8g3msw0000gn/T/ipykernel_6814/1497247354.py", line 23, in get_results_dict
    per_k_results = error_fn(
                    ^^^^^^^^^
  File "/var/folders/pv/hg29j3j512d8wd_qw_8g3msw0000gn/T/ipykernel_6814/336487549.py", line 25, in report_error_bin
    scores = cross_validate(
             ^^^^^^^^^^^^^^^
  File "/Users/daniperry/anaconda3/envs/csed/lib/python3.12/site-packages/sklearn/utils/_param_validation.py", line 218, in wrapper
    return func(*args, **kwargs)
           ^^^^^^^^^^^^^^^^^^^^^
  File "/Users/daniperry/anaconda3/envs/csed/lib/python3.12/site-packages/sklearn/model_selection/_validation.py", line 393, in cross_validate
    _warn_or_raise_about_fit_failures(results, error_score)
  File "/Users/daniperry/anaconda3/envs/csed/lib/python3.12/site-packages/sklearn/model_selection/_validation.py", line 479, in _warn_or_raise_about_fit_failures
    raise ValueError(all_fits_failed_message)
ValueError: 
All the 5 fits failed.
It is very likely that your model is misconfigured.
You can try to debug the error by setting error_score='raise'.

Below are more details about the failures:
--------------------------------------------------------------------------------
1 fits failed with the following error:
Traceback (most recent call last):
  File "/Users/daniperry/anaconda3/envs/csed/lib/python3.12/site-packages/sklearn/model_selection/_validation.py", line 833, in _fit_and_score
    estimator.fit(X_train, y_train, **fit_params)
  File "/Users/daniperry/anaconda3/envs/csed/lib/python3.12/site-packages/sklearn/base.py", line 1336, in wrapper
    return fit_method(estimator, *args, **kwargs)
           ^^^^^^^^^^^^^^^^^^^^^^^^^^^^^^^^^^^^^^
  File "/Users/daniperry/anaconda3/envs/csed/lib/python3.12/site-packages/sklearn/discriminant_analysis.py", line 1122, in fit
    raise linalg.LinAlgError(
numpy.linalg.LinAlgError: The covariance matrix of class True is not full rank. When using `solver='svd'` the number of samples in each class should be more than the number of features, but class True has 16 samples and 21 features. Try using `solver='eigen'` and setting the parameter `shrinkage` for regularization.

--------------------------------------------------------------------------------
4 fits failed with the following error:
Traceback (most recent call last):
  File "/Users/daniperry/anaconda3/envs/csed/lib/python3.12/site-packages/sklearn/model_selection/_validation.py", line 833, in _fit_and_score
    estimator.fit(X_train, y_train, **fit_params)
  File "/Users/daniperry/anaconda3/envs/csed/lib/python3.12/site-packages/sklearn/base.py", line 1336, in wrapper
    return fit_method(estimator, *args, **kwargs)
           ^^^^^^^^^^^^^^^^^^^^^^^^^^^^^^^^^^^^^^
  File "/Users/daniperry/anaconda3/envs/csed/lib/python3.12/site-packages/sklearn/discriminant_analysis.py", line 1122, in fit
    raise linalg.LinAlgError(
numpy.linalg.LinAlgError: The covariance matrix of class True is not full rank. When using `solver='svd'` the number of samples in each class should be more than the number of features, but class True has 17 samples and 21 features. Try using `solver='eigen'` and setting the parameter `shrinkage` for regularization.

2026-06-10 08:11:09,759 - ERROR - Error evaluating QuadraticDiscriminantAnalysis with 22 RQs (X shape=(491, 22), y shape=(491,))
Traceback (most recent call last):
  File "/var/folders/pv/hg29j3j512d8wd_qw_8g3msw0000gn/T/ipykernel_6814/1497247354.py", line 23, in get_results_dict
    per_k_results = error_fn(
                    ^^^^^^^^^
  File "/var/folders/pv/hg29j3j512d8wd_qw_8g3msw0000gn/T/ipykernel_6814/336487549.py", line 25, in report_error_bin
    scores = cross_validate(
             ^^^^^^^^^^^^^^^
  File "/Users/daniperry/anaconda3/envs/csed/lib/python3.12/site-packages/sklearn/utils/_param_validation.py", line 218, in wrapper
    return func(*args, **kwargs)
           ^^^^^^^^^^^^^^^^^^^^^
  File "/Users/daniperry/anaconda3/envs/csed/lib/python3.12/site-packages/sklearn/model_selection/_validation.py", line 393, in cross_validate
    _warn_or_raise_about_fit_failures(results, error_score)
  File "/Users/daniperry/anaconda3/envs/csed/lib/python3.12/site-packages/sklearn/model_selection/_validation.py", line 479, in _warn_or_raise_about_fit_failures
    raise ValueError(all_fits_failed_message)
ValueError: 
All the 5 fits failed.
It is very likely that your model is misconfigured.
You can try to debug the error by setting error_score='raise'.

Below are more details about the failures:
--------------------------------------------------------------------------------
1 fits failed with the following error:
Traceback (most recent call last):
  File "/Users/daniperry/anaconda3/envs/csed/lib/python3.12/site-packages/sklearn/model_selection/_validation.py", line 833, in _fit_and_score
    estimator.fit(X_train, y_train, **fit_params)
  File "/Users/daniperry/anaconda3/envs/csed/lib/python3.12/site-packages/sklearn/base.py", line 1336, in wrapper
    return fit_method(estimator, *args, **kwargs)
           ^^^^^^^^^^^^^^^^^^^^^^^^^^^^^^^^^^^^^^
  File "/Users/daniperry/anaconda3/envs/csed/lib/python3.12/site-packages/sklearn/discriminant_analysis.py", line 1122, in fit
    raise linalg.LinAlgError(
numpy.linalg.LinAlgError: The covariance matrix of class True is not full rank. When using `solver='svd'` the number of samples in each class should be more than the number of features, but class True has 16 samples and 22 features. Try using `solver='eigen'` and setting the parameter `shrinkage` for regularization.

--------------------------------------------------------------------------------
4 fits failed with the following error:
Traceback (most recent call last):
  File "/Users/daniperry/anaconda3/envs/csed/lib/python3.12/site-packages/sklearn/model_selection/_validation.py", line 833, in _fit_and_score
    estimator.fit(X_train, y_train, **fit_params)
  File "/Users/daniperry/anaconda3/envs/csed/lib/python3.12/site-packages/sklearn/base.py", line 1336, in wrapper
    return fit_method(estimator, *args, **kwargs)
           ^^^^^^^^^^^^^^^^^^^^^^^^^^^^^^^^^^^^^^
  File "/Users/daniperry/anaconda3/envs/csed/lib/python3.12/site-packages/sklearn/discriminant_analysis.py", line 1122, in fit
    raise linalg.LinAlgError(
numpy.linalg.LinAlgError: The covariance matrix of class True is not full rank. When using `solver='svd'` the number of samples in each class should be more than the number of features, but class True has 17 samples and 22 features. Try using `solver='eigen'` and setting the parameter `shrinkage` for regularization.

2026-06-10 08:11:09,816 - ERROR - Error evaluating QuadraticDiscriminantAnalysis with 23 RQs (X shape=(491, 23), y shape=(491,))
Traceback (most recent call last):
  File "/var/folders/pv/hg29j3j512d8wd_qw_8g3msw0000gn/T/ipykernel_6814/1497247354.py", line 23, in get_results_dict
    per_k_results = error_fn(
                    ^^^^^^^^^
  File "/var/folders/pv/hg29j3j512d8wd_qw_8g3msw0000gn/T/ipykernel_6814/336487549.py", line 25, in report_error_bin
    scores = cross_validate(
             ^^^^^^^^^^^^^^^
  File "/Users/daniperry/anaconda3/envs/csed/lib/python3.12/site-packages/sklearn/utils/_param_validation.py", line 218, in wrapper
    return func(*args, **kwargs)
           ^^^^^^^^^^^^^^^^^^^^^
  File "/Users/daniperry/anaconda3/envs/csed/lib/python3.12/site-packages/sklearn/model_selection/_validation.py", line 393, in cross_validate
    _warn_or_raise_about_fit_failures(results, error_score)
  File "/Users/daniperry/anaconda3/envs/csed/lib/python3.12/site-packages/sklearn/model_selection/_validation.py", line 479, in _warn_or_raise_about_fit_failures
    raise ValueError(all_fits_failed_message)
ValueError: 
All the 5 fits failed.
It is very likely that your model is misconfigured.
You can try to debug the error by setting error_score='raise'.

Below are more details about the failures:
--------------------------------------------------------------------------------
1 fits failed with the following error:
Traceback (most recent call last):
  File "/Users/daniperry/anaconda3/envs/csed/lib/python3.12/site-packages/sklearn/model_selection/_validation.py", line 833, in _fit_and_score
    estimator.fit(X_train, y_train, **fit_params)
  File "/Users/daniperry/anaconda3/envs/csed/lib/python3.12/site-packages/sklearn/base.py", line 1336, in wrapper
    return fit_method(estimator, *args, **kwargs)
           ^^^^^^^^^^^^^^^^^^^^^^^^^^^^^^^^^^^^^^
  File "/Users/daniperry/anaconda3/envs/csed/lib/python3.12/site-packages/sklearn/discriminant_analysis.py", line 1122, in fit
    raise linalg.LinAlgError(
numpy.linalg.LinAlgError: The covariance matrix of class True is not full rank. When using `solver='svd'` the number of samples in each class should be more than the number of features, but class True has 16 samples and 23 features. Try using `solver='eigen'` and setting the parameter `shrinkage` for regularization.

--------------------------------------------------------------------------------
4 fits failed with the following error:
Traceback (most recent call last):
  File "/Users/daniperry/anaconda3/envs/csed/lib/python3.12/site-packages/sklearn/model_selection/_validation.py", line 833, in _fit_and_score
    estimator.fit(X_train, y_train, **fit_params)
  File "/Users/daniperry/anaconda3/envs/csed/lib/python3.12/site-packages/sklearn/base.py", line 1336, in wrapper
    return fit_method(estimator, *args, **kwargs)
           ^^^^^^^^^^^^^^^^^^^^^^^^^^^^^^^^^^^^^^
  File "/Users/daniperry/anaconda3/envs/csed/lib/python3.12/site-packages/sklearn/discriminant_analysis.py", line 1122, in fit
    raise linalg.LinAlgError(
numpy.linalg.LinAlgError: The covariance matrix of class True is not full rank. When using `solver='svd'` the number of samples in each class should be more than the number of features, but class True has 17 samples and 23 features. Try using `solver='eigen'` and setting the parameter `shrinkage` for regularization.

2026-06-10 08:11:09,878 - ERROR - Error evaluating QuadraticDiscriminantAnalysis with 24 RQs (X shape=(491, 24), y shape=(491,))
Traceback (most recent call last):
  File "/var/folders/pv/hg29j3j512d8wd_qw_8g3msw0000gn/T/ipykernel_6814/1497247354.py", line 23, in get_results_dict
    per_k_results = error_fn(
                    ^^^^^^^^^
  File "/var/folders/pv/hg29j3j512d8wd_qw_8g3msw0000gn/T/ipykernel_6814/336487549.py", line 25, in report_error_bin
    scores = cross_validate(
             ^^^^^^^^^^^^^^^
  File "/Users/daniperry/anaconda3/envs/csed/lib/python3.12/site-packages/sklearn/utils/_param_validation.py", line 218, in wrapper
    return func(*args, **kwargs)
           ^^^^^^^^^^^^^^^^^^^^^
  File "/Users/daniperry/anaconda3/envs/csed/lib/python3.12/site-packages/sklearn/model_selection/_validation.py", line 393, in cross_validate
    _warn_or_raise_about_fit_failures(results, error_score)
  File "/Users/daniperry/anaconda3/envs/csed/lib/python3.12/site-packages/sklearn/model_selection/_validation.py", line 479, in _warn_or_raise_about_fit_failures
    raise ValueError(all_fits_failed_message)
ValueError: 
All the 5 fits failed.
It is very likely that your model is misconfigured.
You can try to debug the error by setting error_score='raise'.

Below are more details about the failures:
--------------------------------------------------------------------------------
1 fits failed with the following error:
Traceback (most recent call last):
  File "/Users/daniperry/anaconda3/envs/csed/lib/python3.12/site-packages/sklearn/model_selection/_validation.py", line 833, in _fit_and_score
    estimator.fit(X_train, y_train, **fit_params)
  File "/Users/daniperry/anaconda3/envs/csed/lib/python3.12/site-packages/sklearn/base.py", line 1336, in wrapper
    return fit_method(estimator, *args, **kwargs)
           ^^^^^^^^^^^^^^^^^^^^^^^^^^^^^^^^^^^^^^
  File "/Users/daniperry/anaconda3/envs/csed/lib/python3.12/site-packages/sklearn/discriminant_analysis.py", line 1122, in fit
    raise linalg.LinAlgError(
numpy.linalg.LinAlgError: The covariance matrix of class True is not full rank. When using `solver='svd'` the number of samples in each class should be more than the number of features, but class True has 16 samples and 24 features. Try using `solver='eigen'` and setting the parameter `shrinkage` for regularization.

--------------------------------------------------------------------------------
4 fits failed with the following error:
Traceback (most recent call last):
  File "/Users/daniperry/anaconda3/envs/csed/lib/python3.12/site-packages/sklearn/model_selection/_validation.py", line 833, in _fit_and_score
    estimator.fit(X_train, y_train, **fit_params)
  File "/Users/daniperry/anaconda3/envs/csed/lib/python3.12/site-packages/sklearn/base.py", line 1336, in wrapper
    return fit_method(estimator, *args, **kwargs)
           ^^^^^^^^^^^^^^^^^^^^^^^^^^^^^^^^^^^^^^
  File "/Users/daniperry/anaconda3/envs/csed/lib/python3.12/site-packages/sklearn/discriminant_analysis.py", line 1122, in fit
    raise linalg.LinAlgError(
numpy.linalg.LinAlgError: The covariance matrix of class True is not full rank. When using `solver='svd'` the number of samples in each class should be more than the number of features, but class True has 17 samples and 24 features. Try using `solver='eigen'` and setting the parameter `shrinkage` for regularization.

2026-06-10 08:11:09,940 - ERROR - Error evaluating QuadraticDiscriminantAnalysis with 25 RQs (X shape=(491, 25), y shape=(491,))
Traceback (most recent call last):
  File "/var/folders/pv/hg29j3j512d8wd_qw_8g3msw0000gn/T/ipykernel_6814/1497247354.py", line 23, in get_results_dict
    per_k_results = error_fn(
                    ^^^^^^^^^
  File "/var/folders/pv/hg29j3j512d8wd_qw_8g3msw0000gn/T/ipykernel_6814/336487549.py", line 25, in report_error_bin
    scores = cross_validate(
             ^^^^^^^^^^^^^^^
  File "/Users/daniperry/anaconda3/envs/csed/lib/python3.12/site-packages/sklearn/utils/_param_validation.py", line 218, in wrapper
    return func(*args, **kwargs)
           ^^^^^^^^^^^^^^^^^^^^^
  File "/Users/daniperry/anaconda3/envs/csed/lib/python3.12/site-packages/sklearn/model_selection/_validation.py", line 393, in cross_validate
    _warn_or_raise_about_fit_failures(results, error_score)
  File "/Users/daniperry/anaconda3/envs/csed/lib/python3.12/site-packages/sklearn/model_selection/_validation.py", line 479, in _warn_or_raise_about_fit_failures
    raise ValueError(all_fits_failed_message)
ValueError: 
All the 5 fits failed.
It is very likely that your model is misconfigured.
You can try to debug the error by setting error_score='raise'.

Below are more details about the failures:
--------------------------------------------------------------------------------
1 fits failed with the following error:
Traceback (most recent call last):
  File "/Users/daniperry/anaconda3/envs/csed/lib/python3.12/site-packages/sklearn/model_selection/_validation.py", line 833, in _fit_and_score
    estimator.fit(X_train, y_train, **fit_params)
  File "/Users/daniperry/anaconda3/envs/csed/lib/python3.12/site-packages/sklearn/base.py", line 1336, in wrapper
    return fit_method(estimator, *args, **kwargs)
           ^^^^^^^^^^^^^^^^^^^^^^^^^^^^^^^^^^^^^^
  File "/Users/daniperry/anaconda3/envs/csed/lib/python3.12/site-packages/sklearn/discriminant_analysis.py", line 1122, in fit
    raise linalg.LinAlgError(
numpy.linalg.LinAlgError: The covariance matrix of class True is not full rank. When using `solver='svd'` the number of samples in each class should be more than the number of features, but class True has 16 samples and 25 features. Try using `solver='eigen'` and setting the parameter `shrinkage` for regularization.

--------------------------------------------------------------------------------
4 fits failed with the following error:
Traceback (most recent call last):
  File "/Users/daniperry/anaconda3/envs/csed/lib/python3.12/site-packages/sklearn/model_selection/_validation.py", line 833, in _fit_and_score
    estimator.fit(X_train, y_train, **fit_params)
  File "/Users/daniperry/anaconda3/envs/csed/lib/python3.12/site-packages/sklearn/base.py", line 1336, in wrapper
    return fit_method(estimator, *args, **kwargs)
           ^^^^^^^^^^^^^^^^^^^^^^^^^^^^^^^^^^^^^^
  File "/Users/daniperry/anaconda3/envs/csed/lib/python3.12/site-packages/sklearn/discriminant_analysis.py", line 1122, in fit
    raise linalg.LinAlgError(
numpy.linalg.LinAlgError: The covariance matrix of class True is not full rank. When using `solver='svd'` the number of samples in each class should be more than the number of features, but class True has 17 samples and 25 features. Try using `solver='eigen'` and setting the parameter `shrinkage` for regularization.

2026-06-10 08:11:09,942 - INFO - Evaluating RadiusNeighborsClassifier...
2026-06-10 08:11:11,266 - ERROR - Error evaluating RadiusNeighborsClassifier with 5 RQs (X shape=(491, 5), y shape=(491,))
Traceback (most recent call last):
  File "/var/folders/pv/hg29j3j512d8wd_qw_8g3msw0000gn/T/ipykernel_6814/1497247354.py", line 23, in get_results_dict
    per_k_results = error_fn(
                    ^^^^^^^^^
  File "/var/folders/pv/hg29j3j512d8wd_qw_8g3msw0000gn/T/ipykernel_6814/336487549.py", line 36, in report_error_bin
    y_proba = clf.predict_proba(X_test)[:, 1]  # Probability for positive class
              ^^^^^^^^^^^^^^^^^^^^^^^^^
  File "/Users/daniperry/anaconda3/envs/csed/lib/python3.12/site-packages/sklearn/neighbors/_classification.py", line 831, in predict_proba
    raise ValueError(
ValueError: No neighbors found for test samples array([44]), you can try using larger radius, giving a label for outliers, or considering removing them from your dataset.
2026-06-10 08:11:11,438 - ERROR - Error evaluating RadiusNeighborsClassifier with 6 RQs (X shape=(491, 6), y shape=(491,))
Traceback (most recent call last):
  File "/var/folders/pv/hg29j3j512d8wd_qw_8g3msw0000gn/T/ipykernel_6814/1497247354.py", line 23, in get_results_dict
    per_k_results = error_fn(
                    ^^^^^^^^^
  File "/var/folders/pv/hg29j3j512d8wd_qw_8g3msw0000gn/T/ipykernel_6814/336487549.py", line 36, in report_error_bin
    y_proba = clf.predict_proba(X_test)[:, 1]  # Probability for positive class
              ^^^^^^^^^^^^^^^^^^^^^^^^^
  File "/Users/daniperry/anaconda3/envs/csed/lib/python3.12/site-packages/sklearn/neighbors/_classification.py", line 831, in predict_proba
    raise ValueError(
ValueError: No neighbors found for test samples array([44]), you can try using larger radius, giving a label for outliers, or considering removing them from your dataset.
2026-06-10 08:11:11,603 - ERROR - Error evaluating RadiusNeighborsClassifier with 7 RQs (X shape=(491, 7), y shape=(491,))
Traceback (most recent call last):
  File "/var/folders/pv/hg29j3j512d8wd_qw_8g3msw0000gn/T/ipykernel_6814/1497247354.py", line 23, in get_results_dict
    per_k_results = error_fn(
                    ^^^^^^^^^
  File "/var/folders/pv/hg29j3j512d8wd_qw_8g3msw0000gn/T/ipykernel_6814/336487549.py", line 36, in report_error_bin
    y_proba = clf.predict_proba(X_test)[:, 1]  # Probability for positive class
              ^^^^^^^^^^^^^^^^^^^^^^^^^
  File "/Users/daniperry/anaconda3/envs/csed/lib/python3.12/site-packages/sklearn/neighbors/_classification.py", line 831, in predict_proba
    raise ValueError(
ValueError: No neighbors found for test samples array([14, 44]), you can try using larger radius, giving a label for outliers, or considering removing them from your dataset.
2026-06-10 08:11:11,752 - ERROR - Error evaluating RadiusNeighborsClassifier with 8 RQs (X shape=(491, 8), y shape=(491,))
Traceback (most recent call last):
  File "/var/folders/pv/hg29j3j512d8wd_qw_8g3msw0000gn/T/ipykernel_6814/1497247354.py", line 23, in get_results_dict
    per_k_results = error_fn(
                    ^^^^^^^^^
  File "/var/folders/pv/hg29j3j512d8wd_qw_8g3msw0000gn/T/ipykernel_6814/336487549.py", line 36, in report_error_bin
    y_proba = clf.predict_proba(X_test)[:, 1]  # Probability for positive class
              ^^^^^^^^^^^^^^^^^^^^^^^^^
  File "/Users/daniperry/anaconda3/envs/csed/lib/python3.12/site-packages/sklearn/neighbors/_classification.py", line 831, in predict_proba
    raise ValueError(
ValueError: No neighbors found for test samples array([14, 44]), you can try using larger radius, giving a label for outliers, or considering removing them from your dataset.
2026-06-10 08:11:11,910 - ERROR - Error evaluating RadiusNeighborsClassifier with 9 RQs (X shape=(491, 9), y shape=(491,))
Traceback (most recent call last):
  File "/var/folders/pv/hg29j3j512d8wd_qw_8g3msw0000gn/T/ipykernel_6814/1497247354.py", line 23, in get_results_dict
    per_k_results = error_fn(
                    ^^^^^^^^^
  File "/var/folders/pv/hg29j3j512d8wd_qw_8g3msw0000gn/T/ipykernel_6814/336487549.py", line 36, in report_error_bin
    y_proba = clf.predict_proba(X_test)[:, 1]  # Probability for positive class
              ^^^^^^^^^^^^^^^^^^^^^^^^^
  File "/Users/daniperry/anaconda3/envs/csed/lib/python3.12/site-packages/sklearn/neighbors/_classification.py", line 831, in predict_proba
    raise ValueError(
ValueError: No neighbors found for test samples array([14, 44, 64]), you can try using larger radius, giving a label for outliers, or considering removing them from your dataset.
2026-06-10 08:11:12,062 - ERROR - Error evaluating RadiusNeighborsClassifier with 10 RQs (X shape=(491, 10), y shape=(491,))
Traceback (most recent call last):
  File "/var/folders/pv/hg29j3j512d8wd_qw_8g3msw0000gn/T/ipykernel_6814/1497247354.py", line 23, in get_results_dict
    per_k_results = error_fn(
                    ^^^^^^^^^
  File "/var/folders/pv/hg29j3j512d8wd_qw_8g3msw0000gn/T/ipykernel_6814/336487549.py", line 36, in report_error_bin
    y_proba = clf.predict_proba(X_test)[:, 1]  # Probability for positive class
              ^^^^^^^^^^^^^^^^^^^^^^^^^
  File "/Users/daniperry/anaconda3/envs/csed/lib/python3.12/site-packages/sklearn/neighbors/_classification.py", line 831, in predict_proba
    raise ValueError(
ValueError: No neighbors found for test samples array([ 0, 14, 15, 44, 64, 84]), you can try using larger radius, giving a label for outliers, or considering removing them from your dataset.
2026-06-10 08:11:12,214 - ERROR - Error evaluating RadiusNeighborsClassifier with 11 RQs (X shape=(491, 11), y shape=(491,))
Traceback (most recent call last):
  File "/var/folders/pv/hg29j3j512d8wd_qw_8g3msw0000gn/T/ipykernel_6814/1497247354.py", line 23, in get_results_dict
    per_k_results = error_fn(
                    ^^^^^^^^^
  File "/var/folders/pv/hg29j3j512d8wd_qw_8g3msw0000gn/T/ipykernel_6814/336487549.py", line 36, in report_error_bin
    y_proba = clf.predict_proba(X_test)[:, 1]  # Probability for positive class
              ^^^^^^^^^^^^^^^^^^^^^^^^^
  File "/Users/daniperry/anaconda3/envs/csed/lib/python3.12/site-packages/sklearn/neighbors/_classification.py", line 831, in predict_proba
    raise ValueError(
ValueError: No neighbors found for test samples array([ 0,  2, 14, 15, 44, 51, 61, 63, 64, 84]), you can try using larger radius, giving a label for outliers, or considering removing them from your dataset.
2026-06-10 08:11:12,370 - ERROR - Error evaluating RadiusNeighborsClassifier with 12 RQs (X shape=(491, 12), y shape=(491,))
Traceback (most recent call last):
  File "/var/folders/pv/hg29j3j512d8wd_qw_8g3msw0000gn/T/ipykernel_6814/1497247354.py", line 23, in get_results_dict
    per_k_results = error_fn(
                    ^^^^^^^^^
  File "/var/folders/pv/hg29j3j512d8wd_qw_8g3msw0000gn/T/ipykernel_6814/336487549.py", line 36, in report_error_bin
    y_proba = clf.predict_proba(X_test)[:, 1]  # Probability for positive class
              ^^^^^^^^^^^^^^^^^^^^^^^^^
  File "/Users/daniperry/anaconda3/envs/csed/lib/python3.12/site-packages/sklearn/neighbors/_classification.py", line 831, in predict_proba
    raise ValueError(
ValueError: No neighbors found for test samples array([ 0,  2, 14, 15, 26, 44, 51, 53, 54, 61, 63, 64, 84]), you can try using larger radius, giving a label for outliers, or considering removing them from your dataset.
2026-06-10 08:11:12,604 - ERROR - Error evaluating RadiusNeighborsClassifier with 13 RQs (X shape=(491, 13), y shape=(491,))
Traceback (most recent call last):
  File "/var/folders/pv/hg29j3j512d8wd_qw_8g3msw0000gn/T/ipykernel_6814/1497247354.py", line 23, in get_results_dict
    per_k_results = error_fn(
                    ^^^^^^^^^
  File "/var/folders/pv/hg29j3j512d8wd_qw_8g3msw0000gn/T/ipykernel_6814/336487549.py", line 36, in report_error_bin
    y_proba = clf.predict_proba(X_test)[:, 1]  # Probability for positive class
              ^^^^^^^^^^^^^^^^^^^^^^^^^
  File "/Users/daniperry/anaconda3/envs/csed/lib/python3.12/site-packages/sklearn/neighbors/_classification.py", line 831, in predict_proba
    raise ValueError(
ValueError: No neighbors found for test samples array([ 0,  2, 14, 15, 26, 44, 51, 53, 54, 60, 61, 63, 64, 73, 84]), you can try using larger radius, giving a label for outliers, or considering removing them from your dataset.
2026-06-10 08:11:12,770 - ERROR - Error evaluating RadiusNeighborsClassifier with 14 RQs (X shape=(491, 14), y shape=(491,))
Traceback (most recent call last):
  File "/var/folders/pv/hg29j3j512d8wd_qw_8g3msw0000gn/T/ipykernel_6814/1497247354.py", line 23, in get_results_dict
    per_k_results = error_fn(
                    ^^^^^^^^^
  File "/var/folders/pv/hg29j3j512d8wd_qw_8g3msw0000gn/T/ipykernel_6814/336487549.py", line 36, in report_error_bin
    y_proba = clf.predict_proba(X_test)[:, 1]  # Probability for positive class
              ^^^^^^^^^^^^^^^^^^^^^^^^^
  File "/Users/daniperry/anaconda3/envs/csed/lib/python3.12/site-packages/sklearn/neighbors/_classification.py", line 831, in predict_proba
    raise ValueError(
ValueError: No neighbors found for test samples array([ 0,  2,  5, 14, 15, 26, 44, 51, 53, 54, 60, 61, 63, 64, 73, 84]), you can try using larger radius, giving a label for outliers, or considering removing them from your dataset.
2026-06-10 08:11:12,943 - ERROR - Error evaluating RadiusNeighborsClassifier with 15 RQs (X shape=(491, 15), y shape=(491,))
Traceback (most recent call last):
  File "/var/folders/pv/hg29j3j512d8wd_qw_8g3msw0000gn/T/ipykernel_6814/1497247354.py", line 23, in get_results_dict
    per_k_results = error_fn(
                    ^^^^^^^^^
  File "/var/folders/pv/hg29j3j512d8wd_qw_8g3msw0000gn/T/ipykernel_6814/336487549.py", line 36, in report_error_bin
    y_proba = clf.predict_proba(X_test)[:, 1]  # Probability for positive class
              ^^^^^^^^^^^^^^^^^^^^^^^^^
  File "/Users/daniperry/anaconda3/envs/csed/lib/python3.12/site-packages/sklearn/neighbors/_classification.py", line 831, in predict_proba
    raise ValueError(
ValueError: No neighbors found for test samples array([ 0,  2,  5, 14, 15, 25, 26, 44, 51, 53, 54, 60, 61, 63, 64, 73, 84,
       96]), you can try using larger radius, giving a label for outliers, or considering removing them from your dataset.
2026-06-10 08:11:13,226 - ERROR - Error evaluating RadiusNeighborsClassifier with 16 RQs (X shape=(491, 16), y shape=(491,))
Traceback (most recent call last):
  File "/var/folders/pv/hg29j3j512d8wd_qw_8g3msw0000gn/T/ipykernel_6814/1497247354.py", line 23, in get_results_dict
    per_k_results = error_fn(
                    ^^^^^^^^^
  File "/var/folders/pv/hg29j3j512d8wd_qw_8g3msw0000gn/T/ipykernel_6814/336487549.py", line 36, in report_error_bin
    y_proba = clf.predict_proba(X_test)[:, 1]  # Probability for positive class
              ^^^^^^^^^^^^^^^^^^^^^^^^^
  File "/Users/daniperry/anaconda3/envs/csed/lib/python3.12/site-packages/sklearn/neighbors/_classification.py", line 831, in predict_proba
    raise ValueError(
ValueError: No neighbors found for test samples array([ 0,  2,  5, 14, 15, 25, 26, 29, 44, 51, 53, 54, 60, 61, 62, 63, 64,
       73, 75, 84, 96]), you can try using larger radius, giving a label for outliers, or considering removing them from your dataset.
2026-06-10 08:11:13,407 - ERROR - Error evaluating RadiusNeighborsClassifier with 17 RQs (X shape=(491, 17), y shape=(491,))
Traceback (most recent call last):
  File "/var/folders/pv/hg29j3j512d8wd_qw_8g3msw0000gn/T/ipykernel_6814/1497247354.py", line 23, in get_results_dict
    per_k_results = error_fn(
                    ^^^^^^^^^
  File "/var/folders/pv/hg29j3j512d8wd_qw_8g3msw0000gn/T/ipykernel_6814/336487549.py", line 36, in report_error_bin
    y_proba = clf.predict_proba(X_test)[:, 1]  # Probability for positive class
              ^^^^^^^^^^^^^^^^^^^^^^^^^
  File "/Users/daniperry/anaconda3/envs/csed/lib/python3.12/site-packages/sklearn/neighbors/_classification.py", line 831, in predict_proba
    raise ValueError(
ValueError: No neighbors found for test samples array([ 0,  2,  5, 14, 15, 25, 26, 29, 44, 51, 53, 54, 60, 61, 62, 63, 64,
       73, 75, 84, 96]), you can try using larger radius, giving a label for outliers, or considering removing them from your dataset.
2026-06-10 08:11:13,586 - ERROR - Error evaluating RadiusNeighborsClassifier with 18 RQs (X shape=(491, 18), y shape=(491,))
Traceback (most recent call last):
  File "/var/folders/pv/hg29j3j512d8wd_qw_8g3msw0000gn/T/ipykernel_6814/1497247354.py", line 23, in get_results_dict
    per_k_results = error_fn(
                    ^^^^^^^^^
  File "/var/folders/pv/hg29j3j512d8wd_qw_8g3msw0000gn/T/ipykernel_6814/336487549.py", line 36, in report_error_bin
    y_proba = clf.predict_proba(X_test)[:, 1]  # Probability for positive class
              ^^^^^^^^^^^^^^^^^^^^^^^^^
  File "/Users/daniperry/anaconda3/envs/csed/lib/python3.12/site-packages/sklearn/neighbors/_classification.py", line 831, in predict_proba
    raise ValueError(
ValueError: No neighbors found for test samples array([ 0,  2,  5, 12, 14, 15, 25, 26, 29, 30, 44, 51, 53, 54, 60, 61, 62,
       63, 64, 73, 75, 79, 84, 96]), you can try using larger radius, giving a label for outliers, or considering removing them from your dataset.
2026-06-10 08:11:13,731 - ERROR - Error evaluating RadiusNeighborsClassifier with 19 RQs (X shape=(491, 19), y shape=(491,))
Traceback (most recent call last):
  File "/var/folders/pv/hg29j3j512d8wd_qw_8g3msw0000gn/T/ipykernel_6814/1497247354.py", line 23, in get_results_dict
    per_k_results = error_fn(
                    ^^^^^^^^^
  File "/var/folders/pv/hg29j3j512d8wd_qw_8g3msw0000gn/T/ipykernel_6814/336487549.py", line 36, in report_error_bin
    y_proba = clf.predict_proba(X_test)[:, 1]  # Probability for positive class
              ^^^^^^^^^^^^^^^^^^^^^^^^^
  File "/Users/daniperry/anaconda3/envs/csed/lib/python3.12/site-packages/sklearn/neighbors/_classification.py", line 831, in predict_proba
    raise ValueError(
ValueError: No neighbors found for test samples array([ 0,  2,  5, 12, 14, 15, 25, 26, 29, 30, 44, 51, 53, 54, 56, 60, 61,
       62, 63, 64, 73, 75, 79, 84, 96]), you can try using larger radius, giving a label for outliers, or considering removing them from your dataset.
2026-06-10 08:11:13,876 - ERROR - Error evaluating RadiusNeighborsClassifier with 20 RQs (X shape=(491, 20), y shape=(491,))
Traceback (most recent call last):
  File "/var/folders/pv/hg29j3j512d8wd_qw_8g3msw0000gn/T/ipykernel_6814/1497247354.py", line 23, in get_results_dict
    per_k_results = error_fn(
                    ^^^^^^^^^
  File "/var/folders/pv/hg29j3j512d8wd_qw_8g3msw0000gn/T/ipykernel_6814/336487549.py", line 36, in report_error_bin
    y_proba = clf.predict_proba(X_test)[:, 1]  # Probability for positive class
              ^^^^^^^^^^^^^^^^^^^^^^^^^
  File "/Users/daniperry/anaconda3/envs/csed/lib/python3.12/site-packages/sklearn/neighbors/_classification.py", line 831, in predict_proba
    raise ValueError(
ValueError: No neighbors found for test samples array([ 0,  2,  5, 12, 14, 15, 24, 25, 26, 29, 30, 44, 51, 53, 54, 56, 60,
       61, 62, 63, 64, 73, 75, 79, 83, 84, 96]), you can try using larger radius, giving a label for outliers, or considering removing them from your dataset.
2026-06-10 08:11:14,053 - ERROR - Error evaluating RadiusNeighborsClassifier with 21 RQs (X shape=(491, 21), y shape=(491,))
Traceback (most recent call last):
  File "/var/folders/pv/hg29j3j512d8wd_qw_8g3msw0000gn/T/ipykernel_6814/1497247354.py", line 23, in get_results_dict
    per_k_results = error_fn(
                    ^^^^^^^^^
  File "/var/folders/pv/hg29j3j512d8wd_qw_8g3msw0000gn/T/ipykernel_6814/336487549.py", line 36, in report_error_bin
    y_proba = clf.predict_proba(X_test)[:, 1]  # Probability for positive class
              ^^^^^^^^^^^^^^^^^^^^^^^^^
  File "/Users/daniperry/anaconda3/envs/csed/lib/python3.12/site-packages/sklearn/neighbors/_classification.py", line 831, in predict_proba
    raise ValueError(
ValueError: No neighbors found for test samples array([ 0,  2,  5, 12, 14, 15, 24, 25, 26, 29, 30, 33, 44, 50, 51, 53, 54,
       56, 60, 61, 62, 63, 64, 73, 75, 79, 83, 84, 85, 96]), you can try using larger radius, giving a label for outliers, or considering removing them from your dataset.
2026-06-10 08:11:14,226 - ERROR - Error evaluating RadiusNeighborsClassifier with 22 RQs (X shape=(491, 22), y shape=(491,))
Traceback (most recent call last):
  File "/var/folders/pv/hg29j3j512d8wd_qw_8g3msw0000gn/T/ipykernel_6814/1497247354.py", line 23, in get_results_dict
    per_k_results = error_fn(
                    ^^^^^^^^^
  File "/var/folders/pv/hg29j3j512d8wd_qw_8g3msw0000gn/T/ipykernel_6814/336487549.py", line 36, in report_error_bin
    y_proba = clf.predict_proba(X_test)[:, 1]  # Probability for positive class
              ^^^^^^^^^^^^^^^^^^^^^^^^^
  File "/Users/daniperry/anaconda3/envs/csed/lib/python3.12/site-packages/sklearn/neighbors/_classification.py", line 831, in predict_proba
    raise ValueError(
ValueError: No neighbors found for test samples array([ 0,  2,  5, 12, 14, 15, 24, 25, 26, 29, 30, 33, 44, 50, 51, 53, 54,
       56, 60, 61, 62, 63, 64, 73, 75, 79, 83, 84, 85, 96]), you can try using larger radius, giving a label for outliers, or considering removing them from your dataset.
2026-06-10 08:11:14,384 - ERROR - Error evaluating RadiusNeighborsClassifier with 23 RQs (X shape=(491, 23), y shape=(491,))
Traceback (most recent call last):
  File "/var/folders/pv/hg29j3j512d8wd_qw_8g3msw0000gn/T/ipykernel_6814/1497247354.py", line 23, in get_results_dict
    per_k_results = error_fn(
                    ^^^^^^^^^
  File "/var/folders/pv/hg29j3j512d8wd_qw_8g3msw0000gn/T/ipykernel_6814/336487549.py", line 36, in report_error_bin
    y_proba = clf.predict_proba(X_test)[:, 1]  # Probability for positive class
              ^^^^^^^^^^^^^^^^^^^^^^^^^
  File "/Users/daniperry/anaconda3/envs/csed/lib/python3.12/site-packages/sklearn/neighbors/_classification.py", line 831, in predict_proba
    raise ValueError(
ValueError: No neighbors found for test samples array([ 0,  2,  5, 12, 14, 15, 24, 25, 26, 29, 30, 33, 38, 44, 50, 51, 53,
       54, 56, 60, 61, 62, 63, 64, 71, 73, 75, 79, 83, 84, 85, 96, 98]), you can try using larger radius, giving a label for outliers, or considering removing them from your dataset.
2026-06-10 08:11:14,540 - ERROR - Error evaluating RadiusNeighborsClassifier with 24 RQs (X shape=(491, 24), y shape=(491,))
Traceback (most recent call last):
  File "/var/folders/pv/hg29j3j512d8wd_qw_8g3msw0000gn/T/ipykernel_6814/1497247354.py", line 23, in get_results_dict
    per_k_results = error_fn(
                    ^^^^^^^^^
  File "/var/folders/pv/hg29j3j512d8wd_qw_8g3msw0000gn/T/ipykernel_6814/336487549.py", line 36, in report_error_bin
    y_proba = clf.predict_proba(X_test)[:, 1]  # Probability for positive class
              ^^^^^^^^^^^^^^^^^^^^^^^^^
  File "/Users/daniperry/anaconda3/envs/csed/lib/python3.12/site-packages/sklearn/neighbors/_classification.py", line 831, in predict_proba
    raise ValueError(
ValueError: No neighbors found for test samples array([ 0,  2,  5, 12, 14, 15, 24, 25, 26, 29, 30, 33, 38, 44, 50, 51, 53,
       54, 56, 60, 61, 62, 63, 64, 71, 72, 73, 75, 79, 83, 84, 85, 96, 98]), you can try using larger radius, giving a label for outliers, or considering removing them from your dataset.
2026-06-10 08:11:14,692 - ERROR - Error evaluating RadiusNeighborsClassifier with 25 RQs (X shape=(491, 25), y shape=(491,))
Traceback (most recent call last):
  File "/var/folders/pv/hg29j3j512d8wd_qw_8g3msw0000gn/T/ipykernel_6814/1497247354.py", line 23, in get_results_dict
    per_k_results = error_fn(
                    ^^^^^^^^^
  File "/var/folders/pv/hg29j3j512d8wd_qw_8g3msw0000gn/T/ipykernel_6814/336487549.py", line 36, in report_error_bin
    y_proba = clf.predict_proba(X_test)[:, 1]  # Probability for positive class
              ^^^^^^^^^^^^^^^^^^^^^^^^^
  File "/Users/daniperry/anaconda3/envs/csed/lib/python3.12/site-packages/sklearn/neighbors/_classification.py", line 831, in predict_proba
    raise ValueError(
ValueError: No neighbors found for test samples array([ 0,  2,  5, 12, 14, 15, 24, 25, 26, 29, 30, 33, 38, 44, 50, 51, 53,
       54, 56, 60, 61, 62, 63, 64, 71, 72, 73, 75, 79, 83, 84, 85, 96, 98]), you can try using larger radius, giving a label for outliers, or considering removing them from your dataset.
2026-06-10 08:11:14,693 - INFO - Evaluating RandomForestClassifier...
2026-06-10 08:12:32,153 - INFO - Evaluating RidgeClassifier...
2026-06-10 08:12:32,311 - ERROR - Error evaluating RidgeClassifier with 1 RQs (X shape=(491, 1), y shape=(491,))
Traceback (most recent call last):
  File "/var/folders/pv/hg29j3j512d8wd_qw_8g3msw0000gn/T/ipykernel_6814/1497247354.py", line 23, in get_results_dict
    per_k_results = error_fn(
                    ^^^^^^^^^
  File "/var/folders/pv/hg29j3j512d8wd_qw_8g3msw0000gn/T/ipykernel_6814/336487549.py", line 36, in report_error_bin
    y_proba = clf.predict_proba(X_test)[:, 1]  # Probability for positive class
              ^^^^^^^^^^^^^^^^^
AttributeError: 'RidgeClassifier' object has no attribute 'predict_proba'. Did you mean: '_predict_proba_lr'?
2026-06-10 08:12:32,473 - ERROR - Error evaluating RidgeClassifier with 2 RQs (X shape=(491, 2), y shape=(491,))
Traceback (most recent call last):
  File "/var/folders/pv/hg29j3j512d8wd_qw_8g3msw0000gn/T/ipykernel_6814/1497247354.py", line 23, in get_results_dict
    per_k_results = error_fn(
                    ^^^^^^^^^
  File "/var/folders/pv/hg29j3j512d8wd_qw_8g3msw0000gn/T/ipykernel_6814/336487549.py", line 36, in report_error_bin
    y_proba = clf.predict_proba(X_test)[:, 1]  # Probability for positive class
              ^^^^^^^^^^^^^^^^^
AttributeError: 'RidgeClassifier' object has no attribute 'predict_proba'. Did you mean: '_predict_proba_lr'?
2026-06-10 08:12:32,629 - ERROR - Error evaluating RidgeClassifier with 3 RQs (X shape=(491, 3), y shape=(491,))
Traceback (most recent call last):
  File "/var/folders/pv/hg29j3j512d8wd_qw_8g3msw0000gn/T/ipykernel_6814/1497247354.py", line 23, in get_results_dict
    per_k_results = error_fn(
                    ^^^^^^^^^
  File "/var/folders/pv/hg29j3j512d8wd_qw_8g3msw0000gn/T/ipykernel_6814/336487549.py", line 36, in report_error_bin
    y_proba = clf.predict_proba(X_test)[:, 1]  # Probability for positive class
              ^^^^^^^^^^^^^^^^^
AttributeError: 'RidgeClassifier' object has no attribute 'predict_proba'. Did you mean: '_predict_proba_lr'?
2026-06-10 08:12:32,789 - ERROR - Error evaluating RidgeClassifier with 4 RQs (X shape=(491, 4), y shape=(491,))
Traceback (most recent call last):
  File "/var/folders/pv/hg29j3j512d8wd_qw_8g3msw0000gn/T/ipykernel_6814/1497247354.py", line 23, in get_results_dict
    per_k_results = error_fn(
                    ^^^^^^^^^
  File "/var/folders/pv/hg29j3j512d8wd_qw_8g3msw0000gn/T/ipykernel_6814/336487549.py", line 36, in report_error_bin
    y_proba = clf.predict_proba(X_test)[:, 1]  # Probability for positive class
              ^^^^^^^^^^^^^^^^^
AttributeError: 'RidgeClassifier' object has no attribute 'predict_proba'. Did you mean: '_predict_proba_lr'?
2026-06-10 08:12:32,943 - ERROR - Error evaluating RidgeClassifier with 5 RQs (X shape=(491, 5), y shape=(491,))
Traceback (most recent call last):
  File "/var/folders/pv/hg29j3j512d8wd_qw_8g3msw0000gn/T/ipykernel_6814/1497247354.py", line 23, in get_results_dict
    per_k_results = error_fn(
                    ^^^^^^^^^
  File "/var/folders/pv/hg29j3j512d8wd_qw_8g3msw0000gn/T/ipykernel_6814/336487549.py", line 36, in report_error_bin
    y_proba = clf.predict_proba(X_test)[:, 1]  # Probability for positive class
              ^^^^^^^^^^^^^^^^^
AttributeError: 'RidgeClassifier' object has no attribute 'predict_proba'. Did you mean: '_predict_proba_lr'?
2026-06-10 08:12:33,095 - ERROR - Error evaluating RidgeClassifier with 6 RQs (X shape=(491, 6), y shape=(491,))
Traceback (most recent call last):
  File "/var/folders/pv/hg29j3j512d8wd_qw_8g3msw0000gn/T/ipykernel_6814/1497247354.py", line 23, in get_results_dict
    per_k_results = error_fn(
                    ^^^^^^^^^
  File "/var/folders/pv/hg29j3j512d8wd_qw_8g3msw0000gn/T/ipykernel_6814/336487549.py", line 36, in report_error_bin
    y_proba = clf.predict_proba(X_test)[:, 1]  # Probability for positive class
              ^^^^^^^^^^^^^^^^^
AttributeError: 'RidgeClassifier' object has no attribute 'predict_proba'. Did you mean: '_predict_proba_lr'?
2026-06-10 08:12:33,249 - ERROR - Error evaluating RidgeClassifier with 7 RQs (X shape=(491, 7), y shape=(491,))
Traceback (most recent call last):
  File "/var/folders/pv/hg29j3j512d8wd_qw_8g3msw0000gn/T/ipykernel_6814/1497247354.py", line 23, in get_results_dict
    per_k_results = error_fn(
                    ^^^^^^^^^
  File "/var/folders/pv/hg29j3j512d8wd_qw_8g3msw0000gn/T/ipykernel_6814/336487549.py", line 36, in report_error_bin
    y_proba = clf.predict_proba(X_test)[:, 1]  # Probability for positive class
              ^^^^^^^^^^^^^^^^^
AttributeError: 'RidgeClassifier' object has no attribute 'predict_proba'. Did you mean: '_predict_proba_lr'?
2026-06-10 08:12:33,401 - ERROR - Error evaluating RidgeClassifier with 8 RQs (X shape=(491, 8), y shape=(491,))
Traceback (most recent call last):
  File "/var/folders/pv/hg29j3j512d8wd_qw_8g3msw0000gn/T/ipykernel_6814/1497247354.py", line 23, in get_results_dict
    per_k_results = error_fn(
                    ^^^^^^^^^
  File "/var/folders/pv/hg29j3j512d8wd_qw_8g3msw0000gn/T/ipykernel_6814/336487549.py", line 36, in report_error_bin
    y_proba = clf.predict_proba(X_test)[:, 1]  # Probability for positive class
              ^^^^^^^^^^^^^^^^^
AttributeError: 'RidgeClassifier' object has no attribute 'predict_proba'. Did you mean: '_predict_proba_lr'?
2026-06-10 08:12:33,624 - ERROR - Error evaluating RidgeClassifier with 9 RQs (X shape=(491, 9), y shape=(491,))
Traceback (most recent call last):
  File "/var/folders/pv/hg29j3j512d8wd_qw_8g3msw0000gn/T/ipykernel_6814/1497247354.py", line 23, in get_results_dict
    per_k_results = error_fn(
                    ^^^^^^^^^
  File "/var/folders/pv/hg29j3j512d8wd_qw_8g3msw0000gn/T/ipykernel_6814/336487549.py", line 36, in report_error_bin
    y_proba = clf.predict_proba(X_test)[:, 1]  # Probability for positive class
              ^^^^^^^^^^^^^^^^^
AttributeError: 'RidgeClassifier' object has no attribute 'predict_proba'. Did you mean: '_predict_proba_lr'?
2026-06-10 08:12:33,780 - ERROR - Error evaluating RidgeClassifier with 10 RQs (X shape=(491, 10), y shape=(491,))
Traceback (most recent call last):
  File "/var/folders/pv/hg29j3j512d8wd_qw_8g3msw0000gn/T/ipykernel_6814/1497247354.py", line 23, in get_results_dict
    per_k_results = error_fn(
                    ^^^^^^^^^
  File "/var/folders/pv/hg29j3j512d8wd_qw_8g3msw0000gn/T/ipykernel_6814/336487549.py", line 36, in report_error_bin
    y_proba = clf.predict_proba(X_test)[:, 1]  # Probability for positive class
              ^^^^^^^^^^^^^^^^^
AttributeError: 'RidgeClassifier' object has no attribute 'predict_proba'. Did you mean: '_predict_proba_lr'?
2026-06-10 08:12:33,936 - ERROR - Error evaluating RidgeClassifier with 11 RQs (X shape=(491, 11), y shape=(491,))
Traceback (most recent call last):
  File "/var/folders/pv/hg29j3j512d8wd_qw_8g3msw0000gn/T/ipykernel_6814/1497247354.py", line 23, in get_results_dict
    per_k_results = error_fn(
                    ^^^^^^^^^
  File "/var/folders/pv/hg29j3j512d8wd_qw_8g3msw0000gn/T/ipykernel_6814/336487549.py", line 36, in report_error_bin
    y_proba = clf.predict_proba(X_test)[:, 1]  # Probability for positive class
              ^^^^^^^^^^^^^^^^^
AttributeError: 'RidgeClassifier' object has no attribute 'predict_proba'. Did you mean: '_predict_proba_lr'?
2026-06-10 08:12:34,090 - ERROR - Error evaluating RidgeClassifier with 12 RQs (X shape=(491, 12), y shape=(491,))
Traceback (most recent call last):
  File "/var/folders/pv/hg29j3j512d8wd_qw_8g3msw0000gn/T/ipykernel_6814/1497247354.py", line 23, in get_results_dict
    per_k_results = error_fn(
                    ^^^^^^^^^
  File "/var/folders/pv/hg29j3j512d8wd_qw_8g3msw0000gn/T/ipykernel_6814/336487549.py", line 36, in report_error_bin
    y_proba = clf.predict_proba(X_test)[:, 1]  # Probability for positive class
              ^^^^^^^^^^^^^^^^^
AttributeError: 'RidgeClassifier' object has no attribute 'predict_proba'. Did you mean: '_predict_proba_lr'?
2026-06-10 08:12:34,305 - ERROR - Error evaluating RidgeClassifier with 13 RQs (X shape=(491, 13), y shape=(491,))
Traceback (most recent call last):
  File "/var/folders/pv/hg29j3j512d8wd_qw_8g3msw0000gn/T/ipykernel_6814/1497247354.py", line 23, in get_results_dict
    per_k_results = error_fn(
                    ^^^^^^^^^
  File "/var/folders/pv/hg29j3j512d8wd_qw_8g3msw0000gn/T/ipykernel_6814/336487549.py", line 36, in report_error_bin
    y_proba = clf.predict_proba(X_test)[:, 1]  # Probability for positive class
              ^^^^^^^^^^^^^^^^^
AttributeError: 'RidgeClassifier' object has no attribute 'predict_proba'. Did you mean: '_predict_proba_lr'?
2026-06-10 08:12:34,474 - ERROR - Error evaluating RidgeClassifier with 14 RQs (X shape=(491, 14), y shape=(491,))
Traceback (most recent call last):
  File "/var/folders/pv/hg29j3j512d8wd_qw_8g3msw0000gn/T/ipykernel_6814/1497247354.py", line 23, in get_results_dict
    per_k_results = error_fn(
                    ^^^^^^^^^
  File "/var/folders/pv/hg29j3j512d8wd_qw_8g3msw0000gn/T/ipykernel_6814/336487549.py", line 36, in report_error_bin
    y_proba = clf.predict_proba(X_test)[:, 1]  # Probability for positive class
              ^^^^^^^^^^^^^^^^^
AttributeError: 'RidgeClassifier' object has no attribute 'predict_proba'. Did you mean: '_predict_proba_lr'?
2026-06-10 08:12:34,637 - ERROR - Error evaluating RidgeClassifier with 15 RQs (X shape=(491, 15), y shape=(491,))
Traceback (most recent call last):
  File "/var/folders/pv/hg29j3j512d8wd_qw_8g3msw0000gn/T/ipykernel_6814/1497247354.py", line 23, in get_results_dict
    per_k_results = error_fn(
                    ^^^^^^^^^
  File "/var/folders/pv/hg29j3j512d8wd_qw_8g3msw0000gn/T/ipykernel_6814/336487549.py", line 36, in report_error_bin
    y_proba = clf.predict_proba(X_test)[:, 1]  # Probability for positive class
              ^^^^^^^^^^^^^^^^^
AttributeError: 'RidgeClassifier' object has no attribute 'predict_proba'. Did you mean: '_predict_proba_lr'?
2026-06-10 08:12:34,811 - ERROR - Error evaluating RidgeClassifier with 16 RQs (X shape=(491, 16), y shape=(491,))
Traceback (most recent call last):
  File "/var/folders/pv/hg29j3j512d8wd_qw_8g3msw0000gn/T/ipykernel_6814/1497247354.py", line 23, in get_results_dict
    per_k_results = error_fn(
                    ^^^^^^^^^
  File "/var/folders/pv/hg29j3j512d8wd_qw_8g3msw0000gn/T/ipykernel_6814/336487549.py", line 36, in report_error_bin
    y_proba = clf.predict_proba(X_test)[:, 1]  # Probability for positive class
              ^^^^^^^^^^^^^^^^^
AttributeError: 'RidgeClassifier' object has no attribute 'predict_proba'. Did you mean: '_predict_proba_lr'?
2026-06-10 08:12:34,982 - ERROR - Error evaluating RidgeClassifier with 17 RQs (X shape=(491, 17), y shape=(491,))
Traceback (most recent call last):
  File "/var/folders/pv/hg29j3j512d8wd_qw_8g3msw0000gn/T/ipykernel_6814/1497247354.py", line 23, in get_results_dict
    per_k_results = error_fn(
                    ^^^^^^^^^
  File "/var/folders/pv/hg29j3j512d8wd_qw_8g3msw0000gn/T/ipykernel_6814/336487549.py", line 36, in report_error_bin
    y_proba = clf.predict_proba(X_test)[:, 1]  # Probability for positive class
              ^^^^^^^^^^^^^^^^^
AttributeError: 'RidgeClassifier' object has no attribute 'predict_proba'. Did you mean: '_predict_proba_lr'?
2026-06-10 08:12:35,138 - ERROR - Error evaluating RidgeClassifier with 18 RQs (X shape=(491, 18), y shape=(491,))
Traceback (most recent call last):
  File "/var/folders/pv/hg29j3j512d8wd_qw_8g3msw0000gn/T/ipykernel_6814/1497247354.py", line 23, in get_results_dict
    per_k_results = error_fn(
                    ^^^^^^^^^
  File "/var/folders/pv/hg29j3j512d8wd_qw_8g3msw0000gn/T/ipykernel_6814/336487549.py", line 36, in report_error_bin
    y_proba = clf.predict_proba(X_test)[:, 1]  # Probability for positive class
              ^^^^^^^^^^^^^^^^^
AttributeError: 'RidgeClassifier' object has no attribute 'predict_proba'. Did you mean: '_predict_proba_lr'?
2026-06-10 08:12:35,300 - ERROR - Error evaluating RidgeClassifier with 19 RQs (X shape=(491, 19), y shape=(491,))
Traceback (most recent call last):
  File "/var/folders/pv/hg29j3j512d8wd_qw_8g3msw0000gn/T/ipykernel_6814/1497247354.py", line 23, in get_results_dict
    per_k_results = error_fn(
                    ^^^^^^^^^
  File "/var/folders/pv/hg29j3j512d8wd_qw_8g3msw0000gn/T/ipykernel_6814/336487549.py", line 36, in report_error_bin
    y_proba = clf.predict_proba(X_test)[:, 1]  # Probability for positive class
              ^^^^^^^^^^^^^^^^^
AttributeError: 'RidgeClassifier' object has no attribute 'predict_proba'. Did you mean: '_predict_proba_lr'?
2026-06-10 08:12:35,462 - ERROR - Error evaluating RidgeClassifier with 20 RQs (X shape=(491, 20), y shape=(491,))
Traceback (most recent call last):
  File "/var/folders/pv/hg29j3j512d8wd_qw_8g3msw0000gn/T/ipykernel_6814/1497247354.py", line 23, in get_results_dict
    per_k_results = error_fn(
                    ^^^^^^^^^
  File "/var/folders/pv/hg29j3j512d8wd_qw_8g3msw0000gn/T/ipykernel_6814/336487549.py", line 36, in report_error_bin
    y_proba = clf.predict_proba(X_test)[:, 1]  # Probability for positive class
              ^^^^^^^^^^^^^^^^^
AttributeError: 'RidgeClassifier' object has no attribute 'predict_proba'. Did you mean: '_predict_proba_lr'?
2026-06-10 08:12:35,618 - ERROR - Error evaluating RidgeClassifier with 21 RQs (X shape=(491, 21), y shape=(491,))
Traceback (most recent call last):
  File "/var/folders/pv/hg29j3j512d8wd_qw_8g3msw0000gn/T/ipykernel_6814/1497247354.py", line 23, in get_results_dict
    per_k_results = error_fn(
                    ^^^^^^^^^
  File "/var/folders/pv/hg29j3j512d8wd_qw_8g3msw0000gn/T/ipykernel_6814/336487549.py", line 36, in report_error_bin
    y_proba = clf.predict_proba(X_test)[:, 1]  # Probability for positive class
              ^^^^^^^^^^^^^^^^^
AttributeError: 'RidgeClassifier' object has no attribute 'predict_proba'. Did you mean: '_predict_proba_lr'?
2026-06-10 08:12:35,781 - ERROR - Error evaluating RidgeClassifier with 22 RQs (X shape=(491, 22), y shape=(491,))
Traceback (most recent call last):
  File "/var/folders/pv/hg29j3j512d8wd_qw_8g3msw0000gn/T/ipykernel_6814/1497247354.py", line 23, in get_results_dict
    per_k_results = error_fn(
                    ^^^^^^^^^
  File "/var/folders/pv/hg29j3j512d8wd_qw_8g3msw0000gn/T/ipykernel_6814/336487549.py", line 36, in report_error_bin
    y_proba = clf.predict_proba(X_test)[:, 1]  # Probability for positive class
              ^^^^^^^^^^^^^^^^^
AttributeError: 'RidgeClassifier' object has no attribute 'predict_proba'. Did you mean: '_predict_proba_lr'?
2026-06-10 08:12:35,943 - ERROR - Error evaluating RidgeClassifier with 23 RQs (X shape=(491, 23), y shape=(491,))
Traceback (most recent call last):
  File "/var/folders/pv/hg29j3j512d8wd_qw_8g3msw0000gn/T/ipykernel_6814/1497247354.py", line 23, in get_results_dict
    per_k_results = error_fn(
                    ^^^^^^^^^
  File "/var/folders/pv/hg29j3j512d8wd_qw_8g3msw0000gn/T/ipykernel_6814/336487549.py", line 36, in report_error_bin
    y_proba = clf.predict_proba(X_test)[:, 1]  # Probability for positive class
              ^^^^^^^^^^^^^^^^^
AttributeError: 'RidgeClassifier' object has no attribute 'predict_proba'. Did you mean: '_predict_proba_lr'?
2026-06-10 08:12:36,101 - ERROR - Error evaluating RidgeClassifier with 24 RQs (X shape=(491, 24), y shape=(491,))
Traceback (most recent call last):
  File "/var/folders/pv/hg29j3j512d8wd_qw_8g3msw0000gn/T/ipykernel_6814/1497247354.py", line 23, in get_results_dict
    per_k_results = error_fn(
                    ^^^^^^^^^
  File "/var/folders/pv/hg29j3j512d8wd_qw_8g3msw0000gn/T/ipykernel_6814/336487549.py", line 36, in report_error_bin
    y_proba = clf.predict_proba(X_test)[:, 1]  # Probability for positive class
              ^^^^^^^^^^^^^^^^^
AttributeError: 'RidgeClassifier' object has no attribute 'predict_proba'. Did you mean: '_predict_proba_lr'?
2026-06-10 08:12:36,276 - ERROR - Error evaluating RidgeClassifier with 25 RQs (X shape=(491, 25), y shape=(491,))
Traceback (most recent call last):
  File "/var/folders/pv/hg29j3j512d8wd_qw_8g3msw0000gn/T/ipykernel_6814/1497247354.py", line 23, in get_results_dict
    per_k_results = error_fn(
                    ^^^^^^^^^
  File "/var/folders/pv/hg29j3j512d8wd_qw_8g3msw0000gn/T/ipykernel_6814/336487549.py", line 36, in report_error_bin
    y_proba = clf.predict_proba(X_test)[:, 1]  # Probability for positive class
              ^^^^^^^^^^^^^^^^^
AttributeError: 'RidgeClassifier' object has no attribute 'predict_proba'. Did you mean: '_predict_proba_lr'?
2026-06-10 08:12:36,280 - INFO - Evaluating RidgeClassifierCV...
2026-06-10 08:12:36,439 - ERROR - Error evaluating RidgeClassifierCV with 1 RQs (X shape=(491, 1), y shape=(491,))
Traceback (most recent call last):
  File "/var/folders/pv/hg29j3j512d8wd_qw_8g3msw0000gn/T/ipykernel_6814/1497247354.py", line 23, in get_results_dict
    per_k_results = error_fn(
                    ^^^^^^^^^
  File "/var/folders/pv/hg29j3j512d8wd_qw_8g3msw0000gn/T/ipykernel_6814/336487549.py", line 36, in report_error_bin
    y_proba = clf.predict_proba(X_test)[:, 1]  # Probability for positive class
              ^^^^^^^^^^^^^^^^^
AttributeError: 'RidgeClassifierCV' object has no attribute 'predict_proba'. Did you mean: '_predict_proba_lr'?
2026-06-10 08:12:36,592 - ERROR - Error evaluating RidgeClassifierCV with 2 RQs (X shape=(491, 2), y shape=(491,))
Traceback (most recent call last):
  File "/var/folders/pv/hg29j3j512d8wd_qw_8g3msw0000gn/T/ipykernel_6814/1497247354.py", line 23, in get_results_dict
    per_k_results = error_fn(
                    ^^^^^^^^^
  File "/var/folders/pv/hg29j3j512d8wd_qw_8g3msw0000gn/T/ipykernel_6814/336487549.py", line 36, in report_error_bin
    y_proba = clf.predict_proba(X_test)[:, 1]  # Probability for positive class
              ^^^^^^^^^^^^^^^^^
AttributeError: 'RidgeClassifierCV' object has no attribute 'predict_proba'. Did you mean: '_predict_proba_lr'?
2026-06-10 08:12:36,745 - ERROR - Error evaluating RidgeClassifierCV with 3 RQs (X shape=(491, 3), y shape=(491,))
Traceback (most recent call last):
  File "/var/folders/pv/hg29j3j512d8wd_qw_8g3msw0000gn/T/ipykernel_6814/1497247354.py", line 23, in get_results_dict
    per_k_results = error_fn(
                    ^^^^^^^^^
  File "/var/folders/pv/hg29j3j512d8wd_qw_8g3msw0000gn/T/ipykernel_6814/336487549.py", line 36, in report_error_bin
    y_proba = clf.predict_proba(X_test)[:, 1]  # Probability for positive class
              ^^^^^^^^^^^^^^^^^
AttributeError: 'RidgeClassifierCV' object has no attribute 'predict_proba'. Did you mean: '_predict_proba_lr'?
2026-06-10 08:12:36,901 - ERROR - Error evaluating RidgeClassifierCV with 4 RQs (X shape=(491, 4), y shape=(491,))
Traceback (most recent call last):
  File "/var/folders/pv/hg29j3j512d8wd_qw_8g3msw0000gn/T/ipykernel_6814/1497247354.py", line 23, in get_results_dict
    per_k_results = error_fn(
                    ^^^^^^^^^
  File "/var/folders/pv/hg29j3j512d8wd_qw_8g3msw0000gn/T/ipykernel_6814/336487549.py", line 36, in report_error_bin
    y_proba = clf.predict_proba(X_test)[:, 1]  # Probability for positive class
              ^^^^^^^^^^^^^^^^^
AttributeError: 'RidgeClassifierCV' object has no attribute 'predict_proba'. Did you mean: '_predict_proba_lr'?
2026-06-10 08:12:37,058 - ERROR - Error evaluating RidgeClassifierCV with 5 RQs (X shape=(491, 5), y shape=(491,))
Traceback (most recent call last):
  File "/var/folders/pv/hg29j3j512d8wd_qw_8g3msw0000gn/T/ipykernel_6814/1497247354.py", line 23, in get_results_dict
    per_k_results = error_fn(
                    ^^^^^^^^^
  File "/var/folders/pv/hg29j3j512d8wd_qw_8g3msw0000gn/T/ipykernel_6814/336487549.py", line 36, in report_error_bin
    y_proba = clf.predict_proba(X_test)[:, 1]  # Probability for positive class
              ^^^^^^^^^^^^^^^^^
AttributeError: 'RidgeClassifierCV' object has no attribute 'predict_proba'. Did you mean: '_predict_proba_lr'?
2026-06-10 08:12:37,213 - ERROR - Error evaluating RidgeClassifierCV with 6 RQs (X shape=(491, 6), y shape=(491,))
Traceback (most recent call last):
  File "/var/folders/pv/hg29j3j512d8wd_qw_8g3msw0000gn/T/ipykernel_6814/1497247354.py", line 23, in get_results_dict
    per_k_results = error_fn(
                    ^^^^^^^^^
  File "/var/folders/pv/hg29j3j512d8wd_qw_8g3msw0000gn/T/ipykernel_6814/336487549.py", line 36, in report_error_bin
    y_proba = clf.predict_proba(X_test)[:, 1]  # Probability for positive class
              ^^^^^^^^^^^^^^^^^
AttributeError: 'RidgeClassifierCV' object has no attribute 'predict_proba'. Did you mean: '_predict_proba_lr'?
2026-06-10 08:12:37,367 - ERROR - Error evaluating RidgeClassifierCV with 7 RQs (X shape=(491, 7), y shape=(491,))
Traceback (most recent call last):
  File "/var/folders/pv/hg29j3j512d8wd_qw_8g3msw0000gn/T/ipykernel_6814/1497247354.py", line 23, in get_results_dict
    per_k_results = error_fn(
                    ^^^^^^^^^
  File "/var/folders/pv/hg29j3j512d8wd_qw_8g3msw0000gn/T/ipykernel_6814/336487549.py", line 36, in report_error_bin
    y_proba = clf.predict_proba(X_test)[:, 1]  # Probability for positive class
              ^^^^^^^^^^^^^^^^^
AttributeError: 'RidgeClassifierCV' object has no attribute 'predict_proba'. Did you mean: '_predict_proba_lr'?
2026-06-10 08:12:37,523 - ERROR - Error evaluating RidgeClassifierCV with 8 RQs (X shape=(491, 8), y shape=(491,))
Traceback (most recent call last):
  File "/var/folders/pv/hg29j3j512d8wd_qw_8g3msw0000gn/T/ipykernel_6814/1497247354.py", line 23, in get_results_dict
    per_k_results = error_fn(
                    ^^^^^^^^^
  File "/var/folders/pv/hg29j3j512d8wd_qw_8g3msw0000gn/T/ipykernel_6814/336487549.py", line 36, in report_error_bin
    y_proba = clf.predict_proba(X_test)[:, 1]  # Probability for positive class
              ^^^^^^^^^^^^^^^^^
AttributeError: 'RidgeClassifierCV' object has no attribute 'predict_proba'. Did you mean: '_predict_proba_lr'?
2026-06-10 08:12:37,680 - ERROR - Error evaluating RidgeClassifierCV with 9 RQs (X shape=(491, 9), y shape=(491,))
Traceback (most recent call last):
  File "/var/folders/pv/hg29j3j512d8wd_qw_8g3msw0000gn/T/ipykernel_6814/1497247354.py", line 23, in get_results_dict
    per_k_results = error_fn(
                    ^^^^^^^^^
  File "/var/folders/pv/hg29j3j512d8wd_qw_8g3msw0000gn/T/ipykernel_6814/336487549.py", line 36, in report_error_bin
    y_proba = clf.predict_proba(X_test)[:, 1]  # Probability for positive class
              ^^^^^^^^^^^^^^^^^
AttributeError: 'RidgeClassifierCV' object has no attribute 'predict_proba'. Did you mean: '_predict_proba_lr'?
2026-06-10 08:12:37,839 - ERROR - Error evaluating RidgeClassifierCV with 10 RQs (X shape=(491, 10), y shape=(491,))
Traceback (most recent call last):
  File "/var/folders/pv/hg29j3j512d8wd_qw_8g3msw0000gn/T/ipykernel_6814/1497247354.py", line 23, in get_results_dict
    per_k_results = error_fn(
                    ^^^^^^^^^
  File "/var/folders/pv/hg29j3j512d8wd_qw_8g3msw0000gn/T/ipykernel_6814/336487549.py", line 36, in report_error_bin
    y_proba = clf.predict_proba(X_test)[:, 1]  # Probability for positive class
              ^^^^^^^^^^^^^^^^^
AttributeError: 'RidgeClassifierCV' object has no attribute 'predict_proba'. Did you mean: '_predict_proba_lr'?
2026-06-10 08:12:37,995 - ERROR - Error evaluating RidgeClassifierCV with 11 RQs (X shape=(491, 11), y shape=(491,))
Traceback (most recent call last):
  File "/var/folders/pv/hg29j3j512d8wd_qw_8g3msw0000gn/T/ipykernel_6814/1497247354.py", line 23, in get_results_dict
    per_k_results = error_fn(
                    ^^^^^^^^^
  File "/var/folders/pv/hg29j3j512d8wd_qw_8g3msw0000gn/T/ipykernel_6814/336487549.py", line 36, in report_error_bin
    y_proba = clf.predict_proba(X_test)[:, 1]  # Probability for positive class
              ^^^^^^^^^^^^^^^^^
AttributeError: 'RidgeClassifierCV' object has no attribute 'predict_proba'. Did you mean: '_predict_proba_lr'?
2026-06-10 08:12:38,155 - ERROR - Error evaluating RidgeClassifierCV with 12 RQs (X shape=(491, 12), y shape=(491,))
Traceback (most recent call last):
  File "/var/folders/pv/hg29j3j512d8wd_qw_8g3msw0000gn/T/ipykernel_6814/1497247354.py", line 23, in get_results_dict
    per_k_results = error_fn(
                    ^^^^^^^^^
  File "/var/folders/pv/hg29j3j512d8wd_qw_8g3msw0000gn/T/ipykernel_6814/336487549.py", line 36, in report_error_bin
    y_proba = clf.predict_proba(X_test)[:, 1]  # Probability for positive class
              ^^^^^^^^^^^^^^^^^
AttributeError: 'RidgeClassifierCV' object has no attribute 'predict_proba'. Did you mean: '_predict_proba_lr'?
2026-06-10 08:12:38,312 - ERROR - Error evaluating RidgeClassifierCV with 13 RQs (X shape=(491, 13), y shape=(491,))
Traceback (most recent call last):
  File "/var/folders/pv/hg29j3j512d8wd_qw_8g3msw0000gn/T/ipykernel_6814/1497247354.py", line 23, in get_results_dict
    per_k_results = error_fn(
                    ^^^^^^^^^
  File "/var/folders/pv/hg29j3j512d8wd_qw_8g3msw0000gn/T/ipykernel_6814/336487549.py", line 36, in report_error_bin
    y_proba = clf.predict_proba(X_test)[:, 1]  # Probability for positive class
              ^^^^^^^^^^^^^^^^^
AttributeError: 'RidgeClassifierCV' object has no attribute 'predict_proba'. Did you mean: '_predict_proba_lr'?
2026-06-10 08:12:38,470 - ERROR - Error evaluating RidgeClassifierCV with 14 RQs (X shape=(491, 14), y shape=(491,))
Traceback (most recent call last):
  File "/var/folders/pv/hg29j3j512d8wd_qw_8g3msw0000gn/T/ipykernel_6814/1497247354.py", line 23, in get_results_dict
    per_k_results = error_fn(
                    ^^^^^^^^^
  File "/var/folders/pv/hg29j3j512d8wd_qw_8g3msw0000gn/T/ipykernel_6814/336487549.py", line 36, in report_error_bin
    y_proba = clf.predict_proba(X_test)[:, 1]  # Probability for positive class
              ^^^^^^^^^^^^^^^^^
AttributeError: 'RidgeClassifierCV' object has no attribute 'predict_proba'. Did you mean: '_predict_proba_lr'?
2026-06-10 08:12:38,630 - ERROR - Error evaluating RidgeClassifierCV with 15 RQs (X shape=(491, 15), y shape=(491,))
Traceback (most recent call last):
  File "/var/folders/pv/hg29j3j512d8wd_qw_8g3msw0000gn/T/ipykernel_6814/1497247354.py", line 23, in get_results_dict
    per_k_results = error_fn(
                    ^^^^^^^^^
  File "/var/folders/pv/hg29j3j512d8wd_qw_8g3msw0000gn/T/ipykernel_6814/336487549.py", line 36, in report_error_bin
    y_proba = clf.predict_proba(X_test)[:, 1]  # Probability for positive class
              ^^^^^^^^^^^^^^^^^
AttributeError: 'RidgeClassifierCV' object has no attribute 'predict_proba'. Did you mean: '_predict_proba_lr'?
2026-06-10 08:12:38,792 - ERROR - Error evaluating RidgeClassifierCV with 16 RQs (X shape=(491, 16), y shape=(491,))
Traceback (most recent call last):
  File "/var/folders/pv/hg29j3j512d8wd_qw_8g3msw0000gn/T/ipykernel_6814/1497247354.py", line 23, in get_results_dict
    per_k_results = error_fn(
                    ^^^^^^^^^
  File "/var/folders/pv/hg29j3j512d8wd_qw_8g3msw0000gn/T/ipykernel_6814/336487549.py", line 36, in report_error_bin
    y_proba = clf.predict_proba(X_test)[:, 1]  # Probability for positive class
              ^^^^^^^^^^^^^^^^^
AttributeError: 'RidgeClassifierCV' object has no attribute 'predict_proba'. Did you mean: '_predict_proba_lr'?
2026-06-10 08:12:38,956 - ERROR - Error evaluating RidgeClassifierCV with 17 RQs (X shape=(491, 17), y shape=(491,))
Traceback (most recent call last):
  File "/var/folders/pv/hg29j3j512d8wd_qw_8g3msw0000gn/T/ipykernel_6814/1497247354.py", line 23, in get_results_dict
    per_k_results = error_fn(
                    ^^^^^^^^^
  File "/var/folders/pv/hg29j3j512d8wd_qw_8g3msw0000gn/T/ipykernel_6814/336487549.py", line 36, in report_error_bin
    y_proba = clf.predict_proba(X_test)[:, 1]  # Probability for positive class
              ^^^^^^^^^^^^^^^^^
AttributeError: 'RidgeClassifierCV' object has no attribute 'predict_proba'. Did you mean: '_predict_proba_lr'?
2026-06-10 08:12:39,117 - ERROR - Error evaluating RidgeClassifierCV with 18 RQs (X shape=(491, 18), y shape=(491,))
Traceback (most recent call last):
  File "/var/folders/pv/hg29j3j512d8wd_qw_8g3msw0000gn/T/ipykernel_6814/1497247354.py", line 23, in get_results_dict
    per_k_results = error_fn(
                    ^^^^^^^^^
  File "/var/folders/pv/hg29j3j512d8wd_qw_8g3msw0000gn/T/ipykernel_6814/336487549.py", line 36, in report_error_bin
    y_proba = clf.predict_proba(X_test)[:, 1]  # Probability for positive class
              ^^^^^^^^^^^^^^^^^
AttributeError: 'RidgeClassifierCV' object has no attribute 'predict_proba'. Did you mean: '_predict_proba_lr'?
2026-06-10 08:12:39,280 - ERROR - Error evaluating RidgeClassifierCV with 19 RQs (X shape=(491, 19), y shape=(491,))
Traceback (most recent call last):
  File "/var/folders/pv/hg29j3j512d8wd_qw_8g3msw0000gn/T/ipykernel_6814/1497247354.py", line 23, in get_results_dict
    per_k_results = error_fn(
                    ^^^^^^^^^
  File "/var/folders/pv/hg29j3j512d8wd_qw_8g3msw0000gn/T/ipykernel_6814/336487549.py", line 36, in report_error_bin
    y_proba = clf.predict_proba(X_test)[:, 1]  # Probability for positive class
              ^^^^^^^^^^^^^^^^^
AttributeError: 'RidgeClassifierCV' object has no attribute 'predict_proba'. Did you mean: '_predict_proba_lr'?
2026-06-10 08:12:39,443 - ERROR - Error evaluating RidgeClassifierCV with 20 RQs (X shape=(491, 20), y shape=(491,))
Traceback (most recent call last):
  File "/var/folders/pv/hg29j3j512d8wd_qw_8g3msw0000gn/T/ipykernel_6814/1497247354.py", line 23, in get_results_dict
    per_k_results = error_fn(
                    ^^^^^^^^^
  File "/var/folders/pv/hg29j3j512d8wd_qw_8g3msw0000gn/T/ipykernel_6814/336487549.py", line 36, in report_error_bin
    y_proba = clf.predict_proba(X_test)[:, 1]  # Probability for positive class
              ^^^^^^^^^^^^^^^^^
AttributeError: 'RidgeClassifierCV' object has no attribute 'predict_proba'. Did you mean: '_predict_proba_lr'?
2026-06-10 08:12:39,645 - ERROR - Error evaluating RidgeClassifierCV with 21 RQs (X shape=(491, 21), y shape=(491,))
Traceback (most recent call last):
  File "/var/folders/pv/hg29j3j512d8wd_qw_8g3msw0000gn/T/ipykernel_6814/1497247354.py", line 23, in get_results_dict
    per_k_results = error_fn(
                    ^^^^^^^^^
  File "/var/folders/pv/hg29j3j512d8wd_qw_8g3msw0000gn/T/ipykernel_6814/336487549.py", line 36, in report_error_bin
    y_proba = clf.predict_proba(X_test)[:, 1]  # Probability for positive class
              ^^^^^^^^^^^^^^^^^
AttributeError: 'RidgeClassifierCV' object has no attribute 'predict_proba'. Did you mean: '_predict_proba_lr'?
2026-06-10 08:12:39,884 - ERROR - Error evaluating RidgeClassifierCV with 22 RQs (X shape=(491, 22), y shape=(491,))
Traceback (most recent call last):
  File "/var/folders/pv/hg29j3j512d8wd_qw_8g3msw0000gn/T/ipykernel_6814/1497247354.py", line 23, in get_results_dict
    per_k_results = error_fn(
                    ^^^^^^^^^
  File "/var/folders/pv/hg29j3j512d8wd_qw_8g3msw0000gn/T/ipykernel_6814/336487549.py", line 36, in report_error_bin
    y_proba = clf.predict_proba(X_test)[:, 1]  # Probability for positive class
              ^^^^^^^^^^^^^^^^^
AttributeError: 'RidgeClassifierCV' object has no attribute 'predict_proba'. Did you mean: '_predict_proba_lr'?
2026-06-10 08:12:40,096 - ERROR - Error evaluating RidgeClassifierCV with 23 RQs (X shape=(491, 23), y shape=(491,))
Traceback (most recent call last):
  File "/var/folders/pv/hg29j3j512d8wd_qw_8g3msw0000gn/T/ipykernel_6814/1497247354.py", line 23, in get_results_dict
    per_k_results = error_fn(
                    ^^^^^^^^^
  File "/var/folders/pv/hg29j3j512d8wd_qw_8g3msw0000gn/T/ipykernel_6814/336487549.py", line 36, in report_error_bin
    y_proba = clf.predict_proba(X_test)[:, 1]  # Probability for positive class
              ^^^^^^^^^^^^^^^^^
AttributeError: 'RidgeClassifierCV' object has no attribute 'predict_proba'. Did you mean: '_predict_proba_lr'?
2026-06-10 08:12:40,314 - ERROR - Error evaluating RidgeClassifierCV with 24 RQs (X shape=(491, 24), y shape=(491,))
Traceback (most recent call last):
  File "/var/folders/pv/hg29j3j512d8wd_qw_8g3msw0000gn/T/ipykernel_6814/1497247354.py", line 23, in get_results_dict
    per_k_results = error_fn(
                    ^^^^^^^^^
  File "/var/folders/pv/hg29j3j512d8wd_qw_8g3msw0000gn/T/ipykernel_6814/336487549.py", line 36, in report_error_bin
    y_proba = clf.predict_proba(X_test)[:, 1]  # Probability for positive class
              ^^^^^^^^^^^^^^^^^
AttributeError: 'RidgeClassifierCV' object has no attribute 'predict_proba'. Did you mean: '_predict_proba_lr'?
2026-06-10 08:12:40,545 - ERROR - Error evaluating RidgeClassifierCV with 25 RQs (X shape=(491, 25), y shape=(491,))
Traceback (most recent call last):
  File "/var/folders/pv/hg29j3j512d8wd_qw_8g3msw0000gn/T/ipykernel_6814/1497247354.py", line 23, in get_results_dict
    per_k_results = error_fn(
                    ^^^^^^^^^
  File "/var/folders/pv/hg29j3j512d8wd_qw_8g3msw0000gn/T/ipykernel_6814/336487549.py", line 36, in report_error_bin
    y_proba = clf.predict_proba(X_test)[:, 1]  # Probability for positive class
              ^^^^^^^^^^^^^^^^^
AttributeError: 'RidgeClassifierCV' object has no attribute 'predict_proba'. Did you mean: '_predict_proba_lr'?
2026-06-10 08:12:40,552 - INFO - Evaluating SGDClassifier...
2026-06-10 08:12:40,730 - ERROR - Error evaluating SGDClassifier with 1 RQs (X shape=(491, 1), y shape=(491,))
Traceback (most recent call last):
  File "/Users/daniperry/anaconda3/envs/csed/lib/python3.12/site-packages/sklearn/utils/_available_if.py", line 32, in _check
    check_result = self.check(obj)
                   ^^^^^^^^^^^^^^^
  File "/Users/daniperry/anaconda3/envs/csed/lib/python3.12/site-packages/sklearn/linear_model/_stochastic_gradient.py", line 1310, in _check_proba
    raise AttributeError(
AttributeError: probability estimates are not available for loss='hinge'

The above exception was the direct cause of the following exception:

Traceback (most recent call last):
  File "/var/folders/pv/hg29j3j512d8wd_qw_8g3msw0000gn/T/ipykernel_6814/1497247354.py", line 23, in get_results_dict
    per_k_results = error_fn(
                    ^^^^^^^^^
  File "/var/folders/pv/hg29j3j512d8wd_qw_8g3msw0000gn/T/ipykernel_6814/336487549.py", line 36, in report_error_bin
    y_proba = clf.predict_proba(X_test)[:, 1]  # Probability for positive class
              ^^^^^^^^^^^^^^^^^
  File "/Users/daniperry/anaconda3/envs/csed/lib/python3.12/site-packages/sklearn/utils/_available_if.py", line 43, in __get__
    self._check(obj, owner=owner)
  File "/Users/daniperry/anaconda3/envs/csed/lib/python3.12/site-packages/sklearn/utils/_available_if.py", line 34, in _check
    raise AttributeError(attr_err_msg) from e
AttributeError: This 'SGDClassifier' has no attribute 'predict_proba'
2026-06-10 08:12:40,883 - ERROR - Error evaluating SGDClassifier with 2 RQs (X shape=(491, 2), y shape=(491,))
Traceback (most recent call last):
  File "/Users/daniperry/anaconda3/envs/csed/lib/python3.12/site-packages/sklearn/utils/_available_if.py", line 32, in _check
    check_result = self.check(obj)
                   ^^^^^^^^^^^^^^^
  File "/Users/daniperry/anaconda3/envs/csed/lib/python3.12/site-packages/sklearn/linear_model/_stochastic_gradient.py", line 1310, in _check_proba
    raise AttributeError(
AttributeError: probability estimates are not available for loss='hinge'

The above exception was the direct cause of the following exception:

Traceback (most recent call last):
  File "/var/folders/pv/hg29j3j512d8wd_qw_8g3msw0000gn/T/ipykernel_6814/1497247354.py", line 23, in get_results_dict
    per_k_results = error_fn(
                    ^^^^^^^^^
  File "/var/folders/pv/hg29j3j512d8wd_qw_8g3msw0000gn/T/ipykernel_6814/336487549.py", line 36, in report_error_bin
    y_proba = clf.predict_proba(X_test)[:, 1]  # Probability for positive class
              ^^^^^^^^^^^^^^^^^
  File "/Users/daniperry/anaconda3/envs/csed/lib/python3.12/site-packages/sklearn/utils/_available_if.py", line 43, in __get__
    self._check(obj, owner=owner)
  File "/Users/daniperry/anaconda3/envs/csed/lib/python3.12/site-packages/sklearn/utils/_available_if.py", line 34, in _check
    raise AttributeError(attr_err_msg) from e
AttributeError: This 'SGDClassifier' has no attribute 'predict_proba'
2026-06-10 08:12:41,022 - ERROR - Error evaluating SGDClassifier with 3 RQs (X shape=(491, 3), y shape=(491,))
Traceback (most recent call last):
  File "/Users/daniperry/anaconda3/envs/csed/lib/python3.12/site-packages/sklearn/utils/_available_if.py", line 32, in _check
    check_result = self.check(obj)
                   ^^^^^^^^^^^^^^^
  File "/Users/daniperry/anaconda3/envs/csed/lib/python3.12/site-packages/sklearn/linear_model/_stochastic_gradient.py", line 1310, in _check_proba
    raise AttributeError(
AttributeError: probability estimates are not available for loss='hinge'

The above exception was the direct cause of the following exception:

Traceback (most recent call last):
  File "/var/folders/pv/hg29j3j512d8wd_qw_8g3msw0000gn/T/ipykernel_6814/1497247354.py", line 23, in get_results_dict
    per_k_results = error_fn(
                    ^^^^^^^^^
  File "/var/folders/pv/hg29j3j512d8wd_qw_8g3msw0000gn/T/ipykernel_6814/336487549.py", line 36, in report_error_bin
    y_proba = clf.predict_proba(X_test)[:, 1]  # Probability for positive class
              ^^^^^^^^^^^^^^^^^
  File "/Users/daniperry/anaconda3/envs/csed/lib/python3.12/site-packages/sklearn/utils/_available_if.py", line 43, in __get__
    self._check(obj, owner=owner)
  File "/Users/daniperry/anaconda3/envs/csed/lib/python3.12/site-packages/sklearn/utils/_available_if.py", line 34, in _check
    raise AttributeError(attr_err_msg) from e
AttributeError: This 'SGDClassifier' has no attribute 'predict_proba'
2026-06-10 08:12:41,162 - ERROR - Error evaluating SGDClassifier with 4 RQs (X shape=(491, 4), y shape=(491,))
Traceback (most recent call last):
  File "/Users/daniperry/anaconda3/envs/csed/lib/python3.12/site-packages/sklearn/utils/_available_if.py", line 32, in _check
    check_result = self.check(obj)
                   ^^^^^^^^^^^^^^^
  File "/Users/daniperry/anaconda3/envs/csed/lib/python3.12/site-packages/sklearn/linear_model/_stochastic_gradient.py", line 1310, in _check_proba
    raise AttributeError(
AttributeError: probability estimates are not available for loss='hinge'

The above exception was the direct cause of the following exception:

Traceback (most recent call last):
  File "/var/folders/pv/hg29j3j512d8wd_qw_8g3msw0000gn/T/ipykernel_6814/1497247354.py", line 23, in get_results_dict
    per_k_results = error_fn(
                    ^^^^^^^^^
  File "/var/folders/pv/hg29j3j512d8wd_qw_8g3msw0000gn/T/ipykernel_6814/336487549.py", line 36, in report_error_bin
    y_proba = clf.predict_proba(X_test)[:, 1]  # Probability for positive class
              ^^^^^^^^^^^^^^^^^
  File "/Users/daniperry/anaconda3/envs/csed/lib/python3.12/site-packages/sklearn/utils/_available_if.py", line 43, in __get__
    self._check(obj, owner=owner)
  File "/Users/daniperry/anaconda3/envs/csed/lib/python3.12/site-packages/sklearn/utils/_available_if.py", line 34, in _check
    raise AttributeError(attr_err_msg) from e
AttributeError: This 'SGDClassifier' has no attribute 'predict_proba'
2026-06-10 08:12:41,304 - ERROR - Error evaluating SGDClassifier with 5 RQs (X shape=(491, 5), y shape=(491,))
Traceback (most recent call last):
  File "/Users/daniperry/anaconda3/envs/csed/lib/python3.12/site-packages/sklearn/utils/_available_if.py", line 32, in _check
    check_result = self.check(obj)
                   ^^^^^^^^^^^^^^^
  File "/Users/daniperry/anaconda3/envs/csed/lib/python3.12/site-packages/sklearn/linear_model/_stochastic_gradient.py", line 1310, in _check_proba
    raise AttributeError(
AttributeError: probability estimates are not available for loss='hinge'

The above exception was the direct cause of the following exception:

Traceback (most recent call last):
  File "/var/folders/pv/hg29j3j512d8wd_qw_8g3msw0000gn/T/ipykernel_6814/1497247354.py", line 23, in get_results_dict
    per_k_results = error_fn(
                    ^^^^^^^^^
  File "/var/folders/pv/hg29j3j512d8wd_qw_8g3msw0000gn/T/ipykernel_6814/336487549.py", line 36, in report_error_bin
    y_proba = clf.predict_proba(X_test)[:, 1]  # Probability for positive class
              ^^^^^^^^^^^^^^^^^
  File "/Users/daniperry/anaconda3/envs/csed/lib/python3.12/site-packages/sklearn/utils/_available_if.py", line 43, in __get__
    self._check(obj, owner=owner)
  File "/Users/daniperry/anaconda3/envs/csed/lib/python3.12/site-packages/sklearn/utils/_available_if.py", line 34, in _check
    raise AttributeError(attr_err_msg) from e
AttributeError: This 'SGDClassifier' has no attribute 'predict_proba'
2026-06-10 08:12:41,444 - ERROR - Error evaluating SGDClassifier with 6 RQs (X shape=(491, 6), y shape=(491,))
Traceback (most recent call last):
  File "/Users/daniperry/anaconda3/envs/csed/lib/python3.12/site-packages/sklearn/utils/_available_if.py", line 32, in _check
    check_result = self.check(obj)
                   ^^^^^^^^^^^^^^^
  File "/Users/daniperry/anaconda3/envs/csed/lib/python3.12/site-packages/sklearn/linear_model/_stochastic_gradient.py", line 1310, in _check_proba
    raise AttributeError(
AttributeError: probability estimates are not available for loss='hinge'

The above exception was the direct cause of the following exception:

Traceback (most recent call last):
  File "/var/folders/pv/hg29j3j512d8wd_qw_8g3msw0000gn/T/ipykernel_6814/1497247354.py", line 23, in get_results_dict
    per_k_results = error_fn(
                    ^^^^^^^^^
  File "/var/folders/pv/hg29j3j512d8wd_qw_8g3msw0000gn/T/ipykernel_6814/336487549.py", line 36, in report_error_bin
    y_proba = clf.predict_proba(X_test)[:, 1]  # Probability for positive class
              ^^^^^^^^^^^^^^^^^
  File "/Users/daniperry/anaconda3/envs/csed/lib/python3.12/site-packages/sklearn/utils/_available_if.py", line 43, in __get__
    self._check(obj, owner=owner)
  File "/Users/daniperry/anaconda3/envs/csed/lib/python3.12/site-packages/sklearn/utils/_available_if.py", line 34, in _check
    raise AttributeError(attr_err_msg) from e
AttributeError: This 'SGDClassifier' has no attribute 'predict_proba'
2026-06-10 08:12:41,585 - ERROR - Error evaluating SGDClassifier with 7 RQs (X shape=(491, 7), y shape=(491,))
Traceback (most recent call last):
  File "/Users/daniperry/anaconda3/envs/csed/lib/python3.12/site-packages/sklearn/utils/_available_if.py", line 32, in _check
    check_result = self.check(obj)
                   ^^^^^^^^^^^^^^^
  File "/Users/daniperry/anaconda3/envs/csed/lib/python3.12/site-packages/sklearn/linear_model/_stochastic_gradient.py", line 1310, in _check_proba
    raise AttributeError(
AttributeError: probability estimates are not available for loss='hinge'

The above exception was the direct cause of the following exception:

Traceback (most recent call last):
  File "/var/folders/pv/hg29j3j512d8wd_qw_8g3msw0000gn/T/ipykernel_6814/1497247354.py", line 23, in get_results_dict
    per_k_results = error_fn(
                    ^^^^^^^^^
  File "/var/folders/pv/hg29j3j512d8wd_qw_8g3msw0000gn/T/ipykernel_6814/336487549.py", line 36, in report_error_bin
    y_proba = clf.predict_proba(X_test)[:, 1]  # Probability for positive class
              ^^^^^^^^^^^^^^^^^
  File "/Users/daniperry/anaconda3/envs/csed/lib/python3.12/site-packages/sklearn/utils/_available_if.py", line 43, in __get__
    self._check(obj, owner=owner)
  File "/Users/daniperry/anaconda3/envs/csed/lib/python3.12/site-packages/sklearn/utils/_available_if.py", line 34, in _check
    raise AttributeError(attr_err_msg) from e
AttributeError: This 'SGDClassifier' has no attribute 'predict_proba'
2026-06-10 08:12:41,722 - ERROR - Error evaluating SGDClassifier with 8 RQs (X shape=(491, 8), y shape=(491,))
Traceback (most recent call last):
  File "/Users/daniperry/anaconda3/envs/csed/lib/python3.12/site-packages/sklearn/utils/_available_if.py", line 32, in _check
    check_result = self.check(obj)
                   ^^^^^^^^^^^^^^^
  File "/Users/daniperry/anaconda3/envs/csed/lib/python3.12/site-packages/sklearn/linear_model/_stochastic_gradient.py", line 1310, in _check_proba
    raise AttributeError(
AttributeError: probability estimates are not available for loss='hinge'

The above exception was the direct cause of the following exception:

Traceback (most recent call last):
  File "/var/folders/pv/hg29j3j512d8wd_qw_8g3msw0000gn/T/ipykernel_6814/1497247354.py", line 23, in get_results_dict
    per_k_results = error_fn(
                    ^^^^^^^^^
  File "/var/folders/pv/hg29j3j512d8wd_qw_8g3msw0000gn/T/ipykernel_6814/336487549.py", line 36, in report_error_bin
    y_proba = clf.predict_proba(X_test)[:, 1]  # Probability for positive class
              ^^^^^^^^^^^^^^^^^
  File "/Users/daniperry/anaconda3/envs/csed/lib/python3.12/site-packages/sklearn/utils/_available_if.py", line 43, in __get__
    self._check(obj, owner=owner)
  File "/Users/daniperry/anaconda3/envs/csed/lib/python3.12/site-packages/sklearn/utils/_available_if.py", line 34, in _check
    raise AttributeError(attr_err_msg) from e
AttributeError: This 'SGDClassifier' has no attribute 'predict_proba'
2026-06-10 08:12:41,866 - ERROR - Error evaluating SGDClassifier with 9 RQs (X shape=(491, 9), y shape=(491,))
Traceback (most recent call last):
  File "/Users/daniperry/anaconda3/envs/csed/lib/python3.12/site-packages/sklearn/utils/_available_if.py", line 32, in _check
    check_result = self.check(obj)
                   ^^^^^^^^^^^^^^^
  File "/Users/daniperry/anaconda3/envs/csed/lib/python3.12/site-packages/sklearn/linear_model/_stochastic_gradient.py", line 1310, in _check_proba
    raise AttributeError(
AttributeError: probability estimates are not available for loss='hinge'

The above exception was the direct cause of the following exception:

Traceback (most recent call last):
  File "/var/folders/pv/hg29j3j512d8wd_qw_8g3msw0000gn/T/ipykernel_6814/1497247354.py", line 23, in get_results_dict
    per_k_results = error_fn(
                    ^^^^^^^^^
  File "/var/folders/pv/hg29j3j512d8wd_qw_8g3msw0000gn/T/ipykernel_6814/336487549.py", line 36, in report_error_bin
    y_proba = clf.predict_proba(X_test)[:, 1]  # Probability for positive class
              ^^^^^^^^^^^^^^^^^
  File "/Users/daniperry/anaconda3/envs/csed/lib/python3.12/site-packages/sklearn/utils/_available_if.py", line 43, in __get__
    self._check(obj, owner=owner)
  File "/Users/daniperry/anaconda3/envs/csed/lib/python3.12/site-packages/sklearn/utils/_available_if.py", line 34, in _check
    raise AttributeError(attr_err_msg) from e
AttributeError: This 'SGDClassifier' has no attribute 'predict_proba'
2026-06-10 08:12:42,004 - ERROR - Error evaluating SGDClassifier with 10 RQs (X shape=(491, 10), y shape=(491,))
Traceback (most recent call last):
  File "/Users/daniperry/anaconda3/envs/csed/lib/python3.12/site-packages/sklearn/utils/_available_if.py", line 32, in _check
    check_result = self.check(obj)
                   ^^^^^^^^^^^^^^^
  File "/Users/daniperry/anaconda3/envs/csed/lib/python3.12/site-packages/sklearn/linear_model/_stochastic_gradient.py", line 1310, in _check_proba
    raise AttributeError(
AttributeError: probability estimates are not available for loss='hinge'

The above exception was the direct cause of the following exception:

Traceback (most recent call last):
  File "/var/folders/pv/hg29j3j512d8wd_qw_8g3msw0000gn/T/ipykernel_6814/1497247354.py", line 23, in get_results_dict
    per_k_results = error_fn(
                    ^^^^^^^^^
  File "/var/folders/pv/hg29j3j512d8wd_qw_8g3msw0000gn/T/ipykernel_6814/336487549.py", line 36, in report_error_bin
    y_proba = clf.predict_proba(X_test)[:, 1]  # Probability for positive class
              ^^^^^^^^^^^^^^^^^
  File "/Users/daniperry/anaconda3/envs/csed/lib/python3.12/site-packages/sklearn/utils/_available_if.py", line 43, in __get__
    self._check(obj, owner=owner)
  File "/Users/daniperry/anaconda3/envs/csed/lib/python3.12/site-packages/sklearn/utils/_available_if.py", line 34, in _check
    raise AttributeError(attr_err_msg) from e
AttributeError: This 'SGDClassifier' has no attribute 'predict_proba'
2026-06-10 08:12:42,145 - ERROR - Error evaluating SGDClassifier with 11 RQs (X shape=(491, 11), y shape=(491,))
Traceback (most recent call last):
  File "/Users/daniperry/anaconda3/envs/csed/lib/python3.12/site-packages/sklearn/utils/_available_if.py", line 32, in _check
    check_result = self.check(obj)
                   ^^^^^^^^^^^^^^^
  File "/Users/daniperry/anaconda3/envs/csed/lib/python3.12/site-packages/sklearn/linear_model/_stochastic_gradient.py", line 1310, in _check_proba
    raise AttributeError(
AttributeError: probability estimates are not available for loss='hinge'

The above exception was the direct cause of the following exception:

Traceback (most recent call last):
  File "/var/folders/pv/hg29j3j512d8wd_qw_8g3msw0000gn/T/ipykernel_6814/1497247354.py", line 23, in get_results_dict
    per_k_results = error_fn(
                    ^^^^^^^^^
  File "/var/folders/pv/hg29j3j512d8wd_qw_8g3msw0000gn/T/ipykernel_6814/336487549.py", line 36, in report_error_bin
    y_proba = clf.predict_proba(X_test)[:, 1]  # Probability for positive class
              ^^^^^^^^^^^^^^^^^
  File "/Users/daniperry/anaconda3/envs/csed/lib/python3.12/site-packages/sklearn/utils/_available_if.py", line 43, in __get__
    self._check(obj, owner=owner)
  File "/Users/daniperry/anaconda3/envs/csed/lib/python3.12/site-packages/sklearn/utils/_available_if.py", line 34, in _check
    raise AttributeError(attr_err_msg) from e
AttributeError: This 'SGDClassifier' has no attribute 'predict_proba'
2026-06-10 08:12:42,288 - ERROR - Error evaluating SGDClassifier with 12 RQs (X shape=(491, 12), y shape=(491,))
Traceback (most recent call last):
  File "/Users/daniperry/anaconda3/envs/csed/lib/python3.12/site-packages/sklearn/utils/_available_if.py", line 32, in _check
    check_result = self.check(obj)
                   ^^^^^^^^^^^^^^^
  File "/Users/daniperry/anaconda3/envs/csed/lib/python3.12/site-packages/sklearn/linear_model/_stochastic_gradient.py", line 1310, in _check_proba
    raise AttributeError(
AttributeError: probability estimates are not available for loss='hinge'

The above exception was the direct cause of the following exception:

Traceback (most recent call last):
  File "/var/folders/pv/hg29j3j512d8wd_qw_8g3msw0000gn/T/ipykernel_6814/1497247354.py", line 23, in get_results_dict
    per_k_results = error_fn(
                    ^^^^^^^^^
  File "/var/folders/pv/hg29j3j512d8wd_qw_8g3msw0000gn/T/ipykernel_6814/336487549.py", line 36, in report_error_bin
    y_proba = clf.predict_proba(X_test)[:, 1]  # Probability for positive class
              ^^^^^^^^^^^^^^^^^
  File "/Users/daniperry/anaconda3/envs/csed/lib/python3.12/site-packages/sklearn/utils/_available_if.py", line 43, in __get__
    self._check(obj, owner=owner)
  File "/Users/daniperry/anaconda3/envs/csed/lib/python3.12/site-packages/sklearn/utils/_available_if.py", line 34, in _check
    raise AttributeError(attr_err_msg) from e
AttributeError: This 'SGDClassifier' has no attribute 'predict_proba'
2026-06-10 08:12:42,430 - ERROR - Error evaluating SGDClassifier with 13 RQs (X shape=(491, 13), y shape=(491,))
Traceback (most recent call last):
  File "/Users/daniperry/anaconda3/envs/csed/lib/python3.12/site-packages/sklearn/utils/_available_if.py", line 32, in _check
    check_result = self.check(obj)
                   ^^^^^^^^^^^^^^^
  File "/Users/daniperry/anaconda3/envs/csed/lib/python3.12/site-packages/sklearn/linear_model/_stochastic_gradient.py", line 1310, in _check_proba
    raise AttributeError(
AttributeError: probability estimates are not available for loss='hinge'

The above exception was the direct cause of the following exception:

Traceback (most recent call last):
  File "/var/folders/pv/hg29j3j512d8wd_qw_8g3msw0000gn/T/ipykernel_6814/1497247354.py", line 23, in get_results_dict
    per_k_results = error_fn(
                    ^^^^^^^^^
  File "/var/folders/pv/hg29j3j512d8wd_qw_8g3msw0000gn/T/ipykernel_6814/336487549.py", line 36, in report_error_bin
    y_proba = clf.predict_proba(X_test)[:, 1]  # Probability for positive class
              ^^^^^^^^^^^^^^^^^
  File "/Users/daniperry/anaconda3/envs/csed/lib/python3.12/site-packages/sklearn/utils/_available_if.py", line 43, in __get__
    self._check(obj, owner=owner)
  File "/Users/daniperry/anaconda3/envs/csed/lib/python3.12/site-packages/sklearn/utils/_available_if.py", line 34, in _check
    raise AttributeError(attr_err_msg) from e
AttributeError: This 'SGDClassifier' has no attribute 'predict_proba'
2026-06-10 08:12:42,572 - ERROR - Error evaluating SGDClassifier with 14 RQs (X shape=(491, 14), y shape=(491,))
Traceback (most recent call last):
  File "/Users/daniperry/anaconda3/envs/csed/lib/python3.12/site-packages/sklearn/utils/_available_if.py", line 32, in _check
    check_result = self.check(obj)
                   ^^^^^^^^^^^^^^^
  File "/Users/daniperry/anaconda3/envs/csed/lib/python3.12/site-packages/sklearn/linear_model/_stochastic_gradient.py", line 1310, in _check_proba
    raise AttributeError(
AttributeError: probability estimates are not available for loss='hinge'

The above exception was the direct cause of the following exception:

Traceback (most recent call last):
  File "/var/folders/pv/hg29j3j512d8wd_qw_8g3msw0000gn/T/ipykernel_6814/1497247354.py", line 23, in get_results_dict
    per_k_results = error_fn(
                    ^^^^^^^^^
  File "/var/folders/pv/hg29j3j512d8wd_qw_8g3msw0000gn/T/ipykernel_6814/336487549.py", line 36, in report_error_bin
    y_proba = clf.predict_proba(X_test)[:, 1]  # Probability for positive class
              ^^^^^^^^^^^^^^^^^
  File "/Users/daniperry/anaconda3/envs/csed/lib/python3.12/site-packages/sklearn/utils/_available_if.py", line 43, in __get__
    self._check(obj, owner=owner)
  File "/Users/daniperry/anaconda3/envs/csed/lib/python3.12/site-packages/sklearn/utils/_available_if.py", line 34, in _check
    raise AttributeError(attr_err_msg) from e
AttributeError: This 'SGDClassifier' has no attribute 'predict_proba'
2026-06-10 08:12:42,715 - ERROR - Error evaluating SGDClassifier with 15 RQs (X shape=(491, 15), y shape=(491,))
Traceback (most recent call last):
  File "/Users/daniperry/anaconda3/envs/csed/lib/python3.12/site-packages/sklearn/utils/_available_if.py", line 32, in _check
    check_result = self.check(obj)
                   ^^^^^^^^^^^^^^^
  File "/Users/daniperry/anaconda3/envs/csed/lib/python3.12/site-packages/sklearn/linear_model/_stochastic_gradient.py", line 1310, in _check_proba
    raise AttributeError(
AttributeError: probability estimates are not available for loss='hinge'

The above exception was the direct cause of the following exception:

Traceback (most recent call last):
  File "/var/folders/pv/hg29j3j512d8wd_qw_8g3msw0000gn/T/ipykernel_6814/1497247354.py", line 23, in get_results_dict
    per_k_results = error_fn(
                    ^^^^^^^^^
  File "/var/folders/pv/hg29j3j512d8wd_qw_8g3msw0000gn/T/ipykernel_6814/336487549.py", line 36, in report_error_bin
    y_proba = clf.predict_proba(X_test)[:, 1]  # Probability for positive class
              ^^^^^^^^^^^^^^^^^
  File "/Users/daniperry/anaconda3/envs/csed/lib/python3.12/site-packages/sklearn/utils/_available_if.py", line 43, in __get__
    self._check(obj, owner=owner)
  File "/Users/daniperry/anaconda3/envs/csed/lib/python3.12/site-packages/sklearn/utils/_available_if.py", line 34, in _check
    raise AttributeError(attr_err_msg) from e
AttributeError: This 'SGDClassifier' has no attribute 'predict_proba'
2026-06-10 08:12:42,857 - ERROR - Error evaluating SGDClassifier with 16 RQs (X shape=(491, 16), y shape=(491,))
Traceback (most recent call last):
  File "/Users/daniperry/anaconda3/envs/csed/lib/python3.12/site-packages/sklearn/utils/_available_if.py", line 32, in _check
    check_result = self.check(obj)
                   ^^^^^^^^^^^^^^^
  File "/Users/daniperry/anaconda3/envs/csed/lib/python3.12/site-packages/sklearn/linear_model/_stochastic_gradient.py", line 1310, in _check_proba
    raise AttributeError(
AttributeError: probability estimates are not available for loss='hinge'

The above exception was the direct cause of the following exception:

Traceback (most recent call last):
  File "/var/folders/pv/hg29j3j512d8wd_qw_8g3msw0000gn/T/ipykernel_6814/1497247354.py", line 23, in get_results_dict
    per_k_results = error_fn(
                    ^^^^^^^^^
  File "/var/folders/pv/hg29j3j512d8wd_qw_8g3msw0000gn/T/ipykernel_6814/336487549.py", line 36, in report_error_bin
    y_proba = clf.predict_proba(X_test)[:, 1]  # Probability for positive class
              ^^^^^^^^^^^^^^^^^
  File "/Users/daniperry/anaconda3/envs/csed/lib/python3.12/site-packages/sklearn/utils/_available_if.py", line 43, in __get__
    self._check(obj, owner=owner)
  File "/Users/daniperry/anaconda3/envs/csed/lib/python3.12/site-packages/sklearn/utils/_available_if.py", line 34, in _check
    raise AttributeError(attr_err_msg) from e
AttributeError: This 'SGDClassifier' has no attribute 'predict_proba'
2026-06-10 08:12:43,003 - ERROR - Error evaluating SGDClassifier with 17 RQs (X shape=(491, 17), y shape=(491,))
Traceback (most recent call last):
  File "/Users/daniperry/anaconda3/envs/csed/lib/python3.12/site-packages/sklearn/utils/_available_if.py", line 32, in _check
    check_result = self.check(obj)
                   ^^^^^^^^^^^^^^^
  File "/Users/daniperry/anaconda3/envs/csed/lib/python3.12/site-packages/sklearn/linear_model/_stochastic_gradient.py", line 1310, in _check_proba
    raise AttributeError(
AttributeError: probability estimates are not available for loss='hinge'

The above exception was the direct cause of the following exception:

Traceback (most recent call last):
  File "/var/folders/pv/hg29j3j512d8wd_qw_8g3msw0000gn/T/ipykernel_6814/1497247354.py", line 23, in get_results_dict
    per_k_results = error_fn(
                    ^^^^^^^^^
  File "/var/folders/pv/hg29j3j512d8wd_qw_8g3msw0000gn/T/ipykernel_6814/336487549.py", line 36, in report_error_bin
    y_proba = clf.predict_proba(X_test)[:, 1]  # Probability for positive class
              ^^^^^^^^^^^^^^^^^
  File "/Users/daniperry/anaconda3/envs/csed/lib/python3.12/site-packages/sklearn/utils/_available_if.py", line 43, in __get__
    self._check(obj, owner=owner)
  File "/Users/daniperry/anaconda3/envs/csed/lib/python3.12/site-packages/sklearn/utils/_available_if.py", line 34, in _check
    raise AttributeError(attr_err_msg) from e
AttributeError: This 'SGDClassifier' has no attribute 'predict_proba'
2026-06-10 08:12:43,148 - ERROR - Error evaluating SGDClassifier with 18 RQs (X shape=(491, 18), y shape=(491,))
Traceback (most recent call last):
  File "/Users/daniperry/anaconda3/envs/csed/lib/python3.12/site-packages/sklearn/utils/_available_if.py", line 32, in _check
    check_result = self.check(obj)
                   ^^^^^^^^^^^^^^^
  File "/Users/daniperry/anaconda3/envs/csed/lib/python3.12/site-packages/sklearn/linear_model/_stochastic_gradient.py", line 1310, in _check_proba
    raise AttributeError(
AttributeError: probability estimates are not available for loss='hinge'

The above exception was the direct cause of the following exception:

Traceback (most recent call last):
  File "/var/folders/pv/hg29j3j512d8wd_qw_8g3msw0000gn/T/ipykernel_6814/1497247354.py", line 23, in get_results_dict
    per_k_results = error_fn(
                    ^^^^^^^^^
  File "/var/folders/pv/hg29j3j512d8wd_qw_8g3msw0000gn/T/ipykernel_6814/336487549.py", line 36, in report_error_bin
    y_proba = clf.predict_proba(X_test)[:, 1]  # Probability for positive class
              ^^^^^^^^^^^^^^^^^
  File "/Users/daniperry/anaconda3/envs/csed/lib/python3.12/site-packages/sklearn/utils/_available_if.py", line 43, in __get__
    self._check(obj, owner=owner)
  File "/Users/daniperry/anaconda3/envs/csed/lib/python3.12/site-packages/sklearn/utils/_available_if.py", line 34, in _check
    raise AttributeError(attr_err_msg) from e
AttributeError: This 'SGDClassifier' has no attribute 'predict_proba'
2026-06-10 08:12:43,296 - ERROR - Error evaluating SGDClassifier with 19 RQs (X shape=(491, 19), y shape=(491,))
Traceback (most recent call last):
  File "/Users/daniperry/anaconda3/envs/csed/lib/python3.12/site-packages/sklearn/utils/_available_if.py", line 32, in _check
    check_result = self.check(obj)
                   ^^^^^^^^^^^^^^^
  File "/Users/daniperry/anaconda3/envs/csed/lib/python3.12/site-packages/sklearn/linear_model/_stochastic_gradient.py", line 1310, in _check_proba
    raise AttributeError(
AttributeError: probability estimates are not available for loss='hinge'

The above exception was the direct cause of the following exception:

Traceback (most recent call last):
  File "/var/folders/pv/hg29j3j512d8wd_qw_8g3msw0000gn/T/ipykernel_6814/1497247354.py", line 23, in get_results_dict
    per_k_results = error_fn(
                    ^^^^^^^^^
  File "/var/folders/pv/hg29j3j512d8wd_qw_8g3msw0000gn/T/ipykernel_6814/336487549.py", line 36, in report_error_bin
    y_proba = clf.predict_proba(X_test)[:, 1]  # Probability for positive class
              ^^^^^^^^^^^^^^^^^
  File "/Users/daniperry/anaconda3/envs/csed/lib/python3.12/site-packages/sklearn/utils/_available_if.py", line 43, in __get__
    self._check(obj, owner=owner)
  File "/Users/daniperry/anaconda3/envs/csed/lib/python3.12/site-packages/sklearn/utils/_available_if.py", line 34, in _check
    raise AttributeError(attr_err_msg) from e
AttributeError: This 'SGDClassifier' has no attribute 'predict_proba'
2026-06-10 08:12:43,442 - ERROR - Error evaluating SGDClassifier with 20 RQs (X shape=(491, 20), y shape=(491,))
Traceback (most recent call last):
  File "/Users/daniperry/anaconda3/envs/csed/lib/python3.12/site-packages/sklearn/utils/_available_if.py", line 32, in _check
    check_result = self.check(obj)
                   ^^^^^^^^^^^^^^^
  File "/Users/daniperry/anaconda3/envs/csed/lib/python3.12/site-packages/sklearn/linear_model/_stochastic_gradient.py", line 1310, in _check_proba
    raise AttributeError(
AttributeError: probability estimates are not available for loss='hinge'

The above exception was the direct cause of the following exception:

Traceback (most recent call last):
  File "/var/folders/pv/hg29j3j512d8wd_qw_8g3msw0000gn/T/ipykernel_6814/1497247354.py", line 23, in get_results_dict
    per_k_results = error_fn(
                    ^^^^^^^^^
  File "/var/folders/pv/hg29j3j512d8wd_qw_8g3msw0000gn/T/ipykernel_6814/336487549.py", line 36, in report_error_bin
    y_proba = clf.predict_proba(X_test)[:, 1]  # Probability for positive class
              ^^^^^^^^^^^^^^^^^
  File "/Users/daniperry/anaconda3/envs/csed/lib/python3.12/site-packages/sklearn/utils/_available_if.py", line 43, in __get__
    self._check(obj, owner=owner)
  File "/Users/daniperry/anaconda3/envs/csed/lib/python3.12/site-packages/sklearn/utils/_available_if.py", line 34, in _check
    raise AttributeError(attr_err_msg) from e
AttributeError: This 'SGDClassifier' has no attribute 'predict_proba'
2026-06-10 08:12:43,587 - ERROR - Error evaluating SGDClassifier with 21 RQs (X shape=(491, 21), y shape=(491,))
Traceback (most recent call last):
  File "/Users/daniperry/anaconda3/envs/csed/lib/python3.12/site-packages/sklearn/utils/_available_if.py", line 32, in _check
    check_result = self.check(obj)
                   ^^^^^^^^^^^^^^^
  File "/Users/daniperry/anaconda3/envs/csed/lib/python3.12/site-packages/sklearn/linear_model/_stochastic_gradient.py", line 1310, in _check_proba
    raise AttributeError(
AttributeError: probability estimates are not available for loss='hinge'

The above exception was the direct cause of the following exception:

Traceback (most recent call last):
  File "/var/folders/pv/hg29j3j512d8wd_qw_8g3msw0000gn/T/ipykernel_6814/1497247354.py", line 23, in get_results_dict
    per_k_results = error_fn(
                    ^^^^^^^^^
  File "/var/folders/pv/hg29j3j512d8wd_qw_8g3msw0000gn/T/ipykernel_6814/336487549.py", line 36, in report_error_bin
    y_proba = clf.predict_proba(X_test)[:, 1]  # Probability for positive class
              ^^^^^^^^^^^^^^^^^
  File "/Users/daniperry/anaconda3/envs/csed/lib/python3.12/site-packages/sklearn/utils/_available_if.py", line 43, in __get__
    self._check(obj, owner=owner)
  File "/Users/daniperry/anaconda3/envs/csed/lib/python3.12/site-packages/sklearn/utils/_available_if.py", line 34, in _check
    raise AttributeError(attr_err_msg) from e
AttributeError: This 'SGDClassifier' has no attribute 'predict_proba'
2026-06-10 08:12:43,736 - ERROR - Error evaluating SGDClassifier with 22 RQs (X shape=(491, 22), y shape=(491,))
Traceback (most recent call last):
  File "/Users/daniperry/anaconda3/envs/csed/lib/python3.12/site-packages/sklearn/utils/_available_if.py", line 32, in _check
    check_result = self.check(obj)
                   ^^^^^^^^^^^^^^^
  File "/Users/daniperry/anaconda3/envs/csed/lib/python3.12/site-packages/sklearn/linear_model/_stochastic_gradient.py", line 1310, in _check_proba
    raise AttributeError(
AttributeError: probability estimates are not available for loss='hinge'

The above exception was the direct cause of the following exception:

Traceback (most recent call last):
  File "/var/folders/pv/hg29j3j512d8wd_qw_8g3msw0000gn/T/ipykernel_6814/1497247354.py", line 23, in get_results_dict
    per_k_results = error_fn(
                    ^^^^^^^^^
  File "/var/folders/pv/hg29j3j512d8wd_qw_8g3msw0000gn/T/ipykernel_6814/336487549.py", line 36, in report_error_bin
    y_proba = clf.predict_proba(X_test)[:, 1]  # Probability for positive class
              ^^^^^^^^^^^^^^^^^
  File "/Users/daniperry/anaconda3/envs/csed/lib/python3.12/site-packages/sklearn/utils/_available_if.py", line 43, in __get__
    self._check(obj, owner=owner)
  File "/Users/daniperry/anaconda3/envs/csed/lib/python3.12/site-packages/sklearn/utils/_available_if.py", line 34, in _check
    raise AttributeError(attr_err_msg) from e
AttributeError: This 'SGDClassifier' has no attribute 'predict_proba'
2026-06-10 08:12:43,886 - ERROR - Error evaluating SGDClassifier with 23 RQs (X shape=(491, 23), y shape=(491,))
Traceback (most recent call last):
  File "/Users/daniperry/anaconda3/envs/csed/lib/python3.12/site-packages/sklearn/utils/_available_if.py", line 32, in _check
    check_result = self.check(obj)
                   ^^^^^^^^^^^^^^^
  File "/Users/daniperry/anaconda3/envs/csed/lib/python3.12/site-packages/sklearn/linear_model/_stochastic_gradient.py", line 1310, in _check_proba
    raise AttributeError(
AttributeError: probability estimates are not available for loss='hinge'

The above exception was the direct cause of the following exception:

Traceback (most recent call last):
  File "/var/folders/pv/hg29j3j512d8wd_qw_8g3msw0000gn/T/ipykernel_6814/1497247354.py", line 23, in get_results_dict
    per_k_results = error_fn(
                    ^^^^^^^^^
  File "/var/folders/pv/hg29j3j512d8wd_qw_8g3msw0000gn/T/ipykernel_6814/336487549.py", line 36, in report_error_bin
    y_proba = clf.predict_proba(X_test)[:, 1]  # Probability for positive class
              ^^^^^^^^^^^^^^^^^
  File "/Users/daniperry/anaconda3/envs/csed/lib/python3.12/site-packages/sklearn/utils/_available_if.py", line 43, in __get__
    self._check(obj, owner=owner)
  File "/Users/daniperry/anaconda3/envs/csed/lib/python3.12/site-packages/sklearn/utils/_available_if.py", line 34, in _check
    raise AttributeError(attr_err_msg) from e
AttributeError: This 'SGDClassifier' has no attribute 'predict_proba'
2026-06-10 08:12:44,031 - ERROR - Error evaluating SGDClassifier with 24 RQs (X shape=(491, 24), y shape=(491,))
Traceback (most recent call last):
  File "/Users/daniperry/anaconda3/envs/csed/lib/python3.12/site-packages/sklearn/utils/_available_if.py", line 32, in _check
    check_result = self.check(obj)
                   ^^^^^^^^^^^^^^^
  File "/Users/daniperry/anaconda3/envs/csed/lib/python3.12/site-packages/sklearn/linear_model/_stochastic_gradient.py", line 1310, in _check_proba
    raise AttributeError(
AttributeError: probability estimates are not available for loss='hinge'

The above exception was the direct cause of the following exception:

Traceback (most recent call last):
  File "/var/folders/pv/hg29j3j512d8wd_qw_8g3msw0000gn/T/ipykernel_6814/1497247354.py", line 23, in get_results_dict
    per_k_results = error_fn(
                    ^^^^^^^^^
  File "/var/folders/pv/hg29j3j512d8wd_qw_8g3msw0000gn/T/ipykernel_6814/336487549.py", line 36, in report_error_bin
    y_proba = clf.predict_proba(X_test)[:, 1]  # Probability for positive class
              ^^^^^^^^^^^^^^^^^
  File "/Users/daniperry/anaconda3/envs/csed/lib/python3.12/site-packages/sklearn/utils/_available_if.py", line 43, in __get__
    self._check(obj, owner=owner)
  File "/Users/daniperry/anaconda3/envs/csed/lib/python3.12/site-packages/sklearn/utils/_available_if.py", line 34, in _check
    raise AttributeError(attr_err_msg) from e
AttributeError: This 'SGDClassifier' has no attribute 'predict_proba'
2026-06-10 08:12:44,179 - ERROR - Error evaluating SGDClassifier with 25 RQs (X shape=(491, 25), y shape=(491,))
Traceback (most recent call last):
  File "/Users/daniperry/anaconda3/envs/csed/lib/python3.12/site-packages/sklearn/utils/_available_if.py", line 32, in _check
    check_result = self.check(obj)
                   ^^^^^^^^^^^^^^^
  File "/Users/daniperry/anaconda3/envs/csed/lib/python3.12/site-packages/sklearn/linear_model/_stochastic_gradient.py", line 1310, in _check_proba
    raise AttributeError(
AttributeError: probability estimates are not available for loss='hinge'

The above exception was the direct cause of the following exception:

Traceback (most recent call last):
  File "/var/folders/pv/hg29j3j512d8wd_qw_8g3msw0000gn/T/ipykernel_6814/1497247354.py", line 23, in get_results_dict
    per_k_results = error_fn(
                    ^^^^^^^^^
  File "/var/folders/pv/hg29j3j512d8wd_qw_8g3msw0000gn/T/ipykernel_6814/336487549.py", line 36, in report_error_bin
    y_proba = clf.predict_proba(X_test)[:, 1]  # Probability for positive class
              ^^^^^^^^^^^^^^^^^
  File "/Users/daniperry/anaconda3/envs/csed/lib/python3.12/site-packages/sklearn/utils/_available_if.py", line 43, in __get__
    self._check(obj, owner=owner)
  File "/Users/daniperry/anaconda3/envs/csed/lib/python3.12/site-packages/sklearn/utils/_available_if.py", line 34, in _check
    raise AttributeError(attr_err_msg) from e
AttributeError: This 'SGDClassifier' has no attribute 'predict_proba'
2026-06-10 08:12:44,180 - INFO - Evaluating SVC...
2026-06-10 08:12:44,322 - ERROR - Error evaluating SVC with 1 RQs (X shape=(491, 1), y shape=(491,))
Traceback (most recent call last):
  File "/Users/daniperry/anaconda3/envs/csed/lib/python3.12/site-packages/sklearn/utils/_available_if.py", line 32, in _check
    check_result = self.check(obj)
                   ^^^^^^^^^^^^^^^
  File "/Users/daniperry/anaconda3/envs/csed/lib/python3.12/site-packages/sklearn/svm/_base.py", line 839, in _check_proba
    raise AttributeError(
AttributeError: predict_proba is not available when probability=False

The above exception was the direct cause of the following exception:

Traceback (most recent call last):
  File "/var/folders/pv/hg29j3j512d8wd_qw_8g3msw0000gn/T/ipykernel_6814/1497247354.py", line 23, in get_results_dict
    per_k_results = error_fn(
                    ^^^^^^^^^
  File "/var/folders/pv/hg29j3j512d8wd_qw_8g3msw0000gn/T/ipykernel_6814/336487549.py", line 36, in report_error_bin
    y_proba = clf.predict_proba(X_test)[:, 1]  # Probability for positive class
              ^^^^^^^^^^^^^^^^^
  File "/Users/daniperry/anaconda3/envs/csed/lib/python3.12/site-packages/sklearn/utils/_available_if.py", line 43, in __get__
    self._check(obj, owner=owner)
  File "/Users/daniperry/anaconda3/envs/csed/lib/python3.12/site-packages/sklearn/utils/_available_if.py", line 34, in _check
    raise AttributeError(attr_err_msg) from e
AttributeError: This 'SVC' has no attribute 'predict_proba'
2026-06-10 08:12:44,460 - ERROR - Error evaluating SVC with 2 RQs (X shape=(491, 2), y shape=(491,))
Traceback (most recent call last):
  File "/Users/daniperry/anaconda3/envs/csed/lib/python3.12/site-packages/sklearn/utils/_available_if.py", line 32, in _check
    check_result = self.check(obj)
                   ^^^^^^^^^^^^^^^
  File "/Users/daniperry/anaconda3/envs/csed/lib/python3.12/site-packages/sklearn/svm/_base.py", line 839, in _check_proba
    raise AttributeError(
AttributeError: predict_proba is not available when probability=False

The above exception was the direct cause of the following exception:

Traceback (most recent call last):
  File "/var/folders/pv/hg29j3j512d8wd_qw_8g3msw0000gn/T/ipykernel_6814/1497247354.py", line 23, in get_results_dict
    per_k_results = error_fn(
                    ^^^^^^^^^
  File "/var/folders/pv/hg29j3j512d8wd_qw_8g3msw0000gn/T/ipykernel_6814/336487549.py", line 36, in report_error_bin
    y_proba = clf.predict_proba(X_test)[:, 1]  # Probability for positive class
              ^^^^^^^^^^^^^^^^^
  File "/Users/daniperry/anaconda3/envs/csed/lib/python3.12/site-packages/sklearn/utils/_available_if.py", line 43, in __get__
    self._check(obj, owner=owner)
  File "/Users/daniperry/anaconda3/envs/csed/lib/python3.12/site-packages/sklearn/utils/_available_if.py", line 34, in _check
    raise AttributeError(attr_err_msg) from e
AttributeError: This 'SVC' has no attribute 'predict_proba'
2026-06-10 08:12:44,598 - ERROR - Error evaluating SVC with 3 RQs (X shape=(491, 3), y shape=(491,))
Traceback (most recent call last):
  File "/Users/daniperry/anaconda3/envs/csed/lib/python3.12/site-packages/sklearn/utils/_available_if.py", line 32, in _check
    check_result = self.check(obj)
                   ^^^^^^^^^^^^^^^
  File "/Users/daniperry/anaconda3/envs/csed/lib/python3.12/site-packages/sklearn/svm/_base.py", line 839, in _check_proba
    raise AttributeError(
AttributeError: predict_proba is not available when probability=False

The above exception was the direct cause of the following exception:

Traceback (most recent call last):
  File "/var/folders/pv/hg29j3j512d8wd_qw_8g3msw0000gn/T/ipykernel_6814/1497247354.py", line 23, in get_results_dict
    per_k_results = error_fn(
                    ^^^^^^^^^
  File "/var/folders/pv/hg29j3j512d8wd_qw_8g3msw0000gn/T/ipykernel_6814/336487549.py", line 36, in report_error_bin
    y_proba = clf.predict_proba(X_test)[:, 1]  # Probability for positive class
              ^^^^^^^^^^^^^^^^^
  File "/Users/daniperry/anaconda3/envs/csed/lib/python3.12/site-packages/sklearn/utils/_available_if.py", line 43, in __get__
    self._check(obj, owner=owner)
  File "/Users/daniperry/anaconda3/envs/csed/lib/python3.12/site-packages/sklearn/utils/_available_if.py", line 34, in _check
    raise AttributeError(attr_err_msg) from e
AttributeError: This 'SVC' has no attribute 'predict_proba'
2026-06-10 08:12:44,741 - ERROR - Error evaluating SVC with 4 RQs (X shape=(491, 4), y shape=(491,))
Traceback (most recent call last):
  File "/Users/daniperry/anaconda3/envs/csed/lib/python3.12/site-packages/sklearn/utils/_available_if.py", line 32, in _check
    check_result = self.check(obj)
                   ^^^^^^^^^^^^^^^
  File "/Users/daniperry/anaconda3/envs/csed/lib/python3.12/site-packages/sklearn/svm/_base.py", line 839, in _check_proba
    raise AttributeError(
AttributeError: predict_proba is not available when probability=False

The above exception was the direct cause of the following exception:

Traceback (most recent call last):
  File "/var/folders/pv/hg29j3j512d8wd_qw_8g3msw0000gn/T/ipykernel_6814/1497247354.py", line 23, in get_results_dict
    per_k_results = error_fn(
                    ^^^^^^^^^
  File "/var/folders/pv/hg29j3j512d8wd_qw_8g3msw0000gn/T/ipykernel_6814/336487549.py", line 36, in report_error_bin
    y_proba = clf.predict_proba(X_test)[:, 1]  # Probability for positive class
              ^^^^^^^^^^^^^^^^^
  File "/Users/daniperry/anaconda3/envs/csed/lib/python3.12/site-packages/sklearn/utils/_available_if.py", line 43, in __get__
    self._check(obj, owner=owner)
  File "/Users/daniperry/anaconda3/envs/csed/lib/python3.12/site-packages/sklearn/utils/_available_if.py", line 34, in _check
    raise AttributeError(attr_err_msg) from e
AttributeError: This 'SVC' has no attribute 'predict_proba'
2026-06-10 08:12:44,886 - ERROR - Error evaluating SVC with 5 RQs (X shape=(491, 5), y shape=(491,))
Traceback (most recent call last):
  File "/Users/daniperry/anaconda3/envs/csed/lib/python3.12/site-packages/sklearn/utils/_available_if.py", line 32, in _check
    check_result = self.check(obj)
                   ^^^^^^^^^^^^^^^
  File "/Users/daniperry/anaconda3/envs/csed/lib/python3.12/site-packages/sklearn/svm/_base.py", line 839, in _check_proba
    raise AttributeError(
AttributeError: predict_proba is not available when probability=False

The above exception was the direct cause of the following exception:

Traceback (most recent call last):
  File "/var/folders/pv/hg29j3j512d8wd_qw_8g3msw0000gn/T/ipykernel_6814/1497247354.py", line 23, in get_results_dict
    per_k_results = error_fn(
                    ^^^^^^^^^
  File "/var/folders/pv/hg29j3j512d8wd_qw_8g3msw0000gn/T/ipykernel_6814/336487549.py", line 36, in report_error_bin
    y_proba = clf.predict_proba(X_test)[:, 1]  # Probability for positive class
              ^^^^^^^^^^^^^^^^^
  File "/Users/daniperry/anaconda3/envs/csed/lib/python3.12/site-packages/sklearn/utils/_available_if.py", line 43, in __get__
    self._check(obj, owner=owner)
  File "/Users/daniperry/anaconda3/envs/csed/lib/python3.12/site-packages/sklearn/utils/_available_if.py", line 34, in _check
    raise AttributeError(attr_err_msg) from e
AttributeError: This 'SVC' has no attribute 'predict_proba'
2026-06-10 08:12:45,030 - ERROR - Error evaluating SVC with 6 RQs (X shape=(491, 6), y shape=(491,))
Traceback (most recent call last):
  File "/Users/daniperry/anaconda3/envs/csed/lib/python3.12/site-packages/sklearn/utils/_available_if.py", line 32, in _check
    check_result = self.check(obj)
                   ^^^^^^^^^^^^^^^
  File "/Users/daniperry/anaconda3/envs/csed/lib/python3.12/site-packages/sklearn/svm/_base.py", line 839, in _check_proba
    raise AttributeError(
AttributeError: predict_proba is not available when probability=False

The above exception was the direct cause of the following exception:

Traceback (most recent call last):
  File "/var/folders/pv/hg29j3j512d8wd_qw_8g3msw0000gn/T/ipykernel_6814/1497247354.py", line 23, in get_results_dict
    per_k_results = error_fn(
                    ^^^^^^^^^
  File "/var/folders/pv/hg29j3j512d8wd_qw_8g3msw0000gn/T/ipykernel_6814/336487549.py", line 36, in report_error_bin
    y_proba = clf.predict_proba(X_test)[:, 1]  # Probability for positive class
              ^^^^^^^^^^^^^^^^^
  File "/Users/daniperry/anaconda3/envs/csed/lib/python3.12/site-packages/sklearn/utils/_available_if.py", line 43, in __get__
    self._check(obj, owner=owner)
  File "/Users/daniperry/anaconda3/envs/csed/lib/python3.12/site-packages/sklearn/utils/_available_if.py", line 34, in _check
    raise AttributeError(attr_err_msg) from e
AttributeError: This 'SVC' has no attribute 'predict_proba'
2026-06-10 08:12:45,183 - ERROR - Error evaluating SVC with 7 RQs (X shape=(491, 7), y shape=(491,))
Traceback (most recent call last):
  File "/Users/daniperry/anaconda3/envs/csed/lib/python3.12/site-packages/sklearn/utils/_available_if.py", line 32, in _check
    check_result = self.check(obj)
                   ^^^^^^^^^^^^^^^
  File "/Users/daniperry/anaconda3/envs/csed/lib/python3.12/site-packages/sklearn/svm/_base.py", line 839, in _check_proba
    raise AttributeError(
AttributeError: predict_proba is not available when probability=False

The above exception was the direct cause of the following exception:

Traceback (most recent call last):
  File "/var/folders/pv/hg29j3j512d8wd_qw_8g3msw0000gn/T/ipykernel_6814/1497247354.py", line 23, in get_results_dict
    per_k_results = error_fn(
                    ^^^^^^^^^
  File "/var/folders/pv/hg29j3j512d8wd_qw_8g3msw0000gn/T/ipykernel_6814/336487549.py", line 36, in report_error_bin
    y_proba = clf.predict_proba(X_test)[:, 1]  # Probability for positive class
              ^^^^^^^^^^^^^^^^^
  File "/Users/daniperry/anaconda3/envs/csed/lib/python3.12/site-packages/sklearn/utils/_available_if.py", line 43, in __get__
    self._check(obj, owner=owner)
  File "/Users/daniperry/anaconda3/envs/csed/lib/python3.12/site-packages/sklearn/utils/_available_if.py", line 34, in _check
    raise AttributeError(attr_err_msg) from e
AttributeError: This 'SVC' has no attribute 'predict_proba'
2026-06-10 08:12:45,337 - ERROR - Error evaluating SVC with 8 RQs (X shape=(491, 8), y shape=(491,))
Traceback (most recent call last):
  File "/Users/daniperry/anaconda3/envs/csed/lib/python3.12/site-packages/sklearn/utils/_available_if.py", line 32, in _check
    check_result = self.check(obj)
                   ^^^^^^^^^^^^^^^
  File "/Users/daniperry/anaconda3/envs/csed/lib/python3.12/site-packages/sklearn/svm/_base.py", line 839, in _check_proba
    raise AttributeError(
AttributeError: predict_proba is not available when probability=False

The above exception was the direct cause of the following exception:

Traceback (most recent call last):
  File "/var/folders/pv/hg29j3j512d8wd_qw_8g3msw0000gn/T/ipykernel_6814/1497247354.py", line 23, in get_results_dict
    per_k_results = error_fn(
                    ^^^^^^^^^
  File "/var/folders/pv/hg29j3j512d8wd_qw_8g3msw0000gn/T/ipykernel_6814/336487549.py", line 36, in report_error_bin
    y_proba = clf.predict_proba(X_test)[:, 1]  # Probability for positive class
              ^^^^^^^^^^^^^^^^^
  File "/Users/daniperry/anaconda3/envs/csed/lib/python3.12/site-packages/sklearn/utils/_available_if.py", line 43, in __get__
    self._check(obj, owner=owner)
  File "/Users/daniperry/anaconda3/envs/csed/lib/python3.12/site-packages/sklearn/utils/_available_if.py", line 34, in _check
    raise AttributeError(attr_err_msg) from e
AttributeError: This 'SVC' has no attribute 'predict_proba'
2026-06-10 08:12:45,501 - ERROR - Error evaluating SVC with 9 RQs (X shape=(491, 9), y shape=(491,))
Traceback (most recent call last):
  File "/Users/daniperry/anaconda3/envs/csed/lib/python3.12/site-packages/sklearn/utils/_available_if.py", line 32, in _check
    check_result = self.check(obj)
                   ^^^^^^^^^^^^^^^
  File "/Users/daniperry/anaconda3/envs/csed/lib/python3.12/site-packages/sklearn/svm/_base.py", line 839, in _check_proba
    raise AttributeError(
AttributeError: predict_proba is not available when probability=False

The above exception was the direct cause of the following exception:

Traceback (most recent call last):
  File "/var/folders/pv/hg29j3j512d8wd_qw_8g3msw0000gn/T/ipykernel_6814/1497247354.py", line 23, in get_results_dict
    per_k_results = error_fn(
                    ^^^^^^^^^
  File "/var/folders/pv/hg29j3j512d8wd_qw_8g3msw0000gn/T/ipykernel_6814/336487549.py", line 36, in report_error_bin
    y_proba = clf.predict_proba(X_test)[:, 1]  # Probability for positive class
              ^^^^^^^^^^^^^^^^^
  File "/Users/daniperry/anaconda3/envs/csed/lib/python3.12/site-packages/sklearn/utils/_available_if.py", line 43, in __get__
    self._check(obj, owner=owner)
  File "/Users/daniperry/anaconda3/envs/csed/lib/python3.12/site-packages/sklearn/utils/_available_if.py", line 34, in _check
    raise AttributeError(attr_err_msg) from e
AttributeError: This 'SVC' has no attribute 'predict_proba'
2026-06-10 08:12:45,663 - ERROR - Error evaluating SVC with 10 RQs (X shape=(491, 10), y shape=(491,))
Traceback (most recent call last):
  File "/Users/daniperry/anaconda3/envs/csed/lib/python3.12/site-packages/sklearn/utils/_available_if.py", line 32, in _check
    check_result = self.check(obj)
                   ^^^^^^^^^^^^^^^
  File "/Users/daniperry/anaconda3/envs/csed/lib/python3.12/site-packages/sklearn/svm/_base.py", line 839, in _check_proba
    raise AttributeError(
AttributeError: predict_proba is not available when probability=False

The above exception was the direct cause of the following exception:

Traceback (most recent call last):
  File "/var/folders/pv/hg29j3j512d8wd_qw_8g3msw0000gn/T/ipykernel_6814/1497247354.py", line 23, in get_results_dict
    per_k_results = error_fn(
                    ^^^^^^^^^
  File "/var/folders/pv/hg29j3j512d8wd_qw_8g3msw0000gn/T/ipykernel_6814/336487549.py", line 36, in report_error_bin
    y_proba = clf.predict_proba(X_test)[:, 1]  # Probability for positive class
              ^^^^^^^^^^^^^^^^^
  File "/Users/daniperry/anaconda3/envs/csed/lib/python3.12/site-packages/sklearn/utils/_available_if.py", line 43, in __get__
    self._check(obj, owner=owner)
  File "/Users/daniperry/anaconda3/envs/csed/lib/python3.12/site-packages/sklearn/utils/_available_if.py", line 34, in _check
    raise AttributeError(attr_err_msg) from e
AttributeError: This 'SVC' has no attribute 'predict_proba'
2026-06-10 08:12:45,821 - ERROR - Error evaluating SVC with 11 RQs (X shape=(491, 11), y shape=(491,))
Traceback (most recent call last):
  File "/Users/daniperry/anaconda3/envs/csed/lib/python3.12/site-packages/sklearn/utils/_available_if.py", line 32, in _check
    check_result = self.check(obj)
                   ^^^^^^^^^^^^^^^
  File "/Users/daniperry/anaconda3/envs/csed/lib/python3.12/site-packages/sklearn/svm/_base.py", line 839, in _check_proba
    raise AttributeError(
AttributeError: predict_proba is not available when probability=False

The above exception was the direct cause of the following exception:

Traceback (most recent call last):
  File "/var/folders/pv/hg29j3j512d8wd_qw_8g3msw0000gn/T/ipykernel_6814/1497247354.py", line 23, in get_results_dict
    per_k_results = error_fn(
                    ^^^^^^^^^
  File "/var/folders/pv/hg29j3j512d8wd_qw_8g3msw0000gn/T/ipykernel_6814/336487549.py", line 36, in report_error_bin
    y_proba = clf.predict_proba(X_test)[:, 1]  # Probability for positive class
              ^^^^^^^^^^^^^^^^^
  File "/Users/daniperry/anaconda3/envs/csed/lib/python3.12/site-packages/sklearn/utils/_available_if.py", line 43, in __get__
    self._check(obj, owner=owner)
  File "/Users/daniperry/anaconda3/envs/csed/lib/python3.12/site-packages/sklearn/utils/_available_if.py", line 34, in _check
    raise AttributeError(attr_err_msg) from e
AttributeError: This 'SVC' has no attribute 'predict_proba'
2026-06-10 08:12:45,984 - ERROR - Error evaluating SVC with 12 RQs (X shape=(491, 12), y shape=(491,))
Traceback (most recent call last):
  File "/Users/daniperry/anaconda3/envs/csed/lib/python3.12/site-packages/sklearn/utils/_available_if.py", line 32, in _check
    check_result = self.check(obj)
                   ^^^^^^^^^^^^^^^
  File "/Users/daniperry/anaconda3/envs/csed/lib/python3.12/site-packages/sklearn/svm/_base.py", line 839, in _check_proba
    raise AttributeError(
AttributeError: predict_proba is not available when probability=False

The above exception was the direct cause of the following exception:

Traceback (most recent call last):
  File "/var/folders/pv/hg29j3j512d8wd_qw_8g3msw0000gn/T/ipykernel_6814/1497247354.py", line 23, in get_results_dict
    per_k_results = error_fn(
                    ^^^^^^^^^
  File "/var/folders/pv/hg29j3j512d8wd_qw_8g3msw0000gn/T/ipykernel_6814/336487549.py", line 36, in report_error_bin
    y_proba = clf.predict_proba(X_test)[:, 1]  # Probability for positive class
              ^^^^^^^^^^^^^^^^^
  File "/Users/daniperry/anaconda3/envs/csed/lib/python3.12/site-packages/sklearn/utils/_available_if.py", line 43, in __get__
    self._check(obj, owner=owner)
  File "/Users/daniperry/anaconda3/envs/csed/lib/python3.12/site-packages/sklearn/utils/_available_if.py", line 34, in _check
    raise AttributeError(attr_err_msg) from e
AttributeError: This 'SVC' has no attribute 'predict_proba'
2026-06-10 08:12:46,149 - ERROR - Error evaluating SVC with 13 RQs (X shape=(491, 13), y shape=(491,))
Traceback (most recent call last):
  File "/Users/daniperry/anaconda3/envs/csed/lib/python3.12/site-packages/sklearn/utils/_available_if.py", line 32, in _check
    check_result = self.check(obj)
                   ^^^^^^^^^^^^^^^
  File "/Users/daniperry/anaconda3/envs/csed/lib/python3.12/site-packages/sklearn/svm/_base.py", line 839, in _check_proba
    raise AttributeError(
AttributeError: predict_proba is not available when probability=False

The above exception was the direct cause of the following exception:

Traceback (most recent call last):
  File "/var/folders/pv/hg29j3j512d8wd_qw_8g3msw0000gn/T/ipykernel_6814/1497247354.py", line 23, in get_results_dict
    per_k_results = error_fn(
                    ^^^^^^^^^
  File "/var/folders/pv/hg29j3j512d8wd_qw_8g3msw0000gn/T/ipykernel_6814/336487549.py", line 36, in report_error_bin
    y_proba = clf.predict_proba(X_test)[:, 1]  # Probability for positive class
              ^^^^^^^^^^^^^^^^^
  File "/Users/daniperry/anaconda3/envs/csed/lib/python3.12/site-packages/sklearn/utils/_available_if.py", line 43, in __get__
    self._check(obj, owner=owner)
  File "/Users/daniperry/anaconda3/envs/csed/lib/python3.12/site-packages/sklearn/utils/_available_if.py", line 34, in _check
    raise AttributeError(attr_err_msg) from e
AttributeError: This 'SVC' has no attribute 'predict_proba'
2026-06-10 08:12:46,312 - ERROR - Error evaluating SVC with 14 RQs (X shape=(491, 14), y shape=(491,))
Traceback (most recent call last):
  File "/Users/daniperry/anaconda3/envs/csed/lib/python3.12/site-packages/sklearn/utils/_available_if.py", line 32, in _check
    check_result = self.check(obj)
                   ^^^^^^^^^^^^^^^
  File "/Users/daniperry/anaconda3/envs/csed/lib/python3.12/site-packages/sklearn/svm/_base.py", line 839, in _check_proba
    raise AttributeError(
AttributeError: predict_proba is not available when probability=False

The above exception was the direct cause of the following exception:

Traceback (most recent call last):
  File "/var/folders/pv/hg29j3j512d8wd_qw_8g3msw0000gn/T/ipykernel_6814/1497247354.py", line 23, in get_results_dict
    per_k_results = error_fn(
                    ^^^^^^^^^
  File "/var/folders/pv/hg29j3j512d8wd_qw_8g3msw0000gn/T/ipykernel_6814/336487549.py", line 36, in report_error_bin
    y_proba = clf.predict_proba(X_test)[:, 1]  # Probability for positive class
              ^^^^^^^^^^^^^^^^^
  File "/Users/daniperry/anaconda3/envs/csed/lib/python3.12/site-packages/sklearn/utils/_available_if.py", line 43, in __get__
    self._check(obj, owner=owner)
  File "/Users/daniperry/anaconda3/envs/csed/lib/python3.12/site-packages/sklearn/utils/_available_if.py", line 34, in _check
    raise AttributeError(attr_err_msg) from e
AttributeError: This 'SVC' has no attribute 'predict_proba'
2026-06-10 08:12:46,479 - ERROR - Error evaluating SVC with 15 RQs (X shape=(491, 15), y shape=(491,))
Traceback (most recent call last):
  File "/Users/daniperry/anaconda3/envs/csed/lib/python3.12/site-packages/sklearn/utils/_available_if.py", line 32, in _check
    check_result = self.check(obj)
                   ^^^^^^^^^^^^^^^
  File "/Users/daniperry/anaconda3/envs/csed/lib/python3.12/site-packages/sklearn/svm/_base.py", line 839, in _check_proba
    raise AttributeError(
AttributeError: predict_proba is not available when probability=False

The above exception was the direct cause of the following exception:

Traceback (most recent call last):
  File "/var/folders/pv/hg29j3j512d8wd_qw_8g3msw0000gn/T/ipykernel_6814/1497247354.py", line 23, in get_results_dict
    per_k_results = error_fn(
                    ^^^^^^^^^
  File "/var/folders/pv/hg29j3j512d8wd_qw_8g3msw0000gn/T/ipykernel_6814/336487549.py", line 36, in report_error_bin
    y_proba = clf.predict_proba(X_test)[:, 1]  # Probability for positive class
              ^^^^^^^^^^^^^^^^^
  File "/Users/daniperry/anaconda3/envs/csed/lib/python3.12/site-packages/sklearn/utils/_available_if.py", line 43, in __get__
    self._check(obj, owner=owner)
  File "/Users/daniperry/anaconda3/envs/csed/lib/python3.12/site-packages/sklearn/utils/_available_if.py", line 34, in _check
    raise AttributeError(attr_err_msg) from e
AttributeError: This 'SVC' has no attribute 'predict_proba'
2026-06-10 08:12:46,644 - ERROR - Error evaluating SVC with 16 RQs (X shape=(491, 16), y shape=(491,))
Traceback (most recent call last):
  File "/Users/daniperry/anaconda3/envs/csed/lib/python3.12/site-packages/sklearn/utils/_available_if.py", line 32, in _check
    check_result = self.check(obj)
                   ^^^^^^^^^^^^^^^
  File "/Users/daniperry/anaconda3/envs/csed/lib/python3.12/site-packages/sklearn/svm/_base.py", line 839, in _check_proba
    raise AttributeError(
AttributeError: predict_proba is not available when probability=False

The above exception was the direct cause of the following exception:

Traceback (most recent call last):
  File "/var/folders/pv/hg29j3j512d8wd_qw_8g3msw0000gn/T/ipykernel_6814/1497247354.py", line 23, in get_results_dict
    per_k_results = error_fn(
                    ^^^^^^^^^
  File "/var/folders/pv/hg29j3j512d8wd_qw_8g3msw0000gn/T/ipykernel_6814/336487549.py", line 36, in report_error_bin
    y_proba = clf.predict_proba(X_test)[:, 1]  # Probability for positive class
              ^^^^^^^^^^^^^^^^^
  File "/Users/daniperry/anaconda3/envs/csed/lib/python3.12/site-packages/sklearn/utils/_available_if.py", line 43, in __get__
    self._check(obj, owner=owner)
  File "/Users/daniperry/anaconda3/envs/csed/lib/python3.12/site-packages/sklearn/utils/_available_if.py", line 34, in _check
    raise AttributeError(attr_err_msg) from e
AttributeError: This 'SVC' has no attribute 'predict_proba'
2026-06-10 08:12:46,810 - ERROR - Error evaluating SVC with 17 RQs (X shape=(491, 17), y shape=(491,))
Traceback (most recent call last):
  File "/Users/daniperry/anaconda3/envs/csed/lib/python3.12/site-packages/sklearn/utils/_available_if.py", line 32, in _check
    check_result = self.check(obj)
                   ^^^^^^^^^^^^^^^
  File "/Users/daniperry/anaconda3/envs/csed/lib/python3.12/site-packages/sklearn/svm/_base.py", line 839, in _check_proba
    raise AttributeError(
AttributeError: predict_proba is not available when probability=False

The above exception was the direct cause of the following exception:

Traceback (most recent call last):
  File "/var/folders/pv/hg29j3j512d8wd_qw_8g3msw0000gn/T/ipykernel_6814/1497247354.py", line 23, in get_results_dict
    per_k_results = error_fn(
                    ^^^^^^^^^
  File "/var/folders/pv/hg29j3j512d8wd_qw_8g3msw0000gn/T/ipykernel_6814/336487549.py", line 36, in report_error_bin
    y_proba = clf.predict_proba(X_test)[:, 1]  # Probability for positive class
              ^^^^^^^^^^^^^^^^^
  File "/Users/daniperry/anaconda3/envs/csed/lib/python3.12/site-packages/sklearn/utils/_available_if.py", line 43, in __get__
    self._check(obj, owner=owner)
  File "/Users/daniperry/anaconda3/envs/csed/lib/python3.12/site-packages/sklearn/utils/_available_if.py", line 34, in _check
    raise AttributeError(attr_err_msg) from e
AttributeError: This 'SVC' has no attribute 'predict_proba'
2026-06-10 08:12:46,978 - ERROR - Error evaluating SVC with 18 RQs (X shape=(491, 18), y shape=(491,))
Traceback (most recent call last):
  File "/Users/daniperry/anaconda3/envs/csed/lib/python3.12/site-packages/sklearn/utils/_available_if.py", line 32, in _check
    check_result = self.check(obj)
                   ^^^^^^^^^^^^^^^
  File "/Users/daniperry/anaconda3/envs/csed/lib/python3.12/site-packages/sklearn/svm/_base.py", line 839, in _check_proba
    raise AttributeError(
AttributeError: predict_proba is not available when probability=False

The above exception was the direct cause of the following exception:

Traceback (most recent call last):
  File "/var/folders/pv/hg29j3j512d8wd_qw_8g3msw0000gn/T/ipykernel_6814/1497247354.py", line 23, in get_results_dict
    per_k_results = error_fn(
                    ^^^^^^^^^
  File "/var/folders/pv/hg29j3j512d8wd_qw_8g3msw0000gn/T/ipykernel_6814/336487549.py", line 36, in report_error_bin
    y_proba = clf.predict_proba(X_test)[:, 1]  # Probability for positive class
              ^^^^^^^^^^^^^^^^^
  File "/Users/daniperry/anaconda3/envs/csed/lib/python3.12/site-packages/sklearn/utils/_available_if.py", line 43, in __get__
    self._check(obj, owner=owner)
  File "/Users/daniperry/anaconda3/envs/csed/lib/python3.12/site-packages/sklearn/utils/_available_if.py", line 34, in _check
    raise AttributeError(attr_err_msg) from e
AttributeError: This 'SVC' has no attribute 'predict_proba'
2026-06-10 08:12:47,150 - ERROR - Error evaluating SVC with 19 RQs (X shape=(491, 19), y shape=(491,))
Traceback (most recent call last):
  File "/Users/daniperry/anaconda3/envs/csed/lib/python3.12/site-packages/sklearn/utils/_available_if.py", line 32, in _check
    check_result = self.check(obj)
                   ^^^^^^^^^^^^^^^
  File "/Users/daniperry/anaconda3/envs/csed/lib/python3.12/site-packages/sklearn/svm/_base.py", line 839, in _check_proba
    raise AttributeError(
AttributeError: predict_proba is not available when probability=False

The above exception was the direct cause of the following exception:

Traceback (most recent call last):
  File "/var/folders/pv/hg29j3j512d8wd_qw_8g3msw0000gn/T/ipykernel_6814/1497247354.py", line 23, in get_results_dict
    per_k_results = error_fn(
                    ^^^^^^^^^
  File "/var/folders/pv/hg29j3j512d8wd_qw_8g3msw0000gn/T/ipykernel_6814/336487549.py", line 36, in report_error_bin
    y_proba = clf.predict_proba(X_test)[:, 1]  # Probability for positive class
              ^^^^^^^^^^^^^^^^^
  File "/Users/daniperry/anaconda3/envs/csed/lib/python3.12/site-packages/sklearn/utils/_available_if.py", line 43, in __get__
    self._check(obj, owner=owner)
  File "/Users/daniperry/anaconda3/envs/csed/lib/python3.12/site-packages/sklearn/utils/_available_if.py", line 34, in _check
    raise AttributeError(attr_err_msg) from e
AttributeError: This 'SVC' has no attribute 'predict_proba'
2026-06-10 08:12:47,318 - ERROR - Error evaluating SVC with 20 RQs (X shape=(491, 20), y shape=(491,))
Traceback (most recent call last):
  File "/Users/daniperry/anaconda3/envs/csed/lib/python3.12/site-packages/sklearn/utils/_available_if.py", line 32, in _check
    check_result = self.check(obj)
                   ^^^^^^^^^^^^^^^
  File "/Users/daniperry/anaconda3/envs/csed/lib/python3.12/site-packages/sklearn/svm/_base.py", line 839, in _check_proba
    raise AttributeError(
AttributeError: predict_proba is not available when probability=False

The above exception was the direct cause of the following exception:

Traceback (most recent call last):
  File "/var/folders/pv/hg29j3j512d8wd_qw_8g3msw0000gn/T/ipykernel_6814/1497247354.py", line 23, in get_results_dict
    per_k_results = error_fn(
                    ^^^^^^^^^
  File "/var/folders/pv/hg29j3j512d8wd_qw_8g3msw0000gn/T/ipykernel_6814/336487549.py", line 36, in report_error_bin
    y_proba = clf.predict_proba(X_test)[:, 1]  # Probability for positive class
              ^^^^^^^^^^^^^^^^^
  File "/Users/daniperry/anaconda3/envs/csed/lib/python3.12/site-packages/sklearn/utils/_available_if.py", line 43, in __get__
    self._check(obj, owner=owner)
  File "/Users/daniperry/anaconda3/envs/csed/lib/python3.12/site-packages/sklearn/utils/_available_if.py", line 34, in _check
    raise AttributeError(attr_err_msg) from e
AttributeError: This 'SVC' has no attribute 'predict_proba'
2026-06-10 08:12:47,487 - ERROR - Error evaluating SVC with 21 RQs (X shape=(491, 21), y shape=(491,))
Traceback (most recent call last):
  File "/Users/daniperry/anaconda3/envs/csed/lib/python3.12/site-packages/sklearn/utils/_available_if.py", line 32, in _check
    check_result = self.check(obj)
                   ^^^^^^^^^^^^^^^
  File "/Users/daniperry/anaconda3/envs/csed/lib/python3.12/site-packages/sklearn/svm/_base.py", line 839, in _check_proba
    raise AttributeError(
AttributeError: predict_proba is not available when probability=False

The above exception was the direct cause of the following exception:

Traceback (most recent call last):
  File "/var/folders/pv/hg29j3j512d8wd_qw_8g3msw0000gn/T/ipykernel_6814/1497247354.py", line 23, in get_results_dict
    per_k_results = error_fn(
                    ^^^^^^^^^
  File "/var/folders/pv/hg29j3j512d8wd_qw_8g3msw0000gn/T/ipykernel_6814/336487549.py", line 36, in report_error_bin
    y_proba = clf.predict_proba(X_test)[:, 1]  # Probability for positive class
              ^^^^^^^^^^^^^^^^^
  File "/Users/daniperry/anaconda3/envs/csed/lib/python3.12/site-packages/sklearn/utils/_available_if.py", line 43, in __get__
    self._check(obj, owner=owner)
  File "/Users/daniperry/anaconda3/envs/csed/lib/python3.12/site-packages/sklearn/utils/_available_if.py", line 34, in _check
    raise AttributeError(attr_err_msg) from e
AttributeError: This 'SVC' has no attribute 'predict_proba'
2026-06-10 08:12:47,657 - ERROR - Error evaluating SVC with 22 RQs (X shape=(491, 22), y shape=(491,))
Traceback (most recent call last):
  File "/Users/daniperry/anaconda3/envs/csed/lib/python3.12/site-packages/sklearn/utils/_available_if.py", line 32, in _check
    check_result = self.check(obj)
                   ^^^^^^^^^^^^^^^
  File "/Users/daniperry/anaconda3/envs/csed/lib/python3.12/site-packages/sklearn/svm/_base.py", line 839, in _check_proba
    raise AttributeError(
AttributeError: predict_proba is not available when probability=False

The above exception was the direct cause of the following exception:

Traceback (most recent call last):
  File "/var/folders/pv/hg29j3j512d8wd_qw_8g3msw0000gn/T/ipykernel_6814/1497247354.py", line 23, in get_results_dict
    per_k_results = error_fn(
                    ^^^^^^^^^
  File "/var/folders/pv/hg29j3j512d8wd_qw_8g3msw0000gn/T/ipykernel_6814/336487549.py", line 36, in report_error_bin
    y_proba = clf.predict_proba(X_test)[:, 1]  # Probability for positive class
              ^^^^^^^^^^^^^^^^^
  File "/Users/daniperry/anaconda3/envs/csed/lib/python3.12/site-packages/sklearn/utils/_available_if.py", line 43, in __get__
    self._check(obj, owner=owner)
  File "/Users/daniperry/anaconda3/envs/csed/lib/python3.12/site-packages/sklearn/utils/_available_if.py", line 34, in _check
    raise AttributeError(attr_err_msg) from e
AttributeError: This 'SVC' has no attribute 'predict_proba'
2026-06-10 08:12:47,829 - ERROR - Error evaluating SVC with 23 RQs (X shape=(491, 23), y shape=(491,))
Traceback (most recent call last):
  File "/Users/daniperry/anaconda3/envs/csed/lib/python3.12/site-packages/sklearn/utils/_available_if.py", line 32, in _check
    check_result = self.check(obj)
                   ^^^^^^^^^^^^^^^
  File "/Users/daniperry/anaconda3/envs/csed/lib/python3.12/site-packages/sklearn/svm/_base.py", line 839, in _check_proba
    raise AttributeError(
AttributeError: predict_proba is not available when probability=False

The above exception was the direct cause of the following exception:

Traceback (most recent call last):
  File "/var/folders/pv/hg29j3j512d8wd_qw_8g3msw0000gn/T/ipykernel_6814/1497247354.py", line 23, in get_results_dict
    per_k_results = error_fn(
                    ^^^^^^^^^
  File "/var/folders/pv/hg29j3j512d8wd_qw_8g3msw0000gn/T/ipykernel_6814/336487549.py", line 36, in report_error_bin
    y_proba = clf.predict_proba(X_test)[:, 1]  # Probability for positive class
              ^^^^^^^^^^^^^^^^^
  File "/Users/daniperry/anaconda3/envs/csed/lib/python3.12/site-packages/sklearn/utils/_available_if.py", line 43, in __get__
    self._check(obj, owner=owner)
  File "/Users/daniperry/anaconda3/envs/csed/lib/python3.12/site-packages/sklearn/utils/_available_if.py", line 34, in _check
    raise AttributeError(attr_err_msg) from e
AttributeError: This 'SVC' has no attribute 'predict_proba'
2026-06-10 08:12:48,002 - ERROR - Error evaluating SVC with 24 RQs (X shape=(491, 24), y shape=(491,))
Traceback (most recent call last):
  File "/Users/daniperry/anaconda3/envs/csed/lib/python3.12/site-packages/sklearn/utils/_available_if.py", line 32, in _check
    check_result = self.check(obj)
                   ^^^^^^^^^^^^^^^
  File "/Users/daniperry/anaconda3/envs/csed/lib/python3.12/site-packages/sklearn/svm/_base.py", line 839, in _check_proba
    raise AttributeError(
AttributeError: predict_proba is not available when probability=False

The above exception was the direct cause of the following exception:

Traceback (most recent call last):
  File "/var/folders/pv/hg29j3j512d8wd_qw_8g3msw0000gn/T/ipykernel_6814/1497247354.py", line 23, in get_results_dict
    per_k_results = error_fn(
                    ^^^^^^^^^
  File "/var/folders/pv/hg29j3j512d8wd_qw_8g3msw0000gn/T/ipykernel_6814/336487549.py", line 36, in report_error_bin
    y_proba = clf.predict_proba(X_test)[:, 1]  # Probability for positive class
              ^^^^^^^^^^^^^^^^^
  File "/Users/daniperry/anaconda3/envs/csed/lib/python3.12/site-packages/sklearn/utils/_available_if.py", line 43, in __get__
    self._check(obj, owner=owner)
  File "/Users/daniperry/anaconda3/envs/csed/lib/python3.12/site-packages/sklearn/utils/_available_if.py", line 34, in _check
    raise AttributeError(attr_err_msg) from e
AttributeError: This 'SVC' has no attribute 'predict_proba'
2026-06-10 08:12:48,177 - ERROR - Error evaluating SVC with 25 RQs (X shape=(491, 25), y shape=(491,))
Traceback (most recent call last):
  File "/Users/daniperry/anaconda3/envs/csed/lib/python3.12/site-packages/sklearn/utils/_available_if.py", line 32, in _check
    check_result = self.check(obj)
                   ^^^^^^^^^^^^^^^
  File "/Users/daniperry/anaconda3/envs/csed/lib/python3.12/site-packages/sklearn/svm/_base.py", line 839, in _check_proba
    raise AttributeError(
AttributeError: predict_proba is not available when probability=False

The above exception was the direct cause of the following exception:

Traceback (most recent call last):
  File "/var/folders/pv/hg29j3j512d8wd_qw_8g3msw0000gn/T/ipykernel_6814/1497247354.py", line 23, in get_results_dict
    per_k_results = error_fn(
                    ^^^^^^^^^
  File "/var/folders/pv/hg29j3j512d8wd_qw_8g3msw0000gn/T/ipykernel_6814/336487549.py", line 36, in report_error_bin
    y_proba = clf.predict_proba(X_test)[:, 1]  # Probability for positive class
              ^^^^^^^^^^^^^^^^^
  File "/Users/daniperry/anaconda3/envs/csed/lib/python3.12/site-packages/sklearn/utils/_available_if.py", line 43, in __get__
    self._check(obj, owner=owner)
  File "/Users/daniperry/anaconda3/envs/csed/lib/python3.12/site-packages/sklearn/utils/_available_if.py", line 34, in _check
    raise AttributeError(attr_err_msg) from e
AttributeError: This 'SVC' has no attribute 'predict_proba'
2026-06-10 08:12:48,178 - INFO - Evaluating SelfTrainingClassifier...
2026-06-10 08:12:48,180 - ERROR - Error evaluating SelfTrainingClassifier with 1 RQs (X shape=(491, 1), y shape=(491,))
Traceback (most recent call last):
  File "/Users/daniperry/anaconda3/envs/csed/lib/python3.12/site-packages/sklearn/utils/_tags.py", line 275, in get_tags
    tags = estimator.__sklearn_tags__()
           ^^^^^^^^^^^^^^^^^^^^^^^^^^
AttributeError: 'NoneType' object has no attribute '__sklearn_tags__'

During handling of the above exception, another exception occurred:

Traceback (most recent call last):
  File "/Users/daniperry/anaconda3/envs/csed/lib/python3.12/site-packages/sklearn/utils/_tags.py", line 275, in get_tags
    tags = estimator.__sklearn_tags__()
           ^^^^^^^^^^^^^^^^^^^^^^^^^^^^
  File "/Users/daniperry/anaconda3/envs/csed/lib/python3.12/site-packages/sklearn/semi_supervised/_self_training.py", line 579, in __sklearn_tags__
    tags.input_tags.sparse = get_tags(self.estimator).input_tags.sparse
                             ^^^^^^^^^^^^^^^^^^^^^^^^
  File "/Users/daniperry/anaconda3/envs/csed/lib/python3.12/site-packages/sklearn/utils/_tags.py", line 283, in get_tags
    raise AttributeError(
AttributeError: The following error was raised: 'NoneType' object has no attribute '__sklearn_tags__'. It seems that there are no classes that implement `__sklearn_tags__` in the MRO and/or all classes in the MRO call `super().__sklearn_tags__()`. Make sure to inherit from `BaseEstimator` which implements `__sklearn_tags__` (or alternatively define `__sklearn_tags__` but we don't recommend this approach). Note that `BaseEstimator` needs to be on the right side of other Mixins in the inheritance order.

During handling of the above exception, another exception occurred:

Traceback (most recent call last):
  File "/var/folders/pv/hg29j3j512d8wd_qw_8g3msw0000gn/T/ipykernel_6814/1497247354.py", line 23, in get_results_dict
    per_k_results = error_fn(
                    ^^^^^^^^^
  File "/var/folders/pv/hg29j3j512d8wd_qw_8g3msw0000gn/T/ipykernel_6814/336487549.py", line 25, in report_error_bin
    scores = cross_validate(
             ^^^^^^^^^^^^^^^
  File "/Users/daniperry/anaconda3/envs/csed/lib/python3.12/site-packages/sklearn/utils/_param_validation.py", line 218, in wrapper
    return func(*args, **kwargs)
           ^^^^^^^^^^^^^^^^^^^^^
  File "/Users/daniperry/anaconda3/envs/csed/lib/python3.12/site-packages/sklearn/model_selection/_validation.py", line 320, in cross_validate
    cv = check_cv(cv, y, classifier=is_classifier(estimator))
                                    ^^^^^^^^^^^^^^^^^^^^^^^^
  File "/Users/daniperry/anaconda3/envs/csed/lib/python3.12/site-packages/sklearn/base.py", line 1211, in is_classifier
    return get_tags(estimator).estimator_type == "classifier"
           ^^^^^^^^^^^^^^^^^^^
  File "/Users/daniperry/anaconda3/envs/csed/lib/python3.12/site-packages/sklearn/utils/_tags.py", line 283, in get_tags
    raise AttributeError(
AttributeError: The following error was raised: The following error was raised: 'NoneType' object has no attribute '__sklearn_tags__'. It seems that there are no classes that implement `__sklearn_tags__` in the MRO and/or all classes in the MRO call `super().__sklearn_tags__()`. Make sure to inherit from `BaseEstimator` which implements `__sklearn_tags__` (or alternatively define `__sklearn_tags__` but we don't recommend this approach). Note that `BaseEstimator` needs to be on the right side of other Mixins in the inheritance order.. It seems that there are no classes that implement `__sklearn_tags__` in the MRO and/or all classes in the MRO call `super().__sklearn_tags__()`. Make sure to inherit from `BaseEstimator` which implements `__sklearn_tags__` (or alternatively define `__sklearn_tags__` but we don't recommend this approach). Note that `BaseEstimator` needs to be on the right side of other Mixins in the inheritance order.
2026-06-10 08:12:48,186 - ERROR - Error evaluating SelfTrainingClassifier with 2 RQs (X shape=(491, 2), y shape=(491,))
Traceback (most recent call last):
  File "/Users/daniperry/anaconda3/envs/csed/lib/python3.12/site-packages/sklearn/utils/_tags.py", line 275, in get_tags
    tags = estimator.__sklearn_tags__()
           ^^^^^^^^^^^^^^^^^^^^^^^^^^
AttributeError: 'NoneType' object has no attribute '__sklearn_tags__'

During handling of the above exception, another exception occurred:

Traceback (most recent call last):
  File "/Users/daniperry/anaconda3/envs/csed/lib/python3.12/site-packages/sklearn/utils/_tags.py", line 275, in get_tags
    tags = estimator.__sklearn_tags__()
           ^^^^^^^^^^^^^^^^^^^^^^^^^^^^
  File "/Users/daniperry/anaconda3/envs/csed/lib/python3.12/site-packages/sklearn/semi_supervised/_self_training.py", line 579, in __sklearn_tags__
    tags.input_tags.sparse = get_tags(self.estimator).input_tags.sparse
                             ^^^^^^^^^^^^^^^^^^^^^^^^
  File "/Users/daniperry/anaconda3/envs/csed/lib/python3.12/site-packages/sklearn/utils/_tags.py", line 283, in get_tags
    raise AttributeError(
AttributeError: The following error was raised: 'NoneType' object has no attribute '__sklearn_tags__'. It seems that there are no classes that implement `__sklearn_tags__` in the MRO and/or all classes in the MRO call `super().__sklearn_tags__()`. Make sure to inherit from `BaseEstimator` which implements `__sklearn_tags__` (or alternatively define `__sklearn_tags__` but we don't recommend this approach). Note that `BaseEstimator` needs to be on the right side of other Mixins in the inheritance order.

During handling of the above exception, another exception occurred:

Traceback (most recent call last):
  File "/var/folders/pv/hg29j3j512d8wd_qw_8g3msw0000gn/T/ipykernel_6814/1497247354.py", line 23, in get_results_dict
    per_k_results = error_fn(
                    ^^^^^^^^^
  File "/var/folders/pv/hg29j3j512d8wd_qw_8g3msw0000gn/T/ipykernel_6814/336487549.py", line 25, in report_error_bin
    scores = cross_validate(
             ^^^^^^^^^^^^^^^
  File "/Users/daniperry/anaconda3/envs/csed/lib/python3.12/site-packages/sklearn/utils/_param_validation.py", line 218, in wrapper
    return func(*args, **kwargs)
           ^^^^^^^^^^^^^^^^^^^^^
  File "/Users/daniperry/anaconda3/envs/csed/lib/python3.12/site-packages/sklearn/model_selection/_validation.py", line 320, in cross_validate
    cv = check_cv(cv, y, classifier=is_classifier(estimator))
                                    ^^^^^^^^^^^^^^^^^^^^^^^^
  File "/Users/daniperry/anaconda3/envs/csed/lib/python3.12/site-packages/sklearn/base.py", line 1211, in is_classifier
    return get_tags(estimator).estimator_type == "classifier"
           ^^^^^^^^^^^^^^^^^^^
  File "/Users/daniperry/anaconda3/envs/csed/lib/python3.12/site-packages/sklearn/utils/_tags.py", line 283, in get_tags
    raise AttributeError(
AttributeError: The following error was raised: The following error was raised: 'NoneType' object has no attribute '__sklearn_tags__'. It seems that there are no classes that implement `__sklearn_tags__` in the MRO and/or all classes in the MRO call `super().__sklearn_tags__()`. Make sure to inherit from `BaseEstimator` which implements `__sklearn_tags__` (or alternatively define `__sklearn_tags__` but we don't recommend this approach). Note that `BaseEstimator` needs to be on the right side of other Mixins in the inheritance order.. It seems that there are no classes that implement `__sklearn_tags__` in the MRO and/or all classes in the MRO call `super().__sklearn_tags__()`. Make sure to inherit from `BaseEstimator` which implements `__sklearn_tags__` (or alternatively define `__sklearn_tags__` but we don't recommend this approach). Note that `BaseEstimator` needs to be on the right side of other Mixins in the inheritance order.
2026-06-10 08:12:48,189 - ERROR - Error evaluating SelfTrainingClassifier with 3 RQs (X shape=(491, 3), y shape=(491,))
Traceback (most recent call last):
  File "/Users/daniperry/anaconda3/envs/csed/lib/python3.12/site-packages/sklearn/utils/_tags.py", line 275, in get_tags
    tags = estimator.__sklearn_tags__()
           ^^^^^^^^^^^^^^^^^^^^^^^^^^
AttributeError: 'NoneType' object has no attribute '__sklearn_tags__'

During handling of the above exception, another exception occurred:

Traceback (most recent call last):
  File "/Users/daniperry/anaconda3/envs/csed/lib/python3.12/site-packages/sklearn/utils/_tags.py", line 275, in get_tags
    tags = estimator.__sklearn_tags__()
           ^^^^^^^^^^^^^^^^^^^^^^^^^^^^
  File "/Users/daniperry/anaconda3/envs/csed/lib/python3.12/site-packages/sklearn/semi_supervised/_self_training.py", line 579, in __sklearn_tags__
    tags.input_tags.sparse = get_tags(self.estimator).input_tags.sparse
                             ^^^^^^^^^^^^^^^^^^^^^^^^
  File "/Users/daniperry/anaconda3/envs/csed/lib/python3.12/site-packages/sklearn/utils/_tags.py", line 283, in get_tags
    raise AttributeError(
AttributeError: The following error was raised: 'NoneType' object has no attribute '__sklearn_tags__'. It seems that there are no classes that implement `__sklearn_tags__` in the MRO and/or all classes in the MRO call `super().__sklearn_tags__()`. Make sure to inherit from `BaseEstimator` which implements `__sklearn_tags__` (or alternatively define `__sklearn_tags__` but we don't recommend this approach). Note that `BaseEstimator` needs to be on the right side of other Mixins in the inheritance order.

During handling of the above exception, another exception occurred:

Traceback (most recent call last):
  File "/var/folders/pv/hg29j3j512d8wd_qw_8g3msw0000gn/T/ipykernel_6814/1497247354.py", line 23, in get_results_dict
    per_k_results = error_fn(
                    ^^^^^^^^^
  File "/var/folders/pv/hg29j3j512d8wd_qw_8g3msw0000gn/T/ipykernel_6814/336487549.py", line 25, in report_error_bin
    scores = cross_validate(
             ^^^^^^^^^^^^^^^
  File "/Users/daniperry/anaconda3/envs/csed/lib/python3.12/site-packages/sklearn/utils/_param_validation.py", line 218, in wrapper
    return func(*args, **kwargs)
           ^^^^^^^^^^^^^^^^^^^^^
  File "/Users/daniperry/anaconda3/envs/csed/lib/python3.12/site-packages/sklearn/model_selection/_validation.py", line 320, in cross_validate
    cv = check_cv(cv, y, classifier=is_classifier(estimator))
                                    ^^^^^^^^^^^^^^^^^^^^^^^^
  File "/Users/daniperry/anaconda3/envs/csed/lib/python3.12/site-packages/sklearn/base.py", line 1211, in is_classifier
    return get_tags(estimator).estimator_type == "classifier"
           ^^^^^^^^^^^^^^^^^^^
  File "/Users/daniperry/anaconda3/envs/csed/lib/python3.12/site-packages/sklearn/utils/_tags.py", line 283, in get_tags
    raise AttributeError(
AttributeError: The following error was raised: The following error was raised: 'NoneType' object has no attribute '__sklearn_tags__'. It seems that there are no classes that implement `__sklearn_tags__` in the MRO and/or all classes in the MRO call `super().__sklearn_tags__()`. Make sure to inherit from `BaseEstimator` which implements `__sklearn_tags__` (or alternatively define `__sklearn_tags__` but we don't recommend this approach). Note that `BaseEstimator` needs to be on the right side of other Mixins in the inheritance order.. It seems that there are no classes that implement `__sklearn_tags__` in the MRO and/or all classes in the MRO call `super().__sklearn_tags__()`. Make sure to inherit from `BaseEstimator` which implements `__sklearn_tags__` (or alternatively define `__sklearn_tags__` but we don't recommend this approach). Note that `BaseEstimator` needs to be on the right side of other Mixins in the inheritance order.
2026-06-10 08:12:48,192 - ERROR - Error evaluating SelfTrainingClassifier with 4 RQs (X shape=(491, 4), y shape=(491,))
Traceback (most recent call last):
  File "/Users/daniperry/anaconda3/envs/csed/lib/python3.12/site-packages/sklearn/utils/_tags.py", line 275, in get_tags
    tags = estimator.__sklearn_tags__()
           ^^^^^^^^^^^^^^^^^^^^^^^^^^
AttributeError: 'NoneType' object has no attribute '__sklearn_tags__'

During handling of the above exception, another exception occurred:

Traceback (most recent call last):
  File "/Users/daniperry/anaconda3/envs/csed/lib/python3.12/site-packages/sklearn/utils/_tags.py", line 275, in get_tags
    tags = estimator.__sklearn_tags__()
           ^^^^^^^^^^^^^^^^^^^^^^^^^^^^
  File "/Users/daniperry/anaconda3/envs/csed/lib/python3.12/site-packages/sklearn/semi_supervised/_self_training.py", line 579, in __sklearn_tags__
    tags.input_tags.sparse = get_tags(self.estimator).input_tags.sparse
                             ^^^^^^^^^^^^^^^^^^^^^^^^
  File "/Users/daniperry/anaconda3/envs/csed/lib/python3.12/site-packages/sklearn/utils/_tags.py", line 283, in get_tags
    raise AttributeError(
AttributeError: The following error was raised: 'NoneType' object has no attribute '__sklearn_tags__'. It seems that there are no classes that implement `__sklearn_tags__` in the MRO and/or all classes in the MRO call `super().__sklearn_tags__()`. Make sure to inherit from `BaseEstimator` which implements `__sklearn_tags__` (or alternatively define `__sklearn_tags__` but we don't recommend this approach). Note that `BaseEstimator` needs to be on the right side of other Mixins in the inheritance order.

During handling of the above exception, another exception occurred:

Traceback (most recent call last):
  File "/var/folders/pv/hg29j3j512d8wd_qw_8g3msw0000gn/T/ipykernel_6814/1497247354.py", line 23, in get_results_dict
    per_k_results = error_fn(
                    ^^^^^^^^^
  File "/var/folders/pv/hg29j3j512d8wd_qw_8g3msw0000gn/T/ipykernel_6814/336487549.py", line 25, in report_error_bin
    scores = cross_validate(
             ^^^^^^^^^^^^^^^
  File "/Users/daniperry/anaconda3/envs/csed/lib/python3.12/site-packages/sklearn/utils/_param_validation.py", line 218, in wrapper
    return func(*args, **kwargs)
           ^^^^^^^^^^^^^^^^^^^^^
  File "/Users/daniperry/anaconda3/envs/csed/lib/python3.12/site-packages/sklearn/model_selection/_validation.py", line 320, in cross_validate
    cv = check_cv(cv, y, classifier=is_classifier(estimator))
                                    ^^^^^^^^^^^^^^^^^^^^^^^^
  File "/Users/daniperry/anaconda3/envs/csed/lib/python3.12/site-packages/sklearn/base.py", line 1211, in is_classifier
    return get_tags(estimator).estimator_type == "classifier"
           ^^^^^^^^^^^^^^^^^^^
  File "/Users/daniperry/anaconda3/envs/csed/lib/python3.12/site-packages/sklearn/utils/_tags.py", line 283, in get_tags
    raise AttributeError(
AttributeError: The following error was raised: The following error was raised: 'NoneType' object has no attribute '__sklearn_tags__'. It seems that there are no classes that implement `__sklearn_tags__` in the MRO and/or all classes in the MRO call `super().__sklearn_tags__()`. Make sure to inherit from `BaseEstimator` which implements `__sklearn_tags__` (or alternatively define `__sklearn_tags__` but we don't recommend this approach). Note that `BaseEstimator` needs to be on the right side of other Mixins in the inheritance order.. It seems that there are no classes that implement `__sklearn_tags__` in the MRO and/or all classes in the MRO call `super().__sklearn_tags__()`. Make sure to inherit from `BaseEstimator` which implements `__sklearn_tags__` (or alternatively define `__sklearn_tags__` but we don't recommend this approach). Note that `BaseEstimator` needs to be on the right side of other Mixins in the inheritance order.
2026-06-10 08:12:48,196 - ERROR - Error evaluating SelfTrainingClassifier with 5 RQs (X shape=(491, 5), y shape=(491,))
Traceback (most recent call last):
  File "/Users/daniperry/anaconda3/envs/csed/lib/python3.12/site-packages/sklearn/utils/_tags.py", line 275, in get_tags
    tags = estimator.__sklearn_tags__()
           ^^^^^^^^^^^^^^^^^^^^^^^^^^
AttributeError: 'NoneType' object has no attribute '__sklearn_tags__'

During handling of the above exception, another exception occurred:

Traceback (most recent call last):
  File "/Users/daniperry/anaconda3/envs/csed/lib/python3.12/site-packages/sklearn/utils/_tags.py", line 275, in get_tags
    tags = estimator.__sklearn_tags__()
           ^^^^^^^^^^^^^^^^^^^^^^^^^^^^
  File "/Users/daniperry/anaconda3/envs/csed/lib/python3.12/site-packages/sklearn/semi_supervised/_self_training.py", line 579, in __sklearn_tags__
    tags.input_tags.sparse = get_tags(self.estimator).input_tags.sparse
                             ^^^^^^^^^^^^^^^^^^^^^^^^
  File "/Users/daniperry/anaconda3/envs/csed/lib/python3.12/site-packages/sklearn/utils/_tags.py", line 283, in get_tags
    raise AttributeError(
AttributeError: The following error was raised: 'NoneType' object has no attribute '__sklearn_tags__'. It seems that there are no classes that implement `__sklearn_tags__` in the MRO and/or all classes in the MRO call `super().__sklearn_tags__()`. Make sure to inherit from `BaseEstimator` which implements `__sklearn_tags__` (or alternatively define `__sklearn_tags__` but we don't recommend this approach). Note that `BaseEstimator` needs to be on the right side of other Mixins in the inheritance order.

During handling of the above exception, another exception occurred:

Traceback (most recent call last):
  File "/var/folders/pv/hg29j3j512d8wd_qw_8g3msw0000gn/T/ipykernel_6814/1497247354.py", line 23, in get_results_dict
    per_k_results = error_fn(
                    ^^^^^^^^^
  File "/var/folders/pv/hg29j3j512d8wd_qw_8g3msw0000gn/T/ipykernel_6814/336487549.py", line 25, in report_error_bin
    scores = cross_validate(
             ^^^^^^^^^^^^^^^
  File "/Users/daniperry/anaconda3/envs/csed/lib/python3.12/site-packages/sklearn/utils/_param_validation.py", line 218, in wrapper
    return func(*args, **kwargs)
           ^^^^^^^^^^^^^^^^^^^^^
  File "/Users/daniperry/anaconda3/envs/csed/lib/python3.12/site-packages/sklearn/model_selection/_validation.py", line 320, in cross_validate
    cv = check_cv(cv, y, classifier=is_classifier(estimator))
                                    ^^^^^^^^^^^^^^^^^^^^^^^^
  File "/Users/daniperry/anaconda3/envs/csed/lib/python3.12/site-packages/sklearn/base.py", line 1211, in is_classifier
    return get_tags(estimator).estimator_type == "classifier"
           ^^^^^^^^^^^^^^^^^^^
  File "/Users/daniperry/anaconda3/envs/csed/lib/python3.12/site-packages/sklearn/utils/_tags.py", line 283, in get_tags
    raise AttributeError(
AttributeError: The following error was raised: The following error was raised: 'NoneType' object has no attribute '__sklearn_tags__'. It seems that there are no classes that implement `__sklearn_tags__` in the MRO and/or all classes in the MRO call `super().__sklearn_tags__()`. Make sure to inherit from `BaseEstimator` which implements `__sklearn_tags__` (or alternatively define `__sklearn_tags__` but we don't recommend this approach). Note that `BaseEstimator` needs to be on the right side of other Mixins in the inheritance order.. It seems that there are no classes that implement `__sklearn_tags__` in the MRO and/or all classes in the MRO call `super().__sklearn_tags__()`. Make sure to inherit from `BaseEstimator` which implements `__sklearn_tags__` (or alternatively define `__sklearn_tags__` but we don't recommend this approach). Note that `BaseEstimator` needs to be on the right side of other Mixins in the inheritance order.
2026-06-10 08:12:48,199 - ERROR - Error evaluating SelfTrainingClassifier with 6 RQs (X shape=(491, 6), y shape=(491,))
Traceback (most recent call last):
  File "/Users/daniperry/anaconda3/envs/csed/lib/python3.12/site-packages/sklearn/utils/_tags.py", line 275, in get_tags
    tags = estimator.__sklearn_tags__()
           ^^^^^^^^^^^^^^^^^^^^^^^^^^
AttributeError: 'NoneType' object has no attribute '__sklearn_tags__'

During handling of the above exception, another exception occurred:

Traceback (most recent call last):
  File "/Users/daniperry/anaconda3/envs/csed/lib/python3.12/site-packages/sklearn/utils/_tags.py", line 275, in get_tags
    tags = estimator.__sklearn_tags__()
           ^^^^^^^^^^^^^^^^^^^^^^^^^^^^
  File "/Users/daniperry/anaconda3/envs/csed/lib/python3.12/site-packages/sklearn/semi_supervised/_self_training.py", line 579, in __sklearn_tags__
    tags.input_tags.sparse = get_tags(self.estimator).input_tags.sparse
                             ^^^^^^^^^^^^^^^^^^^^^^^^
  File "/Users/daniperry/anaconda3/envs/csed/lib/python3.12/site-packages/sklearn/utils/_tags.py", line 283, in get_tags
    raise AttributeError(
AttributeError: The following error was raised: 'NoneType' object has no attribute '__sklearn_tags__'. It seems that there are no classes that implement `__sklearn_tags__` in the MRO and/or all classes in the MRO call `super().__sklearn_tags__()`. Make sure to inherit from `BaseEstimator` which implements `__sklearn_tags__` (or alternatively define `__sklearn_tags__` but we don't recommend this approach). Note that `BaseEstimator` needs to be on the right side of other Mixins in the inheritance order.

During handling of the above exception, another exception occurred:

Traceback (most recent call last):
  File "/var/folders/pv/hg29j3j512d8wd_qw_8g3msw0000gn/T/ipykernel_6814/1497247354.py", line 23, in get_results_dict
    per_k_results = error_fn(
                    ^^^^^^^^^
  File "/var/folders/pv/hg29j3j512d8wd_qw_8g3msw0000gn/T/ipykernel_6814/336487549.py", line 25, in report_error_bin
    scores = cross_validate(
             ^^^^^^^^^^^^^^^
  File "/Users/daniperry/anaconda3/envs/csed/lib/python3.12/site-packages/sklearn/utils/_param_validation.py", line 218, in wrapper
    return func(*args, **kwargs)
           ^^^^^^^^^^^^^^^^^^^^^
  File "/Users/daniperry/anaconda3/envs/csed/lib/python3.12/site-packages/sklearn/model_selection/_validation.py", line 320, in cross_validate
    cv = check_cv(cv, y, classifier=is_classifier(estimator))
                                    ^^^^^^^^^^^^^^^^^^^^^^^^
  File "/Users/daniperry/anaconda3/envs/csed/lib/python3.12/site-packages/sklearn/base.py", line 1211, in is_classifier
    return get_tags(estimator).estimator_type == "classifier"
           ^^^^^^^^^^^^^^^^^^^
  File "/Users/daniperry/anaconda3/envs/csed/lib/python3.12/site-packages/sklearn/utils/_tags.py", line 283, in get_tags
    raise AttributeError(
AttributeError: The following error was raised: The following error was raised: 'NoneType' object has no attribute '__sklearn_tags__'. It seems that there are no classes that implement `__sklearn_tags__` in the MRO and/or all classes in the MRO call `super().__sklearn_tags__()`. Make sure to inherit from `BaseEstimator` which implements `__sklearn_tags__` (or alternatively define `__sklearn_tags__` but we don't recommend this approach). Note that `BaseEstimator` needs to be on the right side of other Mixins in the inheritance order.. It seems that there are no classes that implement `__sklearn_tags__` in the MRO and/or all classes in the MRO call `super().__sklearn_tags__()`. Make sure to inherit from `BaseEstimator` which implements `__sklearn_tags__` (or alternatively define `__sklearn_tags__` but we don't recommend this approach). Note that `BaseEstimator` needs to be on the right side of other Mixins in the inheritance order.
2026-06-10 08:12:48,202 - ERROR - Error evaluating SelfTrainingClassifier with 7 RQs (X shape=(491, 7), y shape=(491,))
Traceback (most recent call last):
  File "/Users/daniperry/anaconda3/envs/csed/lib/python3.12/site-packages/sklearn/utils/_tags.py", line 275, in get_tags
    tags = estimator.__sklearn_tags__()
           ^^^^^^^^^^^^^^^^^^^^^^^^^^
AttributeError: 'NoneType' object has no attribute '__sklearn_tags__'

During handling of the above exception, another exception occurred:

Traceback (most recent call last):
  File "/Users/daniperry/anaconda3/envs/csed/lib/python3.12/site-packages/sklearn/utils/_tags.py", line 275, in get_tags
    tags = estimator.__sklearn_tags__()
           ^^^^^^^^^^^^^^^^^^^^^^^^^^^^
  File "/Users/daniperry/anaconda3/envs/csed/lib/python3.12/site-packages/sklearn/semi_supervised/_self_training.py", line 579, in __sklearn_tags__
    tags.input_tags.sparse = get_tags(self.estimator).input_tags.sparse
                             ^^^^^^^^^^^^^^^^^^^^^^^^
  File "/Users/daniperry/anaconda3/envs/csed/lib/python3.12/site-packages/sklearn/utils/_tags.py", line 283, in get_tags
    raise AttributeError(
AttributeError: The following error was raised: 'NoneType' object has no attribute '__sklearn_tags__'. It seems that there are no classes that implement `__sklearn_tags__` in the MRO and/or all classes in the MRO call `super().__sklearn_tags__()`. Make sure to inherit from `BaseEstimator` which implements `__sklearn_tags__` (or alternatively define `__sklearn_tags__` but we don't recommend this approach). Note that `BaseEstimator` needs to be on the right side of other Mixins in the inheritance order.

During handling of the above exception, another exception occurred:

Traceback (most recent call last):
  File "/var/folders/pv/hg29j3j512d8wd_qw_8g3msw0000gn/T/ipykernel_6814/1497247354.py", line 23, in get_results_dict
    per_k_results = error_fn(
                    ^^^^^^^^^
  File "/var/folders/pv/hg29j3j512d8wd_qw_8g3msw0000gn/T/ipykernel_6814/336487549.py", line 25, in report_error_bin
    scores = cross_validate(
             ^^^^^^^^^^^^^^^
  File "/Users/daniperry/anaconda3/envs/csed/lib/python3.12/site-packages/sklearn/utils/_param_validation.py", line 218, in wrapper
    return func(*args, **kwargs)
           ^^^^^^^^^^^^^^^^^^^^^
  File "/Users/daniperry/anaconda3/envs/csed/lib/python3.12/site-packages/sklearn/model_selection/_validation.py", line 320, in cross_validate
    cv = check_cv(cv, y, classifier=is_classifier(estimator))
                                    ^^^^^^^^^^^^^^^^^^^^^^^^
  File "/Users/daniperry/anaconda3/envs/csed/lib/python3.12/site-packages/sklearn/base.py", line 1211, in is_classifier
    return get_tags(estimator).estimator_type == "classifier"
           ^^^^^^^^^^^^^^^^^^^
  File "/Users/daniperry/anaconda3/envs/csed/lib/python3.12/site-packages/sklearn/utils/_tags.py", line 283, in get_tags
    raise AttributeError(
AttributeError: The following error was raised: The following error was raised: 'NoneType' object has no attribute '__sklearn_tags__'. It seems that there are no classes that implement `__sklearn_tags__` in the MRO and/or all classes in the MRO call `super().__sklearn_tags__()`. Make sure to inherit from `BaseEstimator` which implements `__sklearn_tags__` (or alternatively define `__sklearn_tags__` but we don't recommend this approach). Note that `BaseEstimator` needs to be on the right side of other Mixins in the inheritance order.. It seems that there are no classes that implement `__sklearn_tags__` in the MRO and/or all classes in the MRO call `super().__sklearn_tags__()`. Make sure to inherit from `BaseEstimator` which implements `__sklearn_tags__` (or alternatively define `__sklearn_tags__` but we don't recommend this approach). Note that `BaseEstimator` needs to be on the right side of other Mixins in the inheritance order.
2026-06-10 08:12:48,206 - ERROR - Error evaluating SelfTrainingClassifier with 8 RQs (X shape=(491, 8), y shape=(491,))
Traceback (most recent call last):
  File "/Users/daniperry/anaconda3/envs/csed/lib/python3.12/site-packages/sklearn/utils/_tags.py", line 275, in get_tags
    tags = estimator.__sklearn_tags__()
           ^^^^^^^^^^^^^^^^^^^^^^^^^^
AttributeError: 'NoneType' object has no attribute '__sklearn_tags__'

During handling of the above exception, another exception occurred:

Traceback (most recent call last):
  File "/Users/daniperry/anaconda3/envs/csed/lib/python3.12/site-packages/sklearn/utils/_tags.py", line 275, in get_tags
    tags = estimator.__sklearn_tags__()
           ^^^^^^^^^^^^^^^^^^^^^^^^^^^^
  File "/Users/daniperry/anaconda3/envs/csed/lib/python3.12/site-packages/sklearn/semi_supervised/_self_training.py", line 579, in __sklearn_tags__
    tags.input_tags.sparse = get_tags(self.estimator).input_tags.sparse
                             ^^^^^^^^^^^^^^^^^^^^^^^^
  File "/Users/daniperry/anaconda3/envs/csed/lib/python3.12/site-packages/sklearn/utils/_tags.py", line 283, in get_tags
    raise AttributeError(
AttributeError: The following error was raised: 'NoneType' object has no attribute '__sklearn_tags__'. It seems that there are no classes that implement `__sklearn_tags__` in the MRO and/or all classes in the MRO call `super().__sklearn_tags__()`. Make sure to inherit from `BaseEstimator` which implements `__sklearn_tags__` (or alternatively define `__sklearn_tags__` but we don't recommend this approach). Note that `BaseEstimator` needs to be on the right side of other Mixins in the inheritance order.

During handling of the above exception, another exception occurred:

Traceback (most recent call last):
  File "/var/folders/pv/hg29j3j512d8wd_qw_8g3msw0000gn/T/ipykernel_6814/1497247354.py", line 23, in get_results_dict
    per_k_results = error_fn(
                    ^^^^^^^^^
  File "/var/folders/pv/hg29j3j512d8wd_qw_8g3msw0000gn/T/ipykernel_6814/336487549.py", line 25, in report_error_bin
    scores = cross_validate(
             ^^^^^^^^^^^^^^^
  File "/Users/daniperry/anaconda3/envs/csed/lib/python3.12/site-packages/sklearn/utils/_param_validation.py", line 218, in wrapper
    return func(*args, **kwargs)
           ^^^^^^^^^^^^^^^^^^^^^
  File "/Users/daniperry/anaconda3/envs/csed/lib/python3.12/site-packages/sklearn/model_selection/_validation.py", line 320, in cross_validate
    cv = check_cv(cv, y, classifier=is_classifier(estimator))
                                    ^^^^^^^^^^^^^^^^^^^^^^^^
  File "/Users/daniperry/anaconda3/envs/csed/lib/python3.12/site-packages/sklearn/base.py", line 1211, in is_classifier
    return get_tags(estimator).estimator_type == "classifier"
           ^^^^^^^^^^^^^^^^^^^
  File "/Users/daniperry/anaconda3/envs/csed/lib/python3.12/site-packages/sklearn/utils/_tags.py", line 283, in get_tags
    raise AttributeError(
AttributeError: The following error was raised: The following error was raised: 'NoneType' object has no attribute '__sklearn_tags__'. It seems that there are no classes that implement `__sklearn_tags__` in the MRO and/or all classes in the MRO call `super().__sklearn_tags__()`. Make sure to inherit from `BaseEstimator` which implements `__sklearn_tags__` (or alternatively define `__sklearn_tags__` but we don't recommend this approach). Note that `BaseEstimator` needs to be on the right side of other Mixins in the inheritance order.. It seems that there are no classes that implement `__sklearn_tags__` in the MRO and/or all classes in the MRO call `super().__sklearn_tags__()`. Make sure to inherit from `BaseEstimator` which implements `__sklearn_tags__` (or alternatively define `__sklearn_tags__` but we don't recommend this approach). Note that `BaseEstimator` needs to be on the right side of other Mixins in the inheritance order.
2026-06-10 08:12:48,209 - ERROR - Error evaluating SelfTrainingClassifier with 9 RQs (X shape=(491, 9), y shape=(491,))
Traceback (most recent call last):
  File "/Users/daniperry/anaconda3/envs/csed/lib/python3.12/site-packages/sklearn/utils/_tags.py", line 275, in get_tags
    tags = estimator.__sklearn_tags__()
           ^^^^^^^^^^^^^^^^^^^^^^^^^^
AttributeError: 'NoneType' object has no attribute '__sklearn_tags__'

During handling of the above exception, another exception occurred:

Traceback (most recent call last):
  File "/Users/daniperry/anaconda3/envs/csed/lib/python3.12/site-packages/sklearn/utils/_tags.py", line 275, in get_tags
    tags = estimator.__sklearn_tags__()
           ^^^^^^^^^^^^^^^^^^^^^^^^^^^^
  File "/Users/daniperry/anaconda3/envs/csed/lib/python3.12/site-packages/sklearn/semi_supervised/_self_training.py", line 579, in __sklearn_tags__
    tags.input_tags.sparse = get_tags(self.estimator).input_tags.sparse
                             ^^^^^^^^^^^^^^^^^^^^^^^^
  File "/Users/daniperry/anaconda3/envs/csed/lib/python3.12/site-packages/sklearn/utils/_tags.py", line 283, in get_tags
    raise AttributeError(
AttributeError: The following error was raised: 'NoneType' object has no attribute '__sklearn_tags__'. It seems that there are no classes that implement `__sklearn_tags__` in the MRO and/or all classes in the MRO call `super().__sklearn_tags__()`. Make sure to inherit from `BaseEstimator` which implements `__sklearn_tags__` (or alternatively define `__sklearn_tags__` but we don't recommend this approach). Note that `BaseEstimator` needs to be on the right side of other Mixins in the inheritance order.

During handling of the above exception, another exception occurred:

Traceback (most recent call last):
  File "/var/folders/pv/hg29j3j512d8wd_qw_8g3msw0000gn/T/ipykernel_6814/1497247354.py", line 23, in get_results_dict
    per_k_results = error_fn(
                    ^^^^^^^^^
  File "/var/folders/pv/hg29j3j512d8wd_qw_8g3msw0000gn/T/ipykernel_6814/336487549.py", line 25, in report_error_bin
    scores = cross_validate(
             ^^^^^^^^^^^^^^^
  File "/Users/daniperry/anaconda3/envs/csed/lib/python3.12/site-packages/sklearn/utils/_param_validation.py", line 218, in wrapper
    return func(*args, **kwargs)
           ^^^^^^^^^^^^^^^^^^^^^
  File "/Users/daniperry/anaconda3/envs/csed/lib/python3.12/site-packages/sklearn/model_selection/_validation.py", line 320, in cross_validate
    cv = check_cv(cv, y, classifier=is_classifier(estimator))
                                    ^^^^^^^^^^^^^^^^^^^^^^^^
  File "/Users/daniperry/anaconda3/envs/csed/lib/python3.12/site-packages/sklearn/base.py", line 1211, in is_classifier
    return get_tags(estimator).estimator_type == "classifier"
           ^^^^^^^^^^^^^^^^^^^
  File "/Users/daniperry/anaconda3/envs/csed/lib/python3.12/site-packages/sklearn/utils/_tags.py", line 283, in get_tags
    raise AttributeError(
AttributeError: The following error was raised: The following error was raised: 'NoneType' object has no attribute '__sklearn_tags__'. It seems that there are no classes that implement `__sklearn_tags__` in the MRO and/or all classes in the MRO call `super().__sklearn_tags__()`. Make sure to inherit from `BaseEstimator` which implements `__sklearn_tags__` (or alternatively define `__sklearn_tags__` but we don't recommend this approach). Note that `BaseEstimator` needs to be on the right side of other Mixins in the inheritance order.. It seems that there are no classes that implement `__sklearn_tags__` in the MRO and/or all classes in the MRO call `super().__sklearn_tags__()`. Make sure to inherit from `BaseEstimator` which implements `__sklearn_tags__` (or alternatively define `__sklearn_tags__` but we don't recommend this approach). Note that `BaseEstimator` needs to be on the right side of other Mixins in the inheritance order.
2026-06-10 08:12:48,212 - ERROR - Error evaluating SelfTrainingClassifier with 10 RQs (X shape=(491, 10), y shape=(491,))
Traceback (most recent call last):
  File "/Users/daniperry/anaconda3/envs/csed/lib/python3.12/site-packages/sklearn/utils/_tags.py", line 275, in get_tags
    tags = estimator.__sklearn_tags__()
           ^^^^^^^^^^^^^^^^^^^^^^^^^^
AttributeError: 'NoneType' object has no attribute '__sklearn_tags__'

During handling of the above exception, another exception occurred:

Traceback (most recent call last):
  File "/Users/daniperry/anaconda3/envs/csed/lib/python3.12/site-packages/sklearn/utils/_tags.py", line 275, in get_tags
    tags = estimator.__sklearn_tags__()
           ^^^^^^^^^^^^^^^^^^^^^^^^^^^^
  File "/Users/daniperry/anaconda3/envs/csed/lib/python3.12/site-packages/sklearn/semi_supervised/_self_training.py", line 579, in __sklearn_tags__
    tags.input_tags.sparse = get_tags(self.estimator).input_tags.sparse
                             ^^^^^^^^^^^^^^^^^^^^^^^^
  File "/Users/daniperry/anaconda3/envs/csed/lib/python3.12/site-packages/sklearn/utils/_tags.py", line 283, in get_tags
    raise AttributeError(
AttributeError: The following error was raised: 'NoneType' object has no attribute '__sklearn_tags__'. It seems that there are no classes that implement `__sklearn_tags__` in the MRO and/or all classes in the MRO call `super().__sklearn_tags__()`. Make sure to inherit from `BaseEstimator` which implements `__sklearn_tags__` (or alternatively define `__sklearn_tags__` but we don't recommend this approach). Note that `BaseEstimator` needs to be on the right side of other Mixins in the inheritance order.

During handling of the above exception, another exception occurred:

Traceback (most recent call last):
  File "/var/folders/pv/hg29j3j512d8wd_qw_8g3msw0000gn/T/ipykernel_6814/1497247354.py", line 23, in get_results_dict
    per_k_results = error_fn(
                    ^^^^^^^^^
  File "/var/folders/pv/hg29j3j512d8wd_qw_8g3msw0000gn/T/ipykernel_6814/336487549.py", line 25, in report_error_bin
    scores = cross_validate(
             ^^^^^^^^^^^^^^^
  File "/Users/daniperry/anaconda3/envs/csed/lib/python3.12/site-packages/sklearn/utils/_param_validation.py", line 218, in wrapper
    return func(*args, **kwargs)
           ^^^^^^^^^^^^^^^^^^^^^
  File "/Users/daniperry/anaconda3/envs/csed/lib/python3.12/site-packages/sklearn/model_selection/_validation.py", line 320, in cross_validate
    cv = check_cv(cv, y, classifier=is_classifier(estimator))
                                    ^^^^^^^^^^^^^^^^^^^^^^^^
  File "/Users/daniperry/anaconda3/envs/csed/lib/python3.12/site-packages/sklearn/base.py", line 1211, in is_classifier
    return get_tags(estimator).estimator_type == "classifier"
           ^^^^^^^^^^^^^^^^^^^
  File "/Users/daniperry/anaconda3/envs/csed/lib/python3.12/site-packages/sklearn/utils/_tags.py", line 283, in get_tags
    raise AttributeError(
AttributeError: The following error was raised: The following error was raised: 'NoneType' object has no attribute '__sklearn_tags__'. It seems that there are no classes that implement `__sklearn_tags__` in the MRO and/or all classes in the MRO call `super().__sklearn_tags__()`. Make sure to inherit from `BaseEstimator` which implements `__sklearn_tags__` (or alternatively define `__sklearn_tags__` but we don't recommend this approach). Note that `BaseEstimator` needs to be on the right side of other Mixins in the inheritance order.. It seems that there are no classes that implement `__sklearn_tags__` in the MRO and/or all classes in the MRO call `super().__sklearn_tags__()`. Make sure to inherit from `BaseEstimator` which implements `__sklearn_tags__` (or alternatively define `__sklearn_tags__` but we don't recommend this approach). Note that `BaseEstimator` needs to be on the right side of other Mixins in the inheritance order.
2026-06-10 08:12:48,216 - ERROR - Error evaluating SelfTrainingClassifier with 11 RQs (X shape=(491, 11), y shape=(491,))
Traceback (most recent call last):
  File "/Users/daniperry/anaconda3/envs/csed/lib/python3.12/site-packages/sklearn/utils/_tags.py", line 275, in get_tags
    tags = estimator.__sklearn_tags__()
           ^^^^^^^^^^^^^^^^^^^^^^^^^^
AttributeError: 'NoneType' object has no attribute '__sklearn_tags__'

During handling of the above exception, another exception occurred:

Traceback (most recent call last):
  File "/Users/daniperry/anaconda3/envs/csed/lib/python3.12/site-packages/sklearn/utils/_tags.py", line 275, in get_tags
    tags = estimator.__sklearn_tags__()
           ^^^^^^^^^^^^^^^^^^^^^^^^^^^^
  File "/Users/daniperry/anaconda3/envs/csed/lib/python3.12/site-packages/sklearn/semi_supervised/_self_training.py", line 579, in __sklearn_tags__
    tags.input_tags.sparse = get_tags(self.estimator).input_tags.sparse
                             ^^^^^^^^^^^^^^^^^^^^^^^^
  File "/Users/daniperry/anaconda3/envs/csed/lib/python3.12/site-packages/sklearn/utils/_tags.py", line 283, in get_tags
    raise AttributeError(
AttributeError: The following error was raised: 'NoneType' object has no attribute '__sklearn_tags__'. It seems that there are no classes that implement `__sklearn_tags__` in the MRO and/or all classes in the MRO call `super().__sklearn_tags__()`. Make sure to inherit from `BaseEstimator` which implements `__sklearn_tags__` (or alternatively define `__sklearn_tags__` but we don't recommend this approach). Note that `BaseEstimator` needs to be on the right side of other Mixins in the inheritance order.

During handling of the above exception, another exception occurred:

Traceback (most recent call last):
  File "/var/folders/pv/hg29j3j512d8wd_qw_8g3msw0000gn/T/ipykernel_6814/1497247354.py", line 23, in get_results_dict
    per_k_results = error_fn(
                    ^^^^^^^^^
  File "/var/folders/pv/hg29j3j512d8wd_qw_8g3msw0000gn/T/ipykernel_6814/336487549.py", line 25, in report_error_bin
    scores = cross_validate(
             ^^^^^^^^^^^^^^^
  File "/Users/daniperry/anaconda3/envs/csed/lib/python3.12/site-packages/sklearn/utils/_param_validation.py", line 218, in wrapper
    return func(*args, **kwargs)
           ^^^^^^^^^^^^^^^^^^^^^
  File "/Users/daniperry/anaconda3/envs/csed/lib/python3.12/site-packages/sklearn/model_selection/_validation.py", line 320, in cross_validate
    cv = check_cv(cv, y, classifier=is_classifier(estimator))
                                    ^^^^^^^^^^^^^^^^^^^^^^^^
  File "/Users/daniperry/anaconda3/envs/csed/lib/python3.12/site-packages/sklearn/base.py", line 1211, in is_classifier
    return get_tags(estimator).estimator_type == "classifier"
           ^^^^^^^^^^^^^^^^^^^
  File "/Users/daniperry/anaconda3/envs/csed/lib/python3.12/site-packages/sklearn/utils/_tags.py", line 283, in get_tags
    raise AttributeError(
AttributeError: The following error was raised: The following error was raised: 'NoneType' object has no attribute '__sklearn_tags__'. It seems that there are no classes that implement `__sklearn_tags__` in the MRO and/or all classes in the MRO call `super().__sklearn_tags__()`. Make sure to inherit from `BaseEstimator` which implements `__sklearn_tags__` (or alternatively define `__sklearn_tags__` but we don't recommend this approach). Note that `BaseEstimator` needs to be on the right side of other Mixins in the inheritance order.. It seems that there are no classes that implement `__sklearn_tags__` in the MRO and/or all classes in the MRO call `super().__sklearn_tags__()`. Make sure to inherit from `BaseEstimator` which implements `__sklearn_tags__` (or alternatively define `__sklearn_tags__` but we don't recommend this approach). Note that `BaseEstimator` needs to be on the right side of other Mixins in the inheritance order.
2026-06-10 08:12:48,219 - ERROR - Error evaluating SelfTrainingClassifier with 12 RQs (X shape=(491, 12), y shape=(491,))
Traceback (most recent call last):
  File "/Users/daniperry/anaconda3/envs/csed/lib/python3.12/site-packages/sklearn/utils/_tags.py", line 275, in get_tags
    tags = estimator.__sklearn_tags__()
           ^^^^^^^^^^^^^^^^^^^^^^^^^^
AttributeError: 'NoneType' object has no attribute '__sklearn_tags__'

During handling of the above exception, another exception occurred:

Traceback (most recent call last):
  File "/Users/daniperry/anaconda3/envs/csed/lib/python3.12/site-packages/sklearn/utils/_tags.py", line 275, in get_tags
    tags = estimator.__sklearn_tags__()
           ^^^^^^^^^^^^^^^^^^^^^^^^^^^^
  File "/Users/daniperry/anaconda3/envs/csed/lib/python3.12/site-packages/sklearn/semi_supervised/_self_training.py", line 579, in __sklearn_tags__
    tags.input_tags.sparse = get_tags(self.estimator).input_tags.sparse
                             ^^^^^^^^^^^^^^^^^^^^^^^^
  File "/Users/daniperry/anaconda3/envs/csed/lib/python3.12/site-packages/sklearn/utils/_tags.py", line 283, in get_tags
    raise AttributeError(
AttributeError: The following error was raised: 'NoneType' object has no attribute '__sklearn_tags__'. It seems that there are no classes that implement `__sklearn_tags__` in the MRO and/or all classes in the MRO call `super().__sklearn_tags__()`. Make sure to inherit from `BaseEstimator` which implements `__sklearn_tags__` (or alternatively define `__sklearn_tags__` but we don't recommend this approach). Note that `BaseEstimator` needs to be on the right side of other Mixins in the inheritance order.

During handling of the above exception, another exception occurred:

Traceback (most recent call last):
  File "/var/folders/pv/hg29j3j512d8wd_qw_8g3msw0000gn/T/ipykernel_6814/1497247354.py", line 23, in get_results_dict
    per_k_results = error_fn(
                    ^^^^^^^^^
  File "/var/folders/pv/hg29j3j512d8wd_qw_8g3msw0000gn/T/ipykernel_6814/336487549.py", line 25, in report_error_bin
    scores = cross_validate(
             ^^^^^^^^^^^^^^^
  File "/Users/daniperry/anaconda3/envs/csed/lib/python3.12/site-packages/sklearn/utils/_param_validation.py", line 218, in wrapper
    return func(*args, **kwargs)
           ^^^^^^^^^^^^^^^^^^^^^
  File "/Users/daniperry/anaconda3/envs/csed/lib/python3.12/site-packages/sklearn/model_selection/_validation.py", line 320, in cross_validate
    cv = check_cv(cv, y, classifier=is_classifier(estimator))
                                    ^^^^^^^^^^^^^^^^^^^^^^^^
  File "/Users/daniperry/anaconda3/envs/csed/lib/python3.12/site-packages/sklearn/base.py", line 1211, in is_classifier
    return get_tags(estimator).estimator_type == "classifier"
           ^^^^^^^^^^^^^^^^^^^
  File "/Users/daniperry/anaconda3/envs/csed/lib/python3.12/site-packages/sklearn/utils/_tags.py", line 283, in get_tags
    raise AttributeError(
AttributeError: The following error was raised: The following error was raised: 'NoneType' object has no attribute '__sklearn_tags__'. It seems that there are no classes that implement `__sklearn_tags__` in the MRO and/or all classes in the MRO call `super().__sklearn_tags__()`. Make sure to inherit from `BaseEstimator` which implements `__sklearn_tags__` (or alternatively define `__sklearn_tags__` but we don't recommend this approach). Note that `BaseEstimator` needs to be on the right side of other Mixins in the inheritance order.. It seems that there are no classes that implement `__sklearn_tags__` in the MRO and/or all classes in the MRO call `super().__sklearn_tags__()`. Make sure to inherit from `BaseEstimator` which implements `__sklearn_tags__` (or alternatively define `__sklearn_tags__` but we don't recommend this approach). Note that `BaseEstimator` needs to be on the right side of other Mixins in the inheritance order.
2026-06-10 08:12:48,222 - ERROR - Error evaluating SelfTrainingClassifier with 13 RQs (X shape=(491, 13), y shape=(491,))
Traceback (most recent call last):
  File "/Users/daniperry/anaconda3/envs/csed/lib/python3.12/site-packages/sklearn/utils/_tags.py", line 275, in get_tags
    tags = estimator.__sklearn_tags__()
           ^^^^^^^^^^^^^^^^^^^^^^^^^^
AttributeError: 'NoneType' object has no attribute '__sklearn_tags__'

During handling of the above exception, another exception occurred:

Traceback (most recent call last):
  File "/Users/daniperry/anaconda3/envs/csed/lib/python3.12/site-packages/sklearn/utils/_tags.py", line 275, in get_tags
    tags = estimator.__sklearn_tags__()
           ^^^^^^^^^^^^^^^^^^^^^^^^^^^^
  File "/Users/daniperry/anaconda3/envs/csed/lib/python3.12/site-packages/sklearn/semi_supervised/_self_training.py", line 579, in __sklearn_tags__
    tags.input_tags.sparse = get_tags(self.estimator).input_tags.sparse
                             ^^^^^^^^^^^^^^^^^^^^^^^^
  File "/Users/daniperry/anaconda3/envs/csed/lib/python3.12/site-packages/sklearn/utils/_tags.py", line 283, in get_tags
    raise AttributeError(
AttributeError: The following error was raised: 'NoneType' object has no attribute '__sklearn_tags__'. It seems that there are no classes that implement `__sklearn_tags__` in the MRO and/or all classes in the MRO call `super().__sklearn_tags__()`. Make sure to inherit from `BaseEstimator` which implements `__sklearn_tags__` (or alternatively define `__sklearn_tags__` but we don't recommend this approach). Note that `BaseEstimator` needs to be on the right side of other Mixins in the inheritance order.

During handling of the above exception, another exception occurred:

Traceback (most recent call last):
  File "/var/folders/pv/hg29j3j512d8wd_qw_8g3msw0000gn/T/ipykernel_6814/1497247354.py", line 23, in get_results_dict
    per_k_results = error_fn(
                    ^^^^^^^^^
  File "/var/folders/pv/hg29j3j512d8wd_qw_8g3msw0000gn/T/ipykernel_6814/336487549.py", line 25, in report_error_bin
    scores = cross_validate(
             ^^^^^^^^^^^^^^^
  File "/Users/daniperry/anaconda3/envs/csed/lib/python3.12/site-packages/sklearn/utils/_param_validation.py", line 218, in wrapper
    return func(*args, **kwargs)
           ^^^^^^^^^^^^^^^^^^^^^
  File "/Users/daniperry/anaconda3/envs/csed/lib/python3.12/site-packages/sklearn/model_selection/_validation.py", line 320, in cross_validate
    cv = check_cv(cv, y, classifier=is_classifier(estimator))
                                    ^^^^^^^^^^^^^^^^^^^^^^^^
  File "/Users/daniperry/anaconda3/envs/csed/lib/python3.12/site-packages/sklearn/base.py", line 1211, in is_classifier
    return get_tags(estimator).estimator_type == "classifier"
           ^^^^^^^^^^^^^^^^^^^
  File "/Users/daniperry/anaconda3/envs/csed/lib/python3.12/site-packages/sklearn/utils/_tags.py", line 283, in get_tags
    raise AttributeError(
AttributeError: The following error was raised: The following error was raised: 'NoneType' object has no attribute '__sklearn_tags__'. It seems that there are no classes that implement `__sklearn_tags__` in the MRO and/or all classes in the MRO call `super().__sklearn_tags__()`. Make sure to inherit from `BaseEstimator` which implements `__sklearn_tags__` (or alternatively define `__sklearn_tags__` but we don't recommend this approach). Note that `BaseEstimator` needs to be on the right side of other Mixins in the inheritance order.. It seems that there are no classes that implement `__sklearn_tags__` in the MRO and/or all classes in the MRO call `super().__sklearn_tags__()`. Make sure to inherit from `BaseEstimator` which implements `__sklearn_tags__` (or alternatively define `__sklearn_tags__` but we don't recommend this approach). Note that `BaseEstimator` needs to be on the right side of other Mixins in the inheritance order.
2026-06-10 08:12:48,225 - ERROR - Error evaluating SelfTrainingClassifier with 14 RQs (X shape=(491, 14), y shape=(491,))
Traceback (most recent call last):
  File "/Users/daniperry/anaconda3/envs/csed/lib/python3.12/site-packages/sklearn/utils/_tags.py", line 275, in get_tags
    tags = estimator.__sklearn_tags__()
           ^^^^^^^^^^^^^^^^^^^^^^^^^^
AttributeError: 'NoneType' object has no attribute '__sklearn_tags__'

During handling of the above exception, another exception occurred:

Traceback (most recent call last):
  File "/Users/daniperry/anaconda3/envs/csed/lib/python3.12/site-packages/sklearn/utils/_tags.py", line 275, in get_tags
    tags = estimator.__sklearn_tags__()
           ^^^^^^^^^^^^^^^^^^^^^^^^^^^^
  File "/Users/daniperry/anaconda3/envs/csed/lib/python3.12/site-packages/sklearn/semi_supervised/_self_training.py", line 579, in __sklearn_tags__
    tags.input_tags.sparse = get_tags(self.estimator).input_tags.sparse
                             ^^^^^^^^^^^^^^^^^^^^^^^^
  File "/Users/daniperry/anaconda3/envs/csed/lib/python3.12/site-packages/sklearn/utils/_tags.py", line 283, in get_tags
    raise AttributeError(
AttributeError: The following error was raised: 'NoneType' object has no attribute '__sklearn_tags__'. It seems that there are no classes that implement `__sklearn_tags__` in the MRO and/or all classes in the MRO call `super().__sklearn_tags__()`. Make sure to inherit from `BaseEstimator` which implements `__sklearn_tags__` (or alternatively define `__sklearn_tags__` but we don't recommend this approach). Note that `BaseEstimator` needs to be on the right side of other Mixins in the inheritance order.

During handling of the above exception, another exception occurred:

Traceback (most recent call last):
  File "/var/folders/pv/hg29j3j512d8wd_qw_8g3msw0000gn/T/ipykernel_6814/1497247354.py", line 23, in get_results_dict
    per_k_results = error_fn(
                    ^^^^^^^^^
  File "/var/folders/pv/hg29j3j512d8wd_qw_8g3msw0000gn/T/ipykernel_6814/336487549.py", line 25, in report_error_bin
    scores = cross_validate(
             ^^^^^^^^^^^^^^^
  File "/Users/daniperry/anaconda3/envs/csed/lib/python3.12/site-packages/sklearn/utils/_param_validation.py", line 218, in wrapper
    return func(*args, **kwargs)
           ^^^^^^^^^^^^^^^^^^^^^
  File "/Users/daniperry/anaconda3/envs/csed/lib/python3.12/site-packages/sklearn/model_selection/_validation.py", line 320, in cross_validate
    cv = check_cv(cv, y, classifier=is_classifier(estimator))
                                    ^^^^^^^^^^^^^^^^^^^^^^^^
  File "/Users/daniperry/anaconda3/envs/csed/lib/python3.12/site-packages/sklearn/base.py", line 1211, in is_classifier
    return get_tags(estimator).estimator_type == "classifier"
           ^^^^^^^^^^^^^^^^^^^
  File "/Users/daniperry/anaconda3/envs/csed/lib/python3.12/site-packages/sklearn/utils/_tags.py", line 283, in get_tags
    raise AttributeError(
AttributeError: The following error was raised: The following error was raised: 'NoneType' object has no attribute '__sklearn_tags__'. It seems that there are no classes that implement `__sklearn_tags__` in the MRO and/or all classes in the MRO call `super().__sklearn_tags__()`. Make sure to inherit from `BaseEstimator` which implements `__sklearn_tags__` (or alternatively define `__sklearn_tags__` but we don't recommend this approach). Note that `BaseEstimator` needs to be on the right side of other Mixins in the inheritance order.. It seems that there are no classes that implement `__sklearn_tags__` in the MRO and/or all classes in the MRO call `super().__sklearn_tags__()`. Make sure to inherit from `BaseEstimator` which implements `__sklearn_tags__` (or alternatively define `__sklearn_tags__` but we don't recommend this approach). Note that `BaseEstimator` needs to be on the right side of other Mixins in the inheritance order.
2026-06-10 08:12:48,229 - ERROR - Error evaluating SelfTrainingClassifier with 15 RQs (X shape=(491, 15), y shape=(491,))
Traceback (most recent call last):
  File "/Users/daniperry/anaconda3/envs/csed/lib/python3.12/site-packages/sklearn/utils/_tags.py", line 275, in get_tags
    tags = estimator.__sklearn_tags__()
           ^^^^^^^^^^^^^^^^^^^^^^^^^^
AttributeError: 'NoneType' object has no attribute '__sklearn_tags__'

During handling of the above exception, another exception occurred:

Traceback (most recent call last):
  File "/Users/daniperry/anaconda3/envs/csed/lib/python3.12/site-packages/sklearn/utils/_tags.py", line 275, in get_tags
    tags = estimator.__sklearn_tags__()
           ^^^^^^^^^^^^^^^^^^^^^^^^^^^^
  File "/Users/daniperry/anaconda3/envs/csed/lib/python3.12/site-packages/sklearn/semi_supervised/_self_training.py", line 579, in __sklearn_tags__
    tags.input_tags.sparse = get_tags(self.estimator).input_tags.sparse
                             ^^^^^^^^^^^^^^^^^^^^^^^^
  File "/Users/daniperry/anaconda3/envs/csed/lib/python3.12/site-packages/sklearn/utils/_tags.py", line 283, in get_tags
    raise AttributeError(
AttributeError: The following error was raised: 'NoneType' object has no attribute '__sklearn_tags__'. It seems that there are no classes that implement `__sklearn_tags__` in the MRO and/or all classes in the MRO call `super().__sklearn_tags__()`. Make sure to inherit from `BaseEstimator` which implements `__sklearn_tags__` (or alternatively define `__sklearn_tags__` but we don't recommend this approach). Note that `BaseEstimator` needs to be on the right side of other Mixins in the inheritance order.

During handling of the above exception, another exception occurred:

Traceback (most recent call last):
  File "/var/folders/pv/hg29j3j512d8wd_qw_8g3msw0000gn/T/ipykernel_6814/1497247354.py", line 23, in get_results_dict
    per_k_results = error_fn(
                    ^^^^^^^^^
  File "/var/folders/pv/hg29j3j512d8wd_qw_8g3msw0000gn/T/ipykernel_6814/336487549.py", line 25, in report_error_bin
    scores = cross_validate(
             ^^^^^^^^^^^^^^^
  File "/Users/daniperry/anaconda3/envs/csed/lib/python3.12/site-packages/sklearn/utils/_param_validation.py", line 218, in wrapper
    return func(*args, **kwargs)
           ^^^^^^^^^^^^^^^^^^^^^
  File "/Users/daniperry/anaconda3/envs/csed/lib/python3.12/site-packages/sklearn/model_selection/_validation.py", line 320, in cross_validate
    cv = check_cv(cv, y, classifier=is_classifier(estimator))
                                    ^^^^^^^^^^^^^^^^^^^^^^^^
  File "/Users/daniperry/anaconda3/envs/csed/lib/python3.12/site-packages/sklearn/base.py", line 1211, in is_classifier
    return get_tags(estimator).estimator_type == "classifier"
           ^^^^^^^^^^^^^^^^^^^
  File "/Users/daniperry/anaconda3/envs/csed/lib/python3.12/site-packages/sklearn/utils/_tags.py", line 283, in get_tags
    raise AttributeError(
AttributeError: The following error was raised: The following error was raised: 'NoneType' object has no attribute '__sklearn_tags__'. It seems that there are no classes that implement `__sklearn_tags__` in the MRO and/or all classes in the MRO call `super().__sklearn_tags__()`. Make sure to inherit from `BaseEstimator` which implements `__sklearn_tags__` (or alternatively define `__sklearn_tags__` but we don't recommend this approach). Note that `BaseEstimator` needs to be on the right side of other Mixins in the inheritance order.. It seems that there are no classes that implement `__sklearn_tags__` in the MRO and/or all classes in the MRO call `super().__sklearn_tags__()`. Make sure to inherit from `BaseEstimator` which implements `__sklearn_tags__` (or alternatively define `__sklearn_tags__` but we don't recommend this approach). Note that `BaseEstimator` needs to be on the right side of other Mixins in the inheritance order.
2026-06-10 08:12:48,233 - ERROR - Error evaluating SelfTrainingClassifier with 16 RQs (X shape=(491, 16), y shape=(491,))
Traceback (most recent call last):
  File "/Users/daniperry/anaconda3/envs/csed/lib/python3.12/site-packages/sklearn/utils/_tags.py", line 275, in get_tags
    tags = estimator.__sklearn_tags__()
           ^^^^^^^^^^^^^^^^^^^^^^^^^^
AttributeError: 'NoneType' object has no attribute '__sklearn_tags__'

During handling of the above exception, another exception occurred:

Traceback (most recent call last):
  File "/Users/daniperry/anaconda3/envs/csed/lib/python3.12/site-packages/sklearn/utils/_tags.py", line 275, in get_tags
    tags = estimator.__sklearn_tags__()
           ^^^^^^^^^^^^^^^^^^^^^^^^^^^^
  File "/Users/daniperry/anaconda3/envs/csed/lib/python3.12/site-packages/sklearn/semi_supervised/_self_training.py", line 579, in __sklearn_tags__
    tags.input_tags.sparse = get_tags(self.estimator).input_tags.sparse
                             ^^^^^^^^^^^^^^^^^^^^^^^^
  File "/Users/daniperry/anaconda3/envs/csed/lib/python3.12/site-packages/sklearn/utils/_tags.py", line 283, in get_tags
    raise AttributeError(
AttributeError: The following error was raised: 'NoneType' object has no attribute '__sklearn_tags__'. It seems that there are no classes that implement `__sklearn_tags__` in the MRO and/or all classes in the MRO call `super().__sklearn_tags__()`. Make sure to inherit from `BaseEstimator` which implements `__sklearn_tags__` (or alternatively define `__sklearn_tags__` but we don't recommend this approach). Note that `BaseEstimator` needs to be on the right side of other Mixins in the inheritance order.

During handling of the above exception, another exception occurred:

Traceback (most recent call last):
  File "/var/folders/pv/hg29j3j512d8wd_qw_8g3msw0000gn/T/ipykernel_6814/1497247354.py", line 23, in get_results_dict
    per_k_results = error_fn(
                    ^^^^^^^^^
  File "/var/folders/pv/hg29j3j512d8wd_qw_8g3msw0000gn/T/ipykernel_6814/336487549.py", line 25, in report_error_bin
    scores = cross_validate(
             ^^^^^^^^^^^^^^^
  File "/Users/daniperry/anaconda3/envs/csed/lib/python3.12/site-packages/sklearn/utils/_param_validation.py", line 218, in wrapper
    return func(*args, **kwargs)
           ^^^^^^^^^^^^^^^^^^^^^
  File "/Users/daniperry/anaconda3/envs/csed/lib/python3.12/site-packages/sklearn/model_selection/_validation.py", line 320, in cross_validate
    cv = check_cv(cv, y, classifier=is_classifier(estimator))
                                    ^^^^^^^^^^^^^^^^^^^^^^^^
  File "/Users/daniperry/anaconda3/envs/csed/lib/python3.12/site-packages/sklearn/base.py", line 1211, in is_classifier
    return get_tags(estimator).estimator_type == "classifier"
           ^^^^^^^^^^^^^^^^^^^
  File "/Users/daniperry/anaconda3/envs/csed/lib/python3.12/site-packages/sklearn/utils/_tags.py", line 283, in get_tags
    raise AttributeError(
AttributeError: The following error was raised: The following error was raised: 'NoneType' object has no attribute '__sklearn_tags__'. It seems that there are no classes that implement `__sklearn_tags__` in the MRO and/or all classes in the MRO call `super().__sklearn_tags__()`. Make sure to inherit from `BaseEstimator` which implements `__sklearn_tags__` (or alternatively define `__sklearn_tags__` but we don't recommend this approach). Note that `BaseEstimator` needs to be on the right side of other Mixins in the inheritance order.. It seems that there are no classes that implement `__sklearn_tags__` in the MRO and/or all classes in the MRO call `super().__sklearn_tags__()`. Make sure to inherit from `BaseEstimator` which implements `__sklearn_tags__` (or alternatively define `__sklearn_tags__` but we don't recommend this approach). Note that `BaseEstimator` needs to be on the right side of other Mixins in the inheritance order.
2026-06-10 08:12:48,236 - ERROR - Error evaluating SelfTrainingClassifier with 17 RQs (X shape=(491, 17), y shape=(491,))
Traceback (most recent call last):
  File "/Users/daniperry/anaconda3/envs/csed/lib/python3.12/site-packages/sklearn/utils/_tags.py", line 275, in get_tags
    tags = estimator.__sklearn_tags__()
           ^^^^^^^^^^^^^^^^^^^^^^^^^^
AttributeError: 'NoneType' object has no attribute '__sklearn_tags__'

During handling of the above exception, another exception occurred:

Traceback (most recent call last):
  File "/Users/daniperry/anaconda3/envs/csed/lib/python3.12/site-packages/sklearn/utils/_tags.py", line 275, in get_tags
    tags = estimator.__sklearn_tags__()
           ^^^^^^^^^^^^^^^^^^^^^^^^^^^^
  File "/Users/daniperry/anaconda3/envs/csed/lib/python3.12/site-packages/sklearn/semi_supervised/_self_training.py", line 579, in __sklearn_tags__
    tags.input_tags.sparse = get_tags(self.estimator).input_tags.sparse
                             ^^^^^^^^^^^^^^^^^^^^^^^^
  File "/Users/daniperry/anaconda3/envs/csed/lib/python3.12/site-packages/sklearn/utils/_tags.py", line 283, in get_tags
    raise AttributeError(
AttributeError: The following error was raised: 'NoneType' object has no attribute '__sklearn_tags__'. It seems that there are no classes that implement `__sklearn_tags__` in the MRO and/or all classes in the MRO call `super().__sklearn_tags__()`. Make sure to inherit from `BaseEstimator` which implements `__sklearn_tags__` (or alternatively define `__sklearn_tags__` but we don't recommend this approach). Note that `BaseEstimator` needs to be on the right side of other Mixins in the inheritance order.

During handling of the above exception, another exception occurred:

Traceback (most recent call last):
  File "/var/folders/pv/hg29j3j512d8wd_qw_8g3msw0000gn/T/ipykernel_6814/1497247354.py", line 23, in get_results_dict
    per_k_results = error_fn(
                    ^^^^^^^^^
  File "/var/folders/pv/hg29j3j512d8wd_qw_8g3msw0000gn/T/ipykernel_6814/336487549.py", line 25, in report_error_bin
    scores = cross_validate(
             ^^^^^^^^^^^^^^^
  File "/Users/daniperry/anaconda3/envs/csed/lib/python3.12/site-packages/sklearn/utils/_param_validation.py", line 218, in wrapper
    return func(*args, **kwargs)
           ^^^^^^^^^^^^^^^^^^^^^
  File "/Users/daniperry/anaconda3/envs/csed/lib/python3.12/site-packages/sklearn/model_selection/_validation.py", line 320, in cross_validate
    cv = check_cv(cv, y, classifier=is_classifier(estimator))
                                    ^^^^^^^^^^^^^^^^^^^^^^^^
  File "/Users/daniperry/anaconda3/envs/csed/lib/python3.12/site-packages/sklearn/base.py", line 1211, in is_classifier
    return get_tags(estimator).estimator_type == "classifier"
           ^^^^^^^^^^^^^^^^^^^
  File "/Users/daniperry/anaconda3/envs/csed/lib/python3.12/site-packages/sklearn/utils/_tags.py", line 283, in get_tags
    raise AttributeError(
AttributeError: The following error was raised: The following error was raised: 'NoneType' object has no attribute '__sklearn_tags__'. It seems that there are no classes that implement `__sklearn_tags__` in the MRO and/or all classes in the MRO call `super().__sklearn_tags__()`. Make sure to inherit from `BaseEstimator` which implements `__sklearn_tags__` (or alternatively define `__sklearn_tags__` but we don't recommend this approach). Note that `BaseEstimator` needs to be on the right side of other Mixins in the inheritance order.. It seems that there are no classes that implement `__sklearn_tags__` in the MRO and/or all classes in the MRO call `super().__sklearn_tags__()`. Make sure to inherit from `BaseEstimator` which implements `__sklearn_tags__` (or alternatively define `__sklearn_tags__` but we don't recommend this approach). Note that `BaseEstimator` needs to be on the right side of other Mixins in the inheritance order.
2026-06-10 08:12:48,239 - ERROR - Error evaluating SelfTrainingClassifier with 18 RQs (X shape=(491, 18), y shape=(491,))
Traceback (most recent call last):
  File "/Users/daniperry/anaconda3/envs/csed/lib/python3.12/site-packages/sklearn/utils/_tags.py", line 275, in get_tags
    tags = estimator.__sklearn_tags__()
           ^^^^^^^^^^^^^^^^^^^^^^^^^^
AttributeError: 'NoneType' object has no attribute '__sklearn_tags__'

During handling of the above exception, another exception occurred:

Traceback (most recent call last):
  File "/Users/daniperry/anaconda3/envs/csed/lib/python3.12/site-packages/sklearn/utils/_tags.py", line 275, in get_tags
    tags = estimator.__sklearn_tags__()
           ^^^^^^^^^^^^^^^^^^^^^^^^^^^^
  File "/Users/daniperry/anaconda3/envs/csed/lib/python3.12/site-packages/sklearn/semi_supervised/_self_training.py", line 579, in __sklearn_tags__
    tags.input_tags.sparse = get_tags(self.estimator).input_tags.sparse
                             ^^^^^^^^^^^^^^^^^^^^^^^^
  File "/Users/daniperry/anaconda3/envs/csed/lib/python3.12/site-packages/sklearn/utils/_tags.py", line 283, in get_tags
    raise AttributeError(
AttributeError: The following error was raised: 'NoneType' object has no attribute '__sklearn_tags__'. It seems that there are no classes that implement `__sklearn_tags__` in the MRO and/or all classes in the MRO call `super().__sklearn_tags__()`. Make sure to inherit from `BaseEstimator` which implements `__sklearn_tags__` (or alternatively define `__sklearn_tags__` but we don't recommend this approach). Note that `BaseEstimator` needs to be on the right side of other Mixins in the inheritance order.

During handling of the above exception, another exception occurred:

Traceback (most recent call last):
  File "/var/folders/pv/hg29j3j512d8wd_qw_8g3msw0000gn/T/ipykernel_6814/1497247354.py", line 23, in get_results_dict
    per_k_results = error_fn(
                    ^^^^^^^^^
  File "/var/folders/pv/hg29j3j512d8wd_qw_8g3msw0000gn/T/ipykernel_6814/336487549.py", line 25, in report_error_bin
    scores = cross_validate(
             ^^^^^^^^^^^^^^^
  File "/Users/daniperry/anaconda3/envs/csed/lib/python3.12/site-packages/sklearn/utils/_param_validation.py", line 218, in wrapper
    return func(*args, **kwargs)
           ^^^^^^^^^^^^^^^^^^^^^
  File "/Users/daniperry/anaconda3/envs/csed/lib/python3.12/site-packages/sklearn/model_selection/_validation.py", line 320, in cross_validate
    cv = check_cv(cv, y, classifier=is_classifier(estimator))
                                    ^^^^^^^^^^^^^^^^^^^^^^^^
  File "/Users/daniperry/anaconda3/envs/csed/lib/python3.12/site-packages/sklearn/base.py", line 1211, in is_classifier
    return get_tags(estimator).estimator_type == "classifier"
           ^^^^^^^^^^^^^^^^^^^
  File "/Users/daniperry/anaconda3/envs/csed/lib/python3.12/site-packages/sklearn/utils/_tags.py", line 283, in get_tags
    raise AttributeError(
AttributeError: The following error was raised: The following error was raised: 'NoneType' object has no attribute '__sklearn_tags__'. It seems that there are no classes that implement `__sklearn_tags__` in the MRO and/or all classes in the MRO call `super().__sklearn_tags__()`. Make sure to inherit from `BaseEstimator` which implements `__sklearn_tags__` (or alternatively define `__sklearn_tags__` but we don't recommend this approach). Note that `BaseEstimator` needs to be on the right side of other Mixins in the inheritance order.. It seems that there are no classes that implement `__sklearn_tags__` in the MRO and/or all classes in the MRO call `super().__sklearn_tags__()`. Make sure to inherit from `BaseEstimator` which implements `__sklearn_tags__` (or alternatively define `__sklearn_tags__` but we don't recommend this approach). Note that `BaseEstimator` needs to be on the right side of other Mixins in the inheritance order.
2026-06-10 08:12:48,243 - ERROR - Error evaluating SelfTrainingClassifier with 19 RQs (X shape=(491, 19), y shape=(491,))
Traceback (most recent call last):
  File "/Users/daniperry/anaconda3/envs/csed/lib/python3.12/site-packages/sklearn/utils/_tags.py", line 275, in get_tags
    tags = estimator.__sklearn_tags__()
           ^^^^^^^^^^^^^^^^^^^^^^^^^^
AttributeError: 'NoneType' object has no attribute '__sklearn_tags__'

During handling of the above exception, another exception occurred:

Traceback (most recent call last):
  File "/Users/daniperry/anaconda3/envs/csed/lib/python3.12/site-packages/sklearn/utils/_tags.py", line 275, in get_tags
    tags = estimator.__sklearn_tags__()
           ^^^^^^^^^^^^^^^^^^^^^^^^^^^^
  File "/Users/daniperry/anaconda3/envs/csed/lib/python3.12/site-packages/sklearn/semi_supervised/_self_training.py", line 579, in __sklearn_tags__
    tags.input_tags.sparse = get_tags(self.estimator).input_tags.sparse
                             ^^^^^^^^^^^^^^^^^^^^^^^^
  File "/Users/daniperry/anaconda3/envs/csed/lib/python3.12/site-packages/sklearn/utils/_tags.py", line 283, in get_tags
    raise AttributeError(
AttributeError: The following error was raised: 'NoneType' object has no attribute '__sklearn_tags__'. It seems that there are no classes that implement `__sklearn_tags__` in the MRO and/or all classes in the MRO call `super().__sklearn_tags__()`. Make sure to inherit from `BaseEstimator` which implements `__sklearn_tags__` (or alternatively define `__sklearn_tags__` but we don't recommend this approach). Note that `BaseEstimator` needs to be on the right side of other Mixins in the inheritance order.

During handling of the above exception, another exception occurred:

Traceback (most recent call last):
  File "/var/folders/pv/hg29j3j512d8wd_qw_8g3msw0000gn/T/ipykernel_6814/1497247354.py", line 23, in get_results_dict
    per_k_results = error_fn(
                    ^^^^^^^^^
  File "/var/folders/pv/hg29j3j512d8wd_qw_8g3msw0000gn/T/ipykernel_6814/336487549.py", line 25, in report_error_bin
    scores = cross_validate(
             ^^^^^^^^^^^^^^^
  File "/Users/daniperry/anaconda3/envs/csed/lib/python3.12/site-packages/sklearn/utils/_param_validation.py", line 218, in wrapper
    return func(*args, **kwargs)
           ^^^^^^^^^^^^^^^^^^^^^
  File "/Users/daniperry/anaconda3/envs/csed/lib/python3.12/site-packages/sklearn/model_selection/_validation.py", line 320, in cross_validate
    cv = check_cv(cv, y, classifier=is_classifier(estimator))
                                    ^^^^^^^^^^^^^^^^^^^^^^^^
  File "/Users/daniperry/anaconda3/envs/csed/lib/python3.12/site-packages/sklearn/base.py", line 1211, in is_classifier
    return get_tags(estimator).estimator_type == "classifier"
           ^^^^^^^^^^^^^^^^^^^
  File "/Users/daniperry/anaconda3/envs/csed/lib/python3.12/site-packages/sklearn/utils/_tags.py", line 283, in get_tags
    raise AttributeError(
AttributeError: The following error was raised: The following error was raised: 'NoneType' object has no attribute '__sklearn_tags__'. It seems that there are no classes that implement `__sklearn_tags__` in the MRO and/or all classes in the MRO call `super().__sklearn_tags__()`. Make sure to inherit from `BaseEstimator` which implements `__sklearn_tags__` (or alternatively define `__sklearn_tags__` but we don't recommend this approach). Note that `BaseEstimator` needs to be on the right side of other Mixins in the inheritance order.. It seems that there are no classes that implement `__sklearn_tags__` in the MRO and/or all classes in the MRO call `super().__sklearn_tags__()`. Make sure to inherit from `BaseEstimator` which implements `__sklearn_tags__` (or alternatively define `__sklearn_tags__` but we don't recommend this approach). Note that `BaseEstimator` needs to be on the right side of other Mixins in the inheritance order.
2026-06-10 08:12:48,247 - ERROR - Error evaluating SelfTrainingClassifier with 20 RQs (X shape=(491, 20), y shape=(491,))
Traceback (most recent call last):
  File "/Users/daniperry/anaconda3/envs/csed/lib/python3.12/site-packages/sklearn/utils/_tags.py", line 275, in get_tags
    tags = estimator.__sklearn_tags__()
           ^^^^^^^^^^^^^^^^^^^^^^^^^^
AttributeError: 'NoneType' object has no attribute '__sklearn_tags__'

During handling of the above exception, another exception occurred:

Traceback (most recent call last):
  File "/Users/daniperry/anaconda3/envs/csed/lib/python3.12/site-packages/sklearn/utils/_tags.py", line 275, in get_tags
    tags = estimator.__sklearn_tags__()
           ^^^^^^^^^^^^^^^^^^^^^^^^^^^^
  File "/Users/daniperry/anaconda3/envs/csed/lib/python3.12/site-packages/sklearn/semi_supervised/_self_training.py", line 579, in __sklearn_tags__
    tags.input_tags.sparse = get_tags(self.estimator).input_tags.sparse
                             ^^^^^^^^^^^^^^^^^^^^^^^^
  File "/Users/daniperry/anaconda3/envs/csed/lib/python3.12/site-packages/sklearn/utils/_tags.py", line 283, in get_tags
    raise AttributeError(
AttributeError: The following error was raised: 'NoneType' object has no attribute '__sklearn_tags__'. It seems that there are no classes that implement `__sklearn_tags__` in the MRO and/or all classes in the MRO call `super().__sklearn_tags__()`. Make sure to inherit from `BaseEstimator` which implements `__sklearn_tags__` (or alternatively define `__sklearn_tags__` but we don't recommend this approach). Note that `BaseEstimator` needs to be on the right side of other Mixins in the inheritance order.

During handling of the above exception, another exception occurred:

Traceback (most recent call last):
  File "/var/folders/pv/hg29j3j512d8wd_qw_8g3msw0000gn/T/ipykernel_6814/1497247354.py", line 23, in get_results_dict
    per_k_results = error_fn(
                    ^^^^^^^^^
  File "/var/folders/pv/hg29j3j512d8wd_qw_8g3msw0000gn/T/ipykernel_6814/336487549.py", line 25, in report_error_bin
    scores = cross_validate(
             ^^^^^^^^^^^^^^^
  File "/Users/daniperry/anaconda3/envs/csed/lib/python3.12/site-packages/sklearn/utils/_param_validation.py", line 218, in wrapper
    return func(*args, **kwargs)
           ^^^^^^^^^^^^^^^^^^^^^
  File "/Users/daniperry/anaconda3/envs/csed/lib/python3.12/site-packages/sklearn/model_selection/_validation.py", line 320, in cross_validate
    cv = check_cv(cv, y, classifier=is_classifier(estimator))
                                    ^^^^^^^^^^^^^^^^^^^^^^^^
  File "/Users/daniperry/anaconda3/envs/csed/lib/python3.12/site-packages/sklearn/base.py", line 1211, in is_classifier
    return get_tags(estimator).estimator_type == "classifier"
           ^^^^^^^^^^^^^^^^^^^
  File "/Users/daniperry/anaconda3/envs/csed/lib/python3.12/site-packages/sklearn/utils/_tags.py", line 283, in get_tags
    raise AttributeError(
AttributeError: The following error was raised: The following error was raised: 'NoneType' object has no attribute '__sklearn_tags__'. It seems that there are no classes that implement `__sklearn_tags__` in the MRO and/or all classes in the MRO call `super().__sklearn_tags__()`. Make sure to inherit from `BaseEstimator` which implements `__sklearn_tags__` (or alternatively define `__sklearn_tags__` but we don't recommend this approach). Note that `BaseEstimator` needs to be on the right side of other Mixins in the inheritance order.. It seems that there are no classes that implement `__sklearn_tags__` in the MRO and/or all classes in the MRO call `super().__sklearn_tags__()`. Make sure to inherit from `BaseEstimator` which implements `__sklearn_tags__` (or alternatively define `__sklearn_tags__` but we don't recommend this approach). Note that `BaseEstimator` needs to be on the right side of other Mixins in the inheritance order.
2026-06-10 08:12:48,250 - ERROR - Error evaluating SelfTrainingClassifier with 21 RQs (X shape=(491, 21), y shape=(491,))
Traceback (most recent call last):
  File "/Users/daniperry/anaconda3/envs/csed/lib/python3.12/site-packages/sklearn/utils/_tags.py", line 275, in get_tags
    tags = estimator.__sklearn_tags__()
           ^^^^^^^^^^^^^^^^^^^^^^^^^^
AttributeError: 'NoneType' object has no attribute '__sklearn_tags__'

During handling of the above exception, another exception occurred:

Traceback (most recent call last):
  File "/Users/daniperry/anaconda3/envs/csed/lib/python3.12/site-packages/sklearn/utils/_tags.py", line 275, in get_tags
    tags = estimator.__sklearn_tags__()
           ^^^^^^^^^^^^^^^^^^^^^^^^^^^^
  File "/Users/daniperry/anaconda3/envs/csed/lib/python3.12/site-packages/sklearn/semi_supervised/_self_training.py", line 579, in __sklearn_tags__
    tags.input_tags.sparse = get_tags(self.estimator).input_tags.sparse
                             ^^^^^^^^^^^^^^^^^^^^^^^^
  File "/Users/daniperry/anaconda3/envs/csed/lib/python3.12/site-packages/sklearn/utils/_tags.py", line 283, in get_tags
    raise AttributeError(
AttributeError: The following error was raised: 'NoneType' object has no attribute '__sklearn_tags__'. It seems that there are no classes that implement `__sklearn_tags__` in the MRO and/or all classes in the MRO call `super().__sklearn_tags__()`. Make sure to inherit from `BaseEstimator` which implements `__sklearn_tags__` (or alternatively define `__sklearn_tags__` but we don't recommend this approach). Note that `BaseEstimator` needs to be on the right side of other Mixins in the inheritance order.

During handling of the above exception, another exception occurred:

Traceback (most recent call last):
  File "/var/folders/pv/hg29j3j512d8wd_qw_8g3msw0000gn/T/ipykernel_6814/1497247354.py", line 23, in get_results_dict
    per_k_results = error_fn(
                    ^^^^^^^^^
  File "/var/folders/pv/hg29j3j512d8wd_qw_8g3msw0000gn/T/ipykernel_6814/336487549.py", line 25, in report_error_bin
    scores = cross_validate(
             ^^^^^^^^^^^^^^^
  File "/Users/daniperry/anaconda3/envs/csed/lib/python3.12/site-packages/sklearn/utils/_param_validation.py", line 218, in wrapper
    return func(*args, **kwargs)
           ^^^^^^^^^^^^^^^^^^^^^
  File "/Users/daniperry/anaconda3/envs/csed/lib/python3.12/site-packages/sklearn/model_selection/_validation.py", line 320, in cross_validate
    cv = check_cv(cv, y, classifier=is_classifier(estimator))
                                    ^^^^^^^^^^^^^^^^^^^^^^^^
  File "/Users/daniperry/anaconda3/envs/csed/lib/python3.12/site-packages/sklearn/base.py", line 1211, in is_classifier
    return get_tags(estimator).estimator_type == "classifier"
           ^^^^^^^^^^^^^^^^^^^
  File "/Users/daniperry/anaconda3/envs/csed/lib/python3.12/site-packages/sklearn/utils/_tags.py", line 283, in get_tags
    raise AttributeError(
AttributeError: The following error was raised: The following error was raised: 'NoneType' object has no attribute '__sklearn_tags__'. It seems that there are no classes that implement `__sklearn_tags__` in the MRO and/or all classes in the MRO call `super().__sklearn_tags__()`. Make sure to inherit from `BaseEstimator` which implements `__sklearn_tags__` (or alternatively define `__sklearn_tags__` but we don't recommend this approach). Note that `BaseEstimator` needs to be on the right side of other Mixins in the inheritance order.. It seems that there are no classes that implement `__sklearn_tags__` in the MRO and/or all classes in the MRO call `super().__sklearn_tags__()`. Make sure to inherit from `BaseEstimator` which implements `__sklearn_tags__` (or alternatively define `__sklearn_tags__` but we don't recommend this approach). Note that `BaseEstimator` needs to be on the right side of other Mixins in the inheritance order.
2026-06-10 08:12:48,254 - ERROR - Error evaluating SelfTrainingClassifier with 22 RQs (X shape=(491, 22), y shape=(491,))
Traceback (most recent call last):
  File "/Users/daniperry/anaconda3/envs/csed/lib/python3.12/site-packages/sklearn/utils/_tags.py", line 275, in get_tags
    tags = estimator.__sklearn_tags__()
           ^^^^^^^^^^^^^^^^^^^^^^^^^^
AttributeError: 'NoneType' object has no attribute '__sklearn_tags__'

During handling of the above exception, another exception occurred:

Traceback (most recent call last):
  File "/Users/daniperry/anaconda3/envs/csed/lib/python3.12/site-packages/sklearn/utils/_tags.py", line 275, in get_tags
    tags = estimator.__sklearn_tags__()
           ^^^^^^^^^^^^^^^^^^^^^^^^^^^^
  File "/Users/daniperry/anaconda3/envs/csed/lib/python3.12/site-packages/sklearn/semi_supervised/_self_training.py", line 579, in __sklearn_tags__
    tags.input_tags.sparse = get_tags(self.estimator).input_tags.sparse
                             ^^^^^^^^^^^^^^^^^^^^^^^^
  File "/Users/daniperry/anaconda3/envs/csed/lib/python3.12/site-packages/sklearn/utils/_tags.py", line 283, in get_tags
    raise AttributeError(
AttributeError: The following error was raised: 'NoneType' object has no attribute '__sklearn_tags__'. It seems that there are no classes that implement `__sklearn_tags__` in the MRO and/or all classes in the MRO call `super().__sklearn_tags__()`. Make sure to inherit from `BaseEstimator` which implements `__sklearn_tags__` (or alternatively define `__sklearn_tags__` but we don't recommend this approach). Note that `BaseEstimator` needs to be on the right side of other Mixins in the inheritance order.

During handling of the above exception, another exception occurred:

Traceback (most recent call last):
  File "/var/folders/pv/hg29j3j512d8wd_qw_8g3msw0000gn/T/ipykernel_6814/1497247354.py", line 23, in get_results_dict
    per_k_results = error_fn(
                    ^^^^^^^^^
  File "/var/folders/pv/hg29j3j512d8wd_qw_8g3msw0000gn/T/ipykernel_6814/336487549.py", line 25, in report_error_bin
    scores = cross_validate(
             ^^^^^^^^^^^^^^^
  File "/Users/daniperry/anaconda3/envs/csed/lib/python3.12/site-packages/sklearn/utils/_param_validation.py", line 218, in wrapper
    return func(*args, **kwargs)
           ^^^^^^^^^^^^^^^^^^^^^
  File "/Users/daniperry/anaconda3/envs/csed/lib/python3.12/site-packages/sklearn/model_selection/_validation.py", line 320, in cross_validate
    cv = check_cv(cv, y, classifier=is_classifier(estimator))
                                    ^^^^^^^^^^^^^^^^^^^^^^^^
  File "/Users/daniperry/anaconda3/envs/csed/lib/python3.12/site-packages/sklearn/base.py", line 1211, in is_classifier
    return get_tags(estimator).estimator_type == "classifier"
           ^^^^^^^^^^^^^^^^^^^
  File "/Users/daniperry/anaconda3/envs/csed/lib/python3.12/site-packages/sklearn/utils/_tags.py", line 283, in get_tags
    raise AttributeError(
AttributeError: The following error was raised: The following error was raised: 'NoneType' object has no attribute '__sklearn_tags__'. It seems that there are no classes that implement `__sklearn_tags__` in the MRO and/or all classes in the MRO call `super().__sklearn_tags__()`. Make sure to inherit from `BaseEstimator` which implements `__sklearn_tags__` (or alternatively define `__sklearn_tags__` but we don't recommend this approach). Note that `BaseEstimator` needs to be on the right side of other Mixins in the inheritance order.. It seems that there are no classes that implement `__sklearn_tags__` in the MRO and/or all classes in the MRO call `super().__sklearn_tags__()`. Make sure to inherit from `BaseEstimator` which implements `__sklearn_tags__` (or alternatively define `__sklearn_tags__` but we don't recommend this approach). Note that `BaseEstimator` needs to be on the right side of other Mixins in the inheritance order.
2026-06-10 08:12:48,257 - ERROR - Error evaluating SelfTrainingClassifier with 23 RQs (X shape=(491, 23), y shape=(491,))
Traceback (most recent call last):
  File "/Users/daniperry/anaconda3/envs/csed/lib/python3.12/site-packages/sklearn/utils/_tags.py", line 275, in get_tags
    tags = estimator.__sklearn_tags__()
           ^^^^^^^^^^^^^^^^^^^^^^^^^^
AttributeError: 'NoneType' object has no attribute '__sklearn_tags__'

During handling of the above exception, another exception occurred:

Traceback (most recent call last):
  File "/Users/daniperry/anaconda3/envs/csed/lib/python3.12/site-packages/sklearn/utils/_tags.py", line 275, in get_tags
    tags = estimator.__sklearn_tags__()
           ^^^^^^^^^^^^^^^^^^^^^^^^^^^^
  File "/Users/daniperry/anaconda3/envs/csed/lib/python3.12/site-packages/sklearn/semi_supervised/_self_training.py", line 579, in __sklearn_tags__
    tags.input_tags.sparse = get_tags(self.estimator).input_tags.sparse
                             ^^^^^^^^^^^^^^^^^^^^^^^^
  File "/Users/daniperry/anaconda3/envs/csed/lib/python3.12/site-packages/sklearn/utils/_tags.py", line 283, in get_tags
    raise AttributeError(
AttributeError: The following error was raised: 'NoneType' object has no attribute '__sklearn_tags__'. It seems that there are no classes that implement `__sklearn_tags__` in the MRO and/or all classes in the MRO call `super().__sklearn_tags__()`. Make sure to inherit from `BaseEstimator` which implements `__sklearn_tags__` (or alternatively define `__sklearn_tags__` but we don't recommend this approach). Note that `BaseEstimator` needs to be on the right side of other Mixins in the inheritance order.

During handling of the above exception, another exception occurred:

Traceback (most recent call last):
  File "/var/folders/pv/hg29j3j512d8wd_qw_8g3msw0000gn/T/ipykernel_6814/1497247354.py", line 23, in get_results_dict
    per_k_results = error_fn(
                    ^^^^^^^^^
  File "/var/folders/pv/hg29j3j512d8wd_qw_8g3msw0000gn/T/ipykernel_6814/336487549.py", line 25, in report_error_bin
    scores = cross_validate(
             ^^^^^^^^^^^^^^^
  File "/Users/daniperry/anaconda3/envs/csed/lib/python3.12/site-packages/sklearn/utils/_param_validation.py", line 218, in wrapper
    return func(*args, **kwargs)
           ^^^^^^^^^^^^^^^^^^^^^
  File "/Users/daniperry/anaconda3/envs/csed/lib/python3.12/site-packages/sklearn/model_selection/_validation.py", line 320, in cross_validate
    cv = check_cv(cv, y, classifier=is_classifier(estimator))
                                    ^^^^^^^^^^^^^^^^^^^^^^^^
  File "/Users/daniperry/anaconda3/envs/csed/lib/python3.12/site-packages/sklearn/base.py", line 1211, in is_classifier
    return get_tags(estimator).estimator_type == "classifier"
           ^^^^^^^^^^^^^^^^^^^
  File "/Users/daniperry/anaconda3/envs/csed/lib/python3.12/site-packages/sklearn/utils/_tags.py", line 283, in get_tags
    raise AttributeError(
AttributeError: The following error was raised: The following error was raised: 'NoneType' object has no attribute '__sklearn_tags__'. It seems that there are no classes that implement `__sklearn_tags__` in the MRO and/or all classes in the MRO call `super().__sklearn_tags__()`. Make sure to inherit from `BaseEstimator` which implements `__sklearn_tags__` (or alternatively define `__sklearn_tags__` but we don't recommend this approach). Note that `BaseEstimator` needs to be on the right side of other Mixins in the inheritance order.. It seems that there are no classes that implement `__sklearn_tags__` in the MRO and/or all classes in the MRO call `super().__sklearn_tags__()`. Make sure to inherit from `BaseEstimator` which implements `__sklearn_tags__` (or alternatively define `__sklearn_tags__` but we don't recommend this approach). Note that `BaseEstimator` needs to be on the right side of other Mixins in the inheritance order.
2026-06-10 08:12:48,261 - ERROR - Error evaluating SelfTrainingClassifier with 24 RQs (X shape=(491, 24), y shape=(491,))
Traceback (most recent call last):
  File "/Users/daniperry/anaconda3/envs/csed/lib/python3.12/site-packages/sklearn/utils/_tags.py", line 275, in get_tags
    tags = estimator.__sklearn_tags__()
           ^^^^^^^^^^^^^^^^^^^^^^^^^^
AttributeError: 'NoneType' object has no attribute '__sklearn_tags__'

During handling of the above exception, another exception occurred:

Traceback (most recent call last):
  File "/Users/daniperry/anaconda3/envs/csed/lib/python3.12/site-packages/sklearn/utils/_tags.py", line 275, in get_tags
    tags = estimator.__sklearn_tags__()
           ^^^^^^^^^^^^^^^^^^^^^^^^^^^^
  File "/Users/daniperry/anaconda3/envs/csed/lib/python3.12/site-packages/sklearn/semi_supervised/_self_training.py", line 579, in __sklearn_tags__
    tags.input_tags.sparse = get_tags(self.estimator).input_tags.sparse
                             ^^^^^^^^^^^^^^^^^^^^^^^^
  File "/Users/daniperry/anaconda3/envs/csed/lib/python3.12/site-packages/sklearn/utils/_tags.py", line 283, in get_tags
    raise AttributeError(
AttributeError: The following error was raised: 'NoneType' object has no attribute '__sklearn_tags__'. It seems that there are no classes that implement `__sklearn_tags__` in the MRO and/or all classes in the MRO call `super().__sklearn_tags__()`. Make sure to inherit from `BaseEstimator` which implements `__sklearn_tags__` (or alternatively define `__sklearn_tags__` but we don't recommend this approach). Note that `BaseEstimator` needs to be on the right side of other Mixins in the inheritance order.

During handling of the above exception, another exception occurred:

Traceback (most recent call last):
  File "/var/folders/pv/hg29j3j512d8wd_qw_8g3msw0000gn/T/ipykernel_6814/1497247354.py", line 23, in get_results_dict
    per_k_results = error_fn(
                    ^^^^^^^^^
  File "/var/folders/pv/hg29j3j512d8wd_qw_8g3msw0000gn/T/ipykernel_6814/336487549.py", line 25, in report_error_bin
    scores = cross_validate(
             ^^^^^^^^^^^^^^^
  File "/Users/daniperry/anaconda3/envs/csed/lib/python3.12/site-packages/sklearn/utils/_param_validation.py", line 218, in wrapper
    return func(*args, **kwargs)
           ^^^^^^^^^^^^^^^^^^^^^
  File "/Users/daniperry/anaconda3/envs/csed/lib/python3.12/site-packages/sklearn/model_selection/_validation.py", line 320, in cross_validate
    cv = check_cv(cv, y, classifier=is_classifier(estimator))
                                    ^^^^^^^^^^^^^^^^^^^^^^^^
  File "/Users/daniperry/anaconda3/envs/csed/lib/python3.12/site-packages/sklearn/base.py", line 1211, in is_classifier
    return get_tags(estimator).estimator_type == "classifier"
           ^^^^^^^^^^^^^^^^^^^
  File "/Users/daniperry/anaconda3/envs/csed/lib/python3.12/site-packages/sklearn/utils/_tags.py", line 283, in get_tags
    raise AttributeError(
AttributeError: The following error was raised: The following error was raised: 'NoneType' object has no attribute '__sklearn_tags__'. It seems that there are no classes that implement `__sklearn_tags__` in the MRO and/or all classes in the MRO call `super().__sklearn_tags__()`. Make sure to inherit from `BaseEstimator` which implements `__sklearn_tags__` (or alternatively define `__sklearn_tags__` but we don't recommend this approach). Note that `BaseEstimator` needs to be on the right side of other Mixins in the inheritance order.. It seems that there are no classes that implement `__sklearn_tags__` in the MRO and/or all classes in the MRO call `super().__sklearn_tags__()`. Make sure to inherit from `BaseEstimator` which implements `__sklearn_tags__` (or alternatively define `__sklearn_tags__` but we don't recommend this approach). Note that `BaseEstimator` needs to be on the right side of other Mixins in the inheritance order.
2026-06-10 08:12:48,264 - ERROR - Error evaluating SelfTrainingClassifier with 25 RQs (X shape=(491, 25), y shape=(491,))
Traceback (most recent call last):
  File "/Users/daniperry/anaconda3/envs/csed/lib/python3.12/site-packages/sklearn/utils/_tags.py", line 275, in get_tags
    tags = estimator.__sklearn_tags__()
           ^^^^^^^^^^^^^^^^^^^^^^^^^^
AttributeError: 'NoneType' object has no attribute '__sklearn_tags__'

During handling of the above exception, another exception occurred:

Traceback (most recent call last):
  File "/Users/daniperry/anaconda3/envs/csed/lib/python3.12/site-packages/sklearn/utils/_tags.py", line 275, in get_tags
    tags = estimator.__sklearn_tags__()
           ^^^^^^^^^^^^^^^^^^^^^^^^^^^^
  File "/Users/daniperry/anaconda3/envs/csed/lib/python3.12/site-packages/sklearn/semi_supervised/_self_training.py", line 579, in __sklearn_tags__
    tags.input_tags.sparse = get_tags(self.estimator).input_tags.sparse
                             ^^^^^^^^^^^^^^^^^^^^^^^^
  File "/Users/daniperry/anaconda3/envs/csed/lib/python3.12/site-packages/sklearn/utils/_tags.py", line 283, in get_tags
    raise AttributeError(
AttributeError: The following error was raised: 'NoneType' object has no attribute '__sklearn_tags__'. It seems that there are no classes that implement `__sklearn_tags__` in the MRO and/or all classes in the MRO call `super().__sklearn_tags__()`. Make sure to inherit from `BaseEstimator` which implements `__sklearn_tags__` (or alternatively define `__sklearn_tags__` but we don't recommend this approach). Note that `BaseEstimator` needs to be on the right side of other Mixins in the inheritance order.

During handling of the above exception, another exception occurred:

Traceback (most recent call last):
  File "/var/folders/pv/hg29j3j512d8wd_qw_8g3msw0000gn/T/ipykernel_6814/1497247354.py", line 23, in get_results_dict
    per_k_results = error_fn(
                    ^^^^^^^^^
  File "/var/folders/pv/hg29j3j512d8wd_qw_8g3msw0000gn/T/ipykernel_6814/336487549.py", line 25, in report_error_bin
    scores = cross_validate(
             ^^^^^^^^^^^^^^^
  File "/Users/daniperry/anaconda3/envs/csed/lib/python3.12/site-packages/sklearn/utils/_param_validation.py", line 218, in wrapper
    return func(*args, **kwargs)
           ^^^^^^^^^^^^^^^^^^^^^
  File "/Users/daniperry/anaconda3/envs/csed/lib/python3.12/site-packages/sklearn/model_selection/_validation.py", line 320, in cross_validate
    cv = check_cv(cv, y, classifier=is_classifier(estimator))
                                    ^^^^^^^^^^^^^^^^^^^^^^^^
  File "/Users/daniperry/anaconda3/envs/csed/lib/python3.12/site-packages/sklearn/base.py", line 1211, in is_classifier
    return get_tags(estimator).estimator_type == "classifier"
           ^^^^^^^^^^^^^^^^^^^
  File "/Users/daniperry/anaconda3/envs/csed/lib/python3.12/site-packages/sklearn/utils/_tags.py", line 283, in get_tags
    raise AttributeError(
AttributeError: The following error was raised: The following error was raised: 'NoneType' object has no attribute '__sklearn_tags__'. It seems that there are no classes that implement `__sklearn_tags__` in the MRO and/or all classes in the MRO call `super().__sklearn_tags__()`. Make sure to inherit from `BaseEstimator` which implements `__sklearn_tags__` (or alternatively define `__sklearn_tags__` but we don't recommend this approach). Note that `BaseEstimator` needs to be on the right side of other Mixins in the inheritance order.. It seems that there are no classes that implement `__sklearn_tags__` in the MRO and/or all classes in the MRO call `super().__sklearn_tags__()`. Make sure to inherit from `BaseEstimator` which implements `__sklearn_tags__` (or alternatively define `__sklearn_tags__` but we don't recommend this approach). Note that `BaseEstimator` needs to be on the right side of other Mixins in the inheritance order.
2026-06-10 08:12:48,266 - INFO - Finished evaluating all models
